Assigned_CBSA,Assigned_CBSATitle,age_recode, sample_tot ,dy_total,var_tot,se_tot,cv_tot,se2_tot,moe_tot,sample_fb,dy_fb,var_fb,se_fb,cv_fb,se2_fb,moe_fb,sample_nb,dy_nb,var_nb,se_nb,cv_nb,se2_nb,moe_nb,S_FB,S_NB,MOE_Sfb,MOE_Snb
0,_US total,16-19," 19,771 ",784008.30555,62389273.41800,7898.68808,0.01007,62389273.41800,12993.34190,1920.00000,87417.68647,5035483.06110,2243.98820,0.02567,5035483.06110,3691.36060,17851.00000,696590.61909,56002848.77800,7483.50511,0.01074,56002848.77800,12310.36591,0.11150,0.88850,0.00433,0.00545
0,_US total,20-24," 50,398 ",2243041.19990,143872271.20000,11994.67679,0.00535,143872271.20000,19731.24331,5606.00000,278249.66101,19176645.37300,4379.11468,0.01574,19176645.37300,7203.64365,44792.00000,1964791.53890,114157276.55000,10684.44086,0.00544,114157276.55000,17575.90522,0.12405,0.87595,0.00302,0.00142
10420,"Akron, OH",16-19, 29 ,1546.68329,126928.50726,356.27027,0.23034,126928.50726,586.06460,,,,,,,,28.00000,1377.34996,106221.81384,325.91688,0.23663,106221.81384,536.13327,,0.89052,,0.07934
10420,"Akron, OH",20-24, 85 ,4025.36815,203697.12891,451.32818,0.11212,203697.12891,742.43486,8.00000,342.06054,19286.70913,138.87660,0.40600,19286.70913,228.45200,77.00000,3683.30762,211187.58283,459.55150,0.12477,211187.58283,755.96222,0.08498,0.91502,0.05455,0.08238
10580,"Albany-Schenectady-Troy, NY",16-19, 34 ,1996.64544,128234.39557,358.09830,0.17935,128234.39557,589.07171,7.00000,496.54476,33913.59611,184.15644,0.37088,33913.59611,302.93735,27.00000,1500.10068,106526.22611,326.38356,0.21757,106526.22611,536.90095,0.24869,0.75131,0.13280,0.15223
10580,"Albany-Schenectady-Troy, NY",20-24, 68 ,3470.32844,274771.20994,524.18624,0.15105,274771.20994,862.28636,6.00000,614.66473,81061.17703,284.71245,0.46320,81061.17703,468.35197,62.00000,2855.66371,191350.60769,437.43640,0.15318,191350.60769,719.58288,0.17712,0.82288,0.12758,0.03449
10740,"Albuquerque, NM",16-19, 71 ,2784.99747,176279.47368,419.85649,0.15076,176279.47368,690.66393,5.00000,301.60928,19168.53497,138.45048,0.45904,19168.53497,227.75104,66.00000,2483.38819,160807.45044,401.00804,0.16148,160807.45044,659.65823,0.10830,0.89170,0.07724,0.08486
10740,"Albuquerque, NM",20-24, 163 ,7696.57729,466656.11176,683.12233,0.08876,466656.11176,1123.73623,17.00000,852.05960,46353.45899,215.29853,0.25268,46353.45899,354.16609,146.00000,6844.51769,458486.48495,677.11630,0.09893,458486.48495,1113.85632,0.11071,0.88929,0.04308,0.06392
10900,"Allentown-Bethlehem-Easton, PA-NJ",16-19, 32 ,1860.14131,194733.85908,441.28660,0.23723,194733.85908,725.91645,,,,,,,,31.00000,1772.93047,181376.18405,425.88283,0.24021,181376.18405,700.57725,,0.95312,,0.05915
10900,"Allentown-Bethlehem-Easton, PA-NJ",20-24, 81 ,4241.87302,377261.67264,614.21631,0.14480,377261.67264,1010.38583,,,,,,,,77.00000,4085.01506,361575.96382,601.31187,0.14720,361575.96382,989.15802,,0.96302,,0.04195
12060,"Atlanta-Sandy Springs-Roswell, GA",16-19, 310 ,14194.81523,753296.39954,867.92649,0.06114,753296.39954,1427.73908,29.00000,1278.46707,62534.90324,250.06980,0.19560,62534.90324,411.36482,281.00000,12916.34817,649230.65841,805.74851,0.06238,649230.65841,1325.45630,0.09007,0.90993,0.02753,0.01851
12060,"Atlanta-Sandy Springs-Roswell, GA",20-24, 721 ,38685.38067,2448994.69360,1564.92642,0.04045,2448994.69360,2574.30396,94.00000,5464.40562,427781.17489,654.04983,0.11969,427781.17489,1075.91196,627.00000,33220.97505,1946830.46350,1395.28867,0.04200,1946830.46350,2295.24986,0.14125,0.85875,0.02618,0.01596
12260,"Augusta-Richmond County, GA-SC",16-19, 46 ,2145.55062,114519.39543,338.40714,0.15773,114519.39543,556.67975,,,,,,,,46.00000,2145.55062,114519.39543,338.40714,0.15773,114519.39543,556.67975,,1.00000,,0.00000
12260,"Augusta-Richmond County, GA-SC",20-24, 97 ,4473.16171,315403.32531,561.60780,0.12555,315403.32531,923.84484,,,,,,,,95.00000,4411.04598,298674.26034,546.51099,0.12390,298674.26034,899.01058,,0.98611,,0.28613
12420,"Austin-Round Rock, TX",16-19, 84 ,3908.88232,242842.84241,492.79087,0.12607,242842.84241,810.64098,17.00000,830.88909,36082.60675,189.95422,0.22862,36082.60675,312.47470,67.00000,3077.99323,193208.38659,439.55476,0.14281,193208.38659,723.06758,0.21256,0.78744,0.06669,0.08689
12420,"Austin-Round Rock, TX",20-24, 201 ,9206.14193,601975.59684,775.87086,0.08428,601975.59684,1276.30757,47.00000,2347.87428,244839.36772,494.81246,0.21075,244839.36772,813.96649,154.00000,6858.26764,437049.39970,661.09712,0.09639,437049.39970,1087.50476,0.25503,0.74497,0.08104,0.05734
12540,"Bakersfield, CA",16-19, 83 ,3823.75159,239405.62608,489.29094,0.12796,239405.62608,804.88360,13.00000,515.29357,29148.04145,170.72798,0.33132,29148.04145,280.84752,70.00000,3308.45802,238096.12278,487.95094,0.14749,238096.12278,802.67930,0.13476,0.86524,0.06775,0.10438
12540,"Bakersfield, CA",20-24, 242 ,11727.74824,462813.06340,680.30366,0.05801,462813.06340,1119.09951,38.00000,1523.96810,97774.70432,312.68947,0.20518,97774.70432,514.37418,204.00000,10203.78014,538038.44758,733.51104,0.07189,538038.44758,1206.62566,0.12995,0.87005,0.04207,0.06077
12580,"Baltimore-Columbia-Towson, MD",16-19, 114 ,5319.98931,406294.00521,637.41196,0.11981,406294.00521,1048.54267,11.00000,764.21755,72896.74865,269.99398,0.35329,72896.74865,444.14010,103.00000,4555.77176,336275.40623,579.89258,0.12729,336275.40623,953.92330,0.14365,0.85635,0.07854,0.06053
12580,"Baltimore-Columbia-Towson, MD",20-24, 300 ,13639.66923,875976.34114,935.93608,0.06862,875976.34114,1539.61485,14.00000,893.76151,72714.21677,269.65574,0.30171,72714.21677,443.58369,286.00000,12745.90772,886060.08108,941.30764,0.07385,886060.08108,1548.45107,0.06553,0.93447,0.03167,0.04197
12940,"Baton Rouge, LA",16-19, 46 ,2355.26251,239188.01418,489.06852,0.20765,239188.01418,804.51771,,,,,,,,45.00000,2313.92917,235773.46680,485.56510,0.20984,235773.46680,798.75459,,0.98245,,0.04893
12940,"Baton Rouge, LA",20-24, 120 ,7921.59152,633532.50358,795.94755,0.10048,633532.50358,1309.33372,,,,,,,,119.00000,7881.18907,641186.82026,800.74142,0.10160,641186.82026,1317.21963,,0.99490,,0.02466
13820,"Birmingham-Hoover, AL",16-19, 70 ,3566.56421,249330.20286,499.32975,0.14000,249330.20286,821.39744,,,,,,,,69.00000,3521.89755,246749.85469,496.73922,0.14104,246749.85469,817.13602,,0.98748,,0.02777
13820,"Birmingham-Hoover, AL",20-24, 193 ,9534.61881,611104.54156,781.73176,0.08199,611104.54156,1285.94874,8.00000,586.43682,45541.71466,213.40505,0.36390,45541.71466,351.05130,185.00000,8948.18199,559825.58242,748.21493,0.08362,559825.58242,1230.81356,0.06151,0.93849,0.03587,0.02535
14260,"Boise City, ID",16-19, 30 ,2000.93808,214498.50368,463.13983,0.23146,214498.50368,761.86502,,,,,,,,28.00000,1905.27142,209164.97022,457.34557,0.24004,209164.97022,752.33346,,0.95219,,0.09963
14260,"Boise City, ID",20-24, 73 ,4075.91217,388921.53462,623.63574,0.15301,388921.53462,1025.88079,11.00000,840.60543,79565.25156,282.07313,0.33556,79565.25156,464.01030,62.00000,3235.30674,285746.84528,534.55294,0.16522,285746.84528,879.33959,0.20624,0.79376,0.10132,0.08142
14460,"Boston-Cambridge-Newton, MA-NH",16-19, 115 ,4121.76943,238707.38897,488.57690,0.11854,238707.38897,803.70900,24.00000,1014.54783,55128.18623,234.79392,0.23143,55128.18623,386.23600,91.00000,3107.22160,166854.65935,408.47847,0.13146,166854.65935,671.94708,0.24614,0.75386,0.08048,0.07049
14460,"Boston-Cambridge-Newton, MA-NH",20-24, 319 ,13561.08195,1108629.41690,1052.91472,0.07764,1108629.41690,1732.04472,74.00000,3495.44081,246105.54507,496.09026,0.14192,246105.54507,816.06848,245.00000,10065.64114,797231.75169,892.87835,0.08871,797231.75169,1468.78489,0.25776,0.74224,0.05037,0.05238
14860,"Bridgeport-Stamford-Norwalk, CT",16-19, 31 ,1609.18625,127925.89475,357.66730,0.22227,127925.89475,588.36270,7.00000,246.39463,12208.90283,110.49390,0.44844,12208.90283,181.76247,24.00000,1362.79162,107059.82413,327.19998,0.24010,107059.82413,538.24396,0.15312,0.84688,0.09810,0.12649
14860,"Bridgeport-Stamford-Norwalk, CT",20-24, 63 ,2606.03011,115540.11936,339.91193,0.13043,115540.11936,559.15512,12.00000,420.60924,16353.40755,127.88044,0.30404,16353.40755,210.36333,51.00000,2185.42087,101812.92091,319.08137,0.14600,101812.92091,524.88885,0.16140,0.83860,0.07292,0.09051
15380,"Buffalo-Cheektowaga-Niagara Falls, NY",16-19, 70 ,2610.03397,138851.38824,372.62768,0.14277,138851.38824,612.97253,6.00000,290.33549,20348.97724,142.64984,0.49133,20348.97724,234.65899,64.00000,2319.69849,114061.47364,337.72988,0.14559,114061.47364,555.56566,0.11124,0.88876,0.08603,0.04173
15380,"Buffalo-Cheektowaga-Niagara Falls, NY",20-24, 143 ,6085.04172,336458.40638,580.05035,0.09532,336458.40638,954.18282,8.00000,378.52607,23441.79019,153.10712,0.40448,23441.79019,251.86121,135.00000,5706.51565,346956.56953,589.03019,0.10322,346956.56953,968.95467,0.06221,0.93779,0.04022,0.06108
15980,"Cape Coral-Fort Myers, FL",16-19, 34 ,1502.26518,108650.30101,329.62145,0.21942,108650.30101,542.22729,6.00000,207.51637,10002.79693,100.01398,0.48196,10002.79693,164.52300,28.00000,1294.74881,93168.51441,305.23518,0.23575,93168.51441,502.11187,0.13814,0.86186,0.09751,0.12224
15980,"Cape Coral-Fort Myers, FL",20-24, 97 ,4077.16697,209767.85364,458.00421,0.11233,209767.85364,753.41692,16.00000,692.31824,29954.46166,173.07357,0.24999,29954.46166,284.70603,81.00000,3384.84873,191766.60442,437.91164,0.12937,191766.60442,720.36465,0.16980,0.83020,0.06238,0.08765
16700,"Charleston-North Charleston, SC",16-19, 28 ,1281.63202,87398.04960,295.63161,0.23067,87398.04960,486.31400,,,,,,,,28.00000,1281.63202,87398.04960,295.63161,0.23067,87398.04960,486.31400,,1.00000,,0.00000
16700,"Charleston-North Charleston, SC",20-24, 129 ,5560.60643,421825.15744,649.48068,0.11680,421825.15744,1068.39572,7.00000,355.82411,18831.09374,137.22643,0.38566,18831.09374,225.73748,122.00000,5204.78232,442936.46743,665.53472,0.12787,442936.46743,1094.80462,0.06399,0.93601,0.03869,0.08013
16740,"Charlotte-Concord-Gastonia, NC-SC",16-19, 136 ,4482.82129,211512.37349,459.90474,0.10259,211512.37349,756.54330,9.00000,284.77678,16848.24840,129.80080,0.45580,16848.24840,213.52232,127.00000,4198.04450,188325.59736,433.96497,0.10337,188325.59736,713.87238,0.06353,0.93647,0.04641,0.01953
16740,"Charlotte-Concord-Gastonia, NC-SC",20-24, 402 ,17903.85732,1224769.59620,1106.69309,0.06181,1224769.59620,1820.51013,42.00000,1953.85049,116667.92757,341.56687,0.17482,116667.92757,561.87750,360.00000,15950.00683,1014105.41410,1007.02801,0.06314,1014105.41410,1656.56108,0.10913,0.89087,0.02936,0.01884
16860,"Chattanooga, TN-GA",16-19, 55 ,1820.24681,67018.18224,258.87870,0.14222,67018.18224,425.85546,,,,,,,,52.00000,1668.51600,57976.66456,240.78344,0.14431,57976.66456,396.08876,,0.91664,,0.03688
16860,"Chattanooga, TN-GA",20-24, 98 ,4020.15248,241769.66886,491.70079,0.12231,241769.66886,808.84780,5.00000,327.80475,18585.79419,136.32973,0.41589,18585.79419,224.26240,93.00000,3692.34773,218470.14342,467.40790,0.12659,218470.14342,768.88599,0.08154,0.91846,0.05332,0.04931
16980,"Chicago-Naperville-Elgin, IL-IN-WI",16-19, 461 ,21938.55627,1891921.36040,1375.47132,0.06270,1891921.36040,2262.65033,51.00000,2558.76908,205839.94408,453.69587,0.17731,205839.94408,746.32971,410.00000,19379.78720,1539851.97450,1240.90772,0.06403,1539851.97450,2041.29320,0.11663,0.88337,0.03182,0.01890
16980,"Chicago-Naperville-Elgin, IL-IN-WI",20-24," 1,173 ",60496.31424,3521246.20900,1876.49839,0.03102,3521246.20900,3086.83985,149.00000,8369.33121,625401.65418,790.82340,0.09449,625401.65418,1300.90450,1024.00000,52126.98303,2973143.57570,1724.28060,0.03308,2973143.57570,2836.44158,0.13834,0.86166,0.02031,0.01629
17140,"Cincinnati, OH-KY-IN",16-19, 114 ,4591.43771,269319.28909,518.95981,0.11303,269319.28909,853.68889,,,,,,,,110.00000,4461.52106,248696.84017,498.69514,0.11178,248696.84017,820.35350,,0.97170,,0.25410
17140,"Cincinnati, OH-KY-IN",20-24, 267 ,11522.52286,587893.98419,766.74245,0.06654,587893.98419,1261.29133,9.00000,898.65366,79987.96032,282.82143,0.31472,79987.96032,465.24125,258.00000,10623.86920,500862.67133,707.71652,0.06662,500862.67133,1164.19367,0.07799,0.92201,0.03946,0.00472
17460,"Cleveland-Elyria, OH",16-19, 137 ,5724.73859,218614.03754,467.56180,0.08167,218614.03754,769.13916,5.00000,270.43058,24863.09490,157.68036,0.58307,24863.09490,259.38419,132.00000,5454.30801,212264.60602,460.72183,0.08447,212264.60602,757.88741,0.04724,0.95276,0.04486,0.03378
17460,"Cleveland-Elyria, OH",20-24, 310 ,13717.96803,732979.33153,856.14212,0.06241,732979.33153,1408.35379,14.00000,534.54337,33739.31933,183.68266,0.34363,33739.31933,302.15797,296.00000,13183.42465,717017.72665,846.76899,0.06423,717017.72665,1392.93499,0.03897,0.96103,0.02166,0.02400
17820,"Colorado Springs, CO",16-19, 35 ,1424.59156,46922.25611,216.61546,0.15205,46922.25611,356.33243,,,,,,,,34.00000,1396.67879,47401.27129,217.71833,0.15588,47401.27129,358.14665,,0.98041,,0.05538
17820,"Colorado Springs, CO",20-24, 82 ,4444.72927,396373.97660,629.58238,0.14165,396373.97660,1035.66302,,,,,,,,80.00000,4281.29092,396543.10438,629.71669,0.14709,396543.10438,1035.88395,,0.96323,,0.06279
17900,"Columbia, SC",16-19, 48 ,2460.10007,219335.14206,468.33230,0.19037,219335.14206,770.40663,,,,,,,,47.00000,2440.17069,219750.76317,468.77581,0.19211,219750.76317,771.13621,,0.99190,,0.04205
17900,"Columbia, SC",20-24, 125 ,5544.60761,579135.69652,761.00966,0.13725,579135.69652,1251.86088,10.00000,503.35388,56507.25985,237.71256,0.47226,56507.25985,391.03716,115.00000,5041.25373,517117.36716,719.10873,0.14264,517117.36716,1182.93386,0.09078,0.90922,0.06748,0.05811
18140,"Columbus, OH",16-19, 94 ,3067.81783,152986.33600,391.13468,0.12750,152986.33600,643.41654,6.00000,224.32416,11310.73335,106.35193,0.47410,11310.73335,174.94893,88.00000,2843.49366,144509.45710,380.14400,0.13369,144509.45710,625.33687,0.07312,0.92688,0.05493,0.06132
18140,"Columbus, OH",20-24, 249 ,11534.25972,884613.00513,940.53868,0.08154,884613.00513,1547.18613,14.00000,780.64091,52923.64467,230.05140,0.29470,52923.64467,378.43455,235.00000,10753.61881,908027.92353,952.90499,0.08861,908027.92353,1567.52871,0.06768,0.93232,0.03153,0.05319
19100,"Dallas-Fort Worth-Arlington, TX",16-19, 402 ,17277.98820,865974.22412,930.57736,0.05386,865974.22412,1530.79976,72.00000,3627.68648,201064.23961,448.40187,0.12361,201064.23961,737.62108,330.00000,13650.30172,700960.05390,837.23357,0.06133,700960.05390,1377.24923,0.20996,0.79004,0.03843,0.03814
19100,"Dallas-Fort Worth-Arlington, TX",20-24, 938 ,44367.56817,3510624.35390,1873.66602,0.04223,3510624.35390,3082.18060,197.00000,9765.24306,728680.43927,853.62781,0.08741,728680.43927,1404.21775,741.00000,34602.32511,2918535.38000,1708.37214,0.04937,2918535.38000,2810.27218,0.22010,0.77990,0.02771,0.03281
19380,"Dayton, OH",16-19, 39 ,1438.14860,63851.73289,252.68900,0.17570,63851.73289,415.67341,,,,,,,,39.00000,1438.14860,63851.73289,252.68900,0.17570,63851.73289,415.67341,,1.00000,,0.00000
19380,"Dayton, OH",20-24, 103 ,4905.63307,268128.40083,517.81116,0.10555,268128.40083,851.79936,,,,,,,,100.00000,4831.03012,265662.46518,515.42455,0.10669,265662.46518,847.87338,,0.98479,,0.02515
19660,"Deltona-Daytona Beach-Ormond Beach, FL",16-19, 40 ,1482.54480,76239.86133,276.11567,0.18624,76239.86133,454.21027,,,,,,,,38.00000,1316.95484,80067.75268,282.96246,0.21486,80067.75268,465.47324,,0.88831,,0.15656
19660,"Deltona-Daytona Beach-Ormond Beach, FL",20-24, 96 ,4407.62314,244418.38775,494.38688,0.11217,244418.38775,813.26642,,,,,,,,93.00000,4103.83424,237281.63458,487.11563,0.11870,237281.63458,801.30521,,0.93108,,0.05947
19740,"Denver-Aurora-Lakewood, CO",16-19, 111 ,4875.68897,429753.94515,655.55621,0.13445,429753.94515,1078.38997,19.00000,923.70900,75535.99848,274.83813,0.29754,75535.99848,452.10873,92.00000,3951.97997,264351.99076,514.15172,0.13010,264351.99076,845.77958,0.18945,0.81055,0.08272,0.24946
19740,"Denver-Aurora-Lakewood, CO",20-24, 257 ,11748.71397,780522.74195,883.47198,0.07520,780522.74195,1453.31141,56.00000,2859.69290,155529.79378,394.37266,0.13791,155529.79378,648.74302,201.00000,8889.02107,732508.64397,855.86719,0.09628,732508.64397,1407.90152,0.24340,0.75660,0.04629,0.07484
19780,"Des Moines-West Des Moines, IA",16-19, 19 ,1132.86032,85336.67309,292.12441,0.25786,85336.67309,480.54466,,,,,,,,18.00000,972.52699,68500.28907,261.72560,0.26912,68500.28907,430.53861,,0.85847,,0.10876
19780,"Des Moines-West Des Moines, IA",20-24, 33 ,2190.46235,220325.73938,469.38869,0.21429,220325.73938,772.14439,7.00000,451.22506,42476.97728,206.09944,0.45676,42476.97728,339.03357,26.00000,1739.23728,218826.29241,467.78873,0.26896,218826.29241,769.51245,0.20600,0.79400,0.13669,0.21231
19820,"Detroit-Warren-Dearborn, MI",16-19, 244 ,12115.25889,822300.77540,906.80801,0.07485,822300.77540,1491.69918,16.00000,1231.09160,99342.37114,315.18625,0.25602,99342.37114,518.48138,228.00000,10884.16729,654485.88462,809.00302,0.07433,654485.88462,1330.80997,0.10161,0.89839,0.04093,0.15589
19820,"Detroit-Warren-Dearborn, MI",20-24, 621 ,36461.51850,2192660.23110,1480.76339,0.04061,2192660.23110,2435.85578,53.00000,3048.39267,311199.43935,557.85252,0.18300,311199.43935,917.66740,568.00000,33413.12584,2187688.39720,1479.08363,0.04427,2187688.39720,2433.09258,0.08361,0.91639,0.02454,0.02655
21340,"El Paso, TX",16-19, 85 ,3613.40439,251580.69949,501.57821,0.13881,251580.69949,825.09615,17.00000,728.41013,50661.10549,225.08022,0.30900,50661.10549,370.25696,68.00000,2884.99426,165459.89121,406.76761,0.14099,165459.89121,669.13272,0.20159,0.79841,0.09155,0.03247
21340,"El Paso, TX",20-24, 207 ,9652.80158,755166.02673,869.00289,0.09003,755166.02673,1429.50976,34.00000,1519.99306,115967.59853,340.54016,0.22404,115967.59853,560.18856,173.00000,8132.80852,643018.52425,801.88436,0.09860,643018.52425,1319.09977,0.15747,0.84253,0.05314,0.05573
23420,"Fresno, CA",16-19, 113 ,4024.37545,201191.83286,448.54413,0.11146,201191.83286,737.85509,12.00000,320.37176,15449.97417,124.29793,0.38798,15449.97417,204.47009,101.00000,3704.00369,204022.82907,451.68886,0.12195,204022.82907,743.02818,0.07961,0.92039,0.04867,0.07491
23420,"Fresno, CA",20-24, 309 ,13610.89019,1033403.55240,1016.56458,0.07469,1033403.55240,1672.24874,67.00000,2798.03940,192450.53441,438.69184,0.15679,192450.53441,721.64808,242.00000,10812.85080,799995.09640,894.42445,0.08272,799995.09640,1471.32822,0.20557,0.79443,0.04662,0.04646
24340,"Grand Rapids-Wyoming, MI",16-19, 25 ,1193.74510,73956.69425,271.94980,0.22781,73956.69425,447.35742,8.00000,313.45472,14793.20630,121.62733,0.38802,14793.20630,200.07695,17.00000,880.29038,57216.64466,239.20001,0.27173,57216.64466,393.48402,0.26258,0.73742,0.13568,0.17967
24340,"Grand Rapids-Wyoming, MI",20-24, 75 ,4759.21231,382898.68001,618.78807,0.13002,382898.68001,1017.90638,10.00000,732.88259,69711.70188,264.02974,0.36026,69711.70188,434.32892,65.00000,4026.32972,360058.14232,600.04845,0.14903,360058.14232,987.07970,0.15399,0.84601,0.08511,0.10137
24660,"Greensboro-High Point, NC",16-19, 60 ,2731.66297,161345.36422,401.67818,0.14705,161345.36422,660.76061,11.00000,715.26315,39980.05885,199.95014,0.27955,39980.05885,328.91798,49.00000,2016.39981,123825.05800,351.88785,0.17451,123825.05800,578.85551,0.26184,0.73816,0.10241,0.11412
24660,"Greensboro-High Point, NC",20-24, 148 ,6893.94564,410995.04177,641.08895,0.09299,410995.04177,1054.59132,17.00000,892.60913,65117.60491,255.18151,0.28588,65117.60491,419.77359,131.00000,6001.33651,353898.41465,594.89362,0.09913,353898.41465,978.60000,0.12948,0.87052,0.05758,0.04916
24860,"Greenville-Anderson-Mauldin, SC",16-19, 61 ,2371.45394,147847.53906,384.50948,0.16214,147847.53906,632.51809,,,,,,,,60.00000,2342.91044,149421.76376,386.55111,0.16499,149421.76376,635.87658,,0.98796,,0.04960
24860,"Greenville-Anderson-Mauldin, SC",20-24, 165 ,7606.38019,494770.99928,703.39960,0.09247,494770.99928,1157.09234,10.00000,395.29768,19915.74102,141.12314,0.35700,19915.74102,232.14757,155.00000,7211.08252,463206.11877,680.59248,0.09438,463206.11877,1119.57462,0.05197,0.94803,0.02948,0.02943
25420,"Harrisburg-Carlisle, PA",16-19, 27 ,1141.63671,69734.98303,264.07382,0.23131,69734.98303,434.40144,,,,,,,,24.00000,1008.87942,66450.88736,257.78070,0.25551,66450.88736,424.04925,,0.88371,,0.15779
25420,"Harrisburg-Carlisle, PA",20-24, 60 ,2650.84655,169732.85798,411.98648,0.15542,169732.85798,677.71776,5.00000,125.06918,14866.18759,121.92698,0.97488,14866.18759,200.56988,55.00000,2525.77737,153038.46190,391.20131,0.15488,153038.46190,643.52615,0.04718,0.95282,0.07469,0.34391
25540,"Hartford-West Hartford-East Hartford, CT",16-19, 41 ,1562.25873,103332.86472,321.45430,0.20576,103332.86472,528.79232,6.00000,219.20411,9211.34253,95.97574,0.43784,9211.34253,157.88009,35.00000,1343.05462,95877.24281,309.64051,0.23055,95877.24281,509.35863,0.14031,0.85969,0.08920,0.14707
25540,"Hartford-West Hartford-East Hartford, CT",20-24, 131 ,6134.68968,386928.31725,622.03562,0.10140,386928.31725,1023.24860,15.00000,840.19429,85025.18995,291.59079,0.34705,85025.18995,479.66685,116.00000,5294.49539,351172.99143,592.59851,0.11193,351172.99143,974.82455,0.13696,0.86304,0.07478,0.06729
26420,"Houston-The Woodlands-Sugar Land, TX",16-19, 357 ,17394.15234,1241034.80910,1114.01742,0.06405,1241034.80910,1832.55865,74.00000,4111.20309,300187.87592,547.89404,0.13327,300187.87592,901.28569,283.00000,13282.94925,906905.61383,952.31592,0.07169,906905.61383,1566.55969,0.23636,0.76364,0.04544,0.04048
26420,"Houston-The Woodlands-Sugar Land, TX",20-24, 850 ,45824.63686,3261666.13610,1806.00834,0.03941,3261666.13610,2970.88372,224.00000,11600.76655,738461.99486,859.33811,0.07408,738461.99486,1413.61120,626.00000,34223.87031,2504063.00940,1582.42314,0.04624,2504063.00940,2603.08607,0.25316,0.74684,0.02612,0.02971
26900,"Indianapolis-Carmel-Anderson, IN",16-19, 87 ,3994.20889,309306.18317,556.15302,0.13924,309306.18317,914.87172,5.00000,312.54116,12189.87330,110.40776,0.35326,12189.87330,181.62076,82.00000,3681.66773,290595.76724,539.06935,0.14642,290595.76724,886.76909,0.07825,0.92175,0.04179,0.06867
26900,"Indianapolis-Carmel-Anderson, IN",20-24, 283 ,13007.23078,861924.29876,928.39878,0.07138,861924.29876,1527.21600,15.00000,1130.34054,97608.82883,312.42412,0.27640,97608.82883,513.93767,268.00000,11876.89024,892573.81958,944.76125,0.07955,892573.81958,1554.13226,0.08690,0.91310,0.03817,0.05275
27140,"Jackson, MS",16-19, 71 ,3038.45567,167104.55838,408.78424,0.13454,167104.55838,672.45008,,,,,,,,70.00000,2996.32921,164889.06942,406.06535,0.13552,164889.06942,667.97750,,0.98614,,0.02645
27140,"Jackson, MS",20-24, 126 ,4999.59698,295175.09264,543.30019,0.10867,295175.09264,893.72881,,,,,,,,123.00000,4820.95913,268857.92648,518.51512,0.10755,268857.92648,852.95737,,0.96427,,0.24253
27260,"Jacksonville, FL",16-19, 89 ,3812.27747,310291.78916,557.03841,0.14612,310291.78916,916.32818,,,,,,,,88.00000,3780.18926,308161.32001,555.12280,0.14685,308161.32001,913.17700,,0.99158,,0.02391
27260,"Jacksonville, FL",20-24, 247 ,11678.71911,829056.19579,910.52523,0.07796,829056.19579,1497.81400,10.00000,523.51141,48243.45498,219.64393,0.41956,48243.45498,361.31426,237.00000,11155.20770,776989.85380,881.47028,0.07902,776989.85380,1450.01861,0.04483,0.95517,0.03040,0.02021
28140,"Kansas City, MO-KS",16-19, 110 ,4481.81720,242006.38176,491.94144,0.10976,242006.38176,809.24367,10.00000,592.26527,37553.80263,193.78804,0.32720,37553.80263,318.78132,100.00000,3889.55193,215491.96006,464.21112,0.11935,215491.96006,763.62729,0.13215,0.86785,0.06701,0.06690
28140,"Kansas City, MO-KS",20-24, 246 ,11744.88744,473713.74392,688.26866,0.05860,473713.74392,1132.20194,25.00000,1154.55997,66566.35048,258.00456,0.22347,66566.35048,424.41749,221.00000,10590.32747,496475.17715,704.60995,0.06653,496475.17715,1159.08336,0.09830,0.90170,0.03487,0.04673
28940,"Knoxville, TN",16-19, 73 ,3512.38330,227964.35349,477.45613,0.13594,227964.35349,785.41533,8.00000,518.24569,31669.32188,177.95876,0.34339,31669.32188,292.74217,65.00000,2994.13761,230092.67635,479.67976,0.16021,230092.67635,789.07321,0.14755,0.85245,0.07654,0.11889
28940,"Knoxville, TN",20-24, 193 ,9571.61994,506000.33924,711.33701,0.07432,506000.33924,1170.14938,,,,,,,,191.00000,9503.57317,497522.39681,705.35268,0.07422,497522.39681,1160.30515,,0.99289,,0.17155
29460,"Lakeland-Winter Haven, FL",16-19, 58 ,1959.33371,76127.01766,275.91125,0.14082,76127.01766,453.87401,6.00000,241.97655,10999.08564,104.87653,0.43342,10999.08564,172.52188,52.00000,1717.35715,71084.45507,266.61668,0.15525,71084.45507,438.58444,0.12350,0.87650,0.08327,0.09424
29460,"Lakeland-Winter Haven, FL",20-24, 144 ,6206.17287,342851.11784,585.53490,0.09435,342851.11784,963.20491,8.00000,362.17775,28141.17248,167.75331,0.46318,28141.17248,275.95419,136.00000,5843.99512,289199.07367,537.77233,0.09202,289199.07367,884.63547,0.05836,0.94164,0.04353,0.20415
29820,"Las Vegas-Henderson-Paradise, NV",16-19, 171 ,6475.77043,251456.15112,501.45404,0.07744,251456.15112,824.89189,30.00000,1235.53718,66405.28716,257.69223,0.20857,66405.28716,423.90372,141.00000,5240.23325,209524.96563,457.73897,0.08735,209524.96563,752.98061,0.19079,0.80921,0.06078,0.05381
29820,"Las Vegas-Henderson-Paradise, NV",20-24, 385 ,17044.53444,948011.90057,973.65903,0.05712,948011.90057,1601.66910,74.00000,3368.23318,252145.39621,502.14081,0.14908,252145.39621,826.02164,311.00000,13676.30126,799109.94901,893.92950,0.06536,799109.94901,1470.51403,0.19761,0.80239,0.04476,0.04193
30780,"Little Rock-North Little Rock-Conway, AR",16-19, 40 ,2207.25608,165887.68046,407.29311,0.18452,165887.68046,669.99717,,,,,,,,38.00000,2006.12665,162547.91535,403.17231,0.20097,162547.91535,663.21846,,0.90888,,0.11904
30780,"Little Rock-North Little Rock-Conway, AR",20-24, 99 ,5627.35559,450778.62430,671.40049,0.11931,450778.62430,1104.45381,7.00000,448.12523,32313.96985,179.76087,0.40114,32313.96985,295.70663,92.00000,5179.23036,453573.24873,673.47847,0.13003,453573.24873,1107.87208,0.07963,0.92037,0.05017,0.07829
31080,"Los Angeles-Long Beach-Anaheim, CA",16-19, 994 ,35546.27058,1570592.32020,1253.23275,0.03526,1570592.32020,2061.56787,226.00000,8113.95213,369287.14144,607.69000,0.07489,369287.14144,999.65006,768.00000,27432.31845,1116877.92360,1056.82445,0.03852,1116877.92360,1738.47622,0.22826,0.77174,0.02481,0.01971
31080,"Los Angeles-Long Beach-Anaheim, CA",20-24," 2,305 ",89628.86962,5196740.99820,2279.63615,0.02543,5196740.99820,3750.00147,599.00000,22157.42429,1027794.25160,1013.80188,0.04575,1027794.25160,1667.70409,1706.00000,67471.44533,4221179.79100,2054.55100,0.03045,4221179.79100,3379.73639,0.24721,0.75279,0.01547,0.02073
31140,"Louisville/Jefferson County, KY-IN",16-19, 64 ,2335.94965,117317.91555,342.51703,0.14663,117317.91555,563.44051,,,,,,,,64.00000,2335.94965,117317.91555,342.51703,0.14663,117317.91555,563.44051,,1.00000,,0.00000
31140,"Louisville/Jefferson County, KY-IN",20-24, 174 ,8211.71246,562181.26544,749.78748,0.09131,562181.26544,1233.40040,9.00000,476.09437,37482.43415,193.60381,0.40665,37482.43415,318.47826,165.00000,7735.61809,506362.64573,711.59163,0.09199,506362.64573,1170.56823,0.05798,0.94202,0.03779,0.01732
31540,"Madison, WI",16-19,,,,,,,,,,,,,,,,,,,,,,,,,
31540,"Madison, WI",20-24, 15 ,1266.17194,140239.15949,374.48519,0.29576,140239.15949,616.02814,,,,,,,,14.00000,1084.97597,112709.42032,335.72224,0.30943,112709.42032,552.26308,,0.85689,,0.12819
32580,"McAllen-Edinburg-Mission, TX",16-19, 94 ,4790.78197,270851.60780,520.43406,0.10863,270851.60780,856.11402,27.00000,1335.14323,75337.52011,274.47681,0.20558,75337.52011,451.51436,67.00000,3455.63874,214936.95119,463.61293,0.13416,214936.95119,762.64327,0.27869,0.72131,0.08001,0.09342
32580,"McAllen-Edinburg-Mission, TX",20-24, 192 ,11767.85336,849913.03710,921.90728,0.07834,849913.03710,1516.53748,72.00000,4797.22071,375068.65165,612.42849,0.12766,375068.65165,1007.44486,120.00000,6970.63265,532630.33764,729.81528,0.10470,532630.33764,1200.54613,0.40765,0.59235,0.06760,0.06768
32820,"Memphis, TN-MS-AR",16-19, 122 ,5366.99780,373270.92166,610.95902,0.11384,373270.92166,1005.02758,6.00000,299.02644,18597.43858,136.37243,0.45605,18597.43858,224.33264,116.00000,5067.97135,325157.44973,570.22579,0.11252,325157.44973,938.02142,0.05572,0.94428,0.04048,0.24863
32820,"Memphis, TN-MS-AR",20-24, 271 ,13635.11690,921282.90783,959.83483,0.07039,921282.90783,1578.92830,12.00000,469.02269,17844.02508,133.58153,0.28481,17844.02508,219.74162,259.00000,13166.09421,883127.74097,939.74876,0.07138,883127.74097,1545.88672,0.03440,0.96560,0.01562,0.01874
33100,"Miami-Fort Lauderdale-West Palm Beach, FL",16-19, 297 ,12884.62394,754238.70674,868.46917,0.06740,754238.70674,1428.63179,102.00000,4849.04202,289371.52684,537.93264,0.11094,289371.52684,884.89920,195.00000,8035.58193,583850.34817,764.10101,0.09509,583850.34817,1256.94616,0.37634,0.62366,0.05455,0.06881
33100,"Miami-Fort Lauderdale-West Palm Beach, FL",20-24, 821 ,38590.72519,3079282.11020,1754.78834,0.04547,3079282.11020,2886.62682,234.00000,11660.58340,935613.92613,967.27138,0.08295,935613.92613,1591.16142,587.00000,26930.14179,1834491.21660,1354.43391,0.05029,1834491.21660,2228.04378,0.30216,0.69784,0.03448,0.02467
33340,"Milwaukee-Waukesha-West Allis, WI",16-19, 50 ,2871.99884,225165.50661,474.51608,0.16522,225165.50661,780.57895,,,,,,,,48.00000,2742.91771,222861.67527,472.08228,0.17211,222861.67527,776.57534,,0.95506,,0.07573
33340,"Milwaukee-Waukesha-West Allis, WI",20-24, 147 ,10107.93190,917383.11748,957.80119,0.09476,917383.11748,1575.58296,8.00000,716.05899,87784.43013,296.28437,0.41377,87784.43013,487.38779,139.00000,9391.87291,755393.28143,869.13364,0.09254,755393.28143,1429.72484,0.07084,0.92916,0.04694,0.20244
33460,"Minneapolis-St. Paul-Bloomington, MN-WI",16-19, 60 ,3535.72559,180818.35071,425.22741,0.12027,180818.35071,699.49909,9.00000,663.11482,46503.23206,215.64608,0.32520,46503.23206,354.73780,51.00000,2872.61077,127795.68188,357.48522,0.12445,127795.68188,588.06319,0.18755,0.81245,0.09322,0.04275
33460,"Minneapolis-St. Paul-Bloomington, MN-WI",20-24, 212 ,16271.81979,1548147.22590,1244.24565,0.07647,1548147.22590,2046.78409,45.00000,4129.08452,264689.07441,514.47942,0.12460,264689.07441,846.31865,167.00000,12142.73528,1243331.22030,1115.04763,0.09183,1243331.22030,1834.25335,0.25376,0.74624,0.04106,0.06242
34980,"Nashville-Davidson--Murfreesboro--Franklin, TN",16-19, 106 ,4290.33398,193387.62315,439.75860,0.10250,193387.62315,723.40289,9.00000,497.42038,34601.17326,186.01391,0.37396,34601.17326,305.99288,97.00000,3792.91360,194378.50725,440.88378,0.11624,194378.50725,725.25382,0.11594,0.88406,0.06859,0.07972
34980,"Nashville-Davidson--Murfreesboro--Franklin, TN",20-24, 288 ,12743.04100,566428.11271,752.61419,0.05906,566428.11271,1238.05034,29.00000,1555.43684,89706.53598,299.51049,0.19256,89706.53598,492.69476,259.00000,11187.60416,485344.21083,696.66650,0.06227,485344.21083,1146.01639,0.12206,0.87794,0.03680,0.02850
35300,"New Haven-Milford, CT",16-19, 33 ,1423.99214,91307.62976,302.17152,0.21220,91307.62976,497.07216,,,,,,,,29.00000,1198.33915,74388.35154,272.74228,0.22760,74388.35154,448.66105,,0.84153,,0.11393
35300,"New Haven-Milford, CT",20-24, 93 ,5223.85924,432533.76417,657.67299,0.12590,432533.76417,1081.87207,8.00000,463.50110,38133.24369,195.27735,0.42131,38133.24369,321.23124,85.00000,4760.35814,413642.90127,643.15076,0.13511,413642.90127,1057.98300,0.08873,0.91127,0.05868,0.07349
35380,"New Orleans-Metairie, LA",16-19, 79 ,2931.97996,130478.85248,361.21857,0.12320,130478.85248,594.20454,,,,,,,,77.00000,2870.97679,129346.80014,359.64816,0.12527,129346.80014,591.62123,,0.97919,,0.03654
35380,"New Orleans-Metairie, LA",20-24, 221 ,10045.55392,567443.73681,753.28861,0.07499,567443.73681,1239.15977,13.00000,1053.58538,114929.48650,339.01252,0.32177,114929.48650,557.67559,208.00000,8991.96853,494536.79776,703.23310,0.07821,494536.79776,1156.81846,0.10488,0.89512,0.05399,0.03270
35620,"New York-Newark-Jersey City, NY-NJ-PA",16-19, 875 ,37894.40916,2106586.49950,1451.40845,0.03830,2106586.49950,2387.56691,204.00000,9507.77063,525488.61641,724.90594,0.07624,525488.61641,1192.47027,671.00000,28386.63853,1509394.87590,1228.57433,0.04328,1509394.87590,2021.00477,0.25090,0.74910,0.02721,0.02483
35620,"New York-Newark-Jersey City, NY-NJ-PA",20-24," 2,307 ",113090.44242,7934686.94350,2816.85764,0.02491,7934686.94350,4633.73081,600.00000,29989.22116,2004572.43940,1415.82924,0.04721,2004572.43940,2329.03910,1707.00000,83101.22126,5805804.61920,2409.52373,0.02900,5805804.61920,3963.66654,0.26518,0.73482,0.01750,0.01794
35840,"North Port-Sarasota-Bradenton, FL",16-19, 35 ,1582.33309,78364.54297,279.93668,0.17691,78364.54297,460.49583,,,,,,,,31.00000,1428.77380,87264.22743,295.40519,0.20675,87264.22743,485.94154,,0.90295,,0.15893
35840,"North Port-Sarasota-Bradenton, FL",20-24, 67 ,3153.03862,330472.06332,574.86700,0.18232,330472.06332,945.65621,13.00000,623.65901,50437.60212,224.58317,0.36011,50437.60212,369.43932,54.00000,2529.37961,277163.57694,526.46327,0.20814,277163.57694,866.03208,0.19780,0.80220,0.10104,0.13249
36260,"Ogden-Clearfield, UT",16-19, 27 ,1155.26720,67704.78673,260.20143,0.22523,67704.78673,428.03136,,,,,,,,24.00000,999.04874,47126.93054,217.08738,0.21729,47126.93054,357.10874,,0.86478,,0.44521
36260,"Ogden-Clearfield, UT",20-24, 47 ,2166.16598,138878.27857,372.66376,0.17204,138878.27857,613.03189,,,,,,,,46.00000,2150.29228,140226.23996,374.46794,0.17415,140226.23996,615.99977,,0.99267,,0.04412
36420,"Oklahoma City, OK",16-19, 83 ,4072.34820,313922.27406,560.28767,0.13758,313922.27406,921.67322,9.00000,388.88885,13393.55503,115.73053,0.29759,13393.55503,190.37672,74.00000,3683.45935,300557.54046,548.23128,0.14884,300557.54046,901.84046,0.09549,0.90451,0.04145,0.08447
36420,"Oklahoma City, OK",20-24, 148 ,8482.29079,794559.32302,891.38057,0.10509,794559.32302,1466.32104,17.00000,765.58911,36043.34679,189.85085,0.24798,36043.34679,312.30465,131.00000,7716.70168,730199.22139,854.51695,0.11074,730199.22139,1405.68039,0.09026,0.90974,0.03335,0.05225
36540,"Omaha-Council Bluffs, NE-IA",16-19, 28 ,1357.03586,86025.46213,293.30098,0.21613,86025.46213,482.48010,,,,,,,,24.00000,1241.25318,75436.36485,274.65681,0.22127,75436.36485,451.81046,,0.91468,,0.07135
36540,"Omaha-Council Bluffs, NE-IA",20-24, 84 ,4301.51900,293523.44687,541.77804,0.12595,293523.44687,891.22488,11.00000,1004.96511,109571.22176,331.01544,0.32938,109571.22176,544.52040,73.00000,3296.55390,212942.21784,461.45663,0.13998,212942.21784,759.09615,0.23363,0.76637,0.11697,0.07701
36740,"Orlando-Kissimmee-Sanford, FL",16-19, 119 ,5132.20366,339300.23215,582.49483,0.11350,339300.23215,958.20400,16.00000,800.35862,49865.01229,223.30475,0.27901,49865.01229,367.33632,103.00000,4331.84504,311249.14357,557.89707,0.12879,311249.14357,917.74068,0.15595,0.84405,0.06538,0.08451
36740,"Orlando-Kissimmee-Sanford, FL",20-24, 245 ,14461.93813,1310260.55150,1144.66613,0.07915,1310260.55150,1882.97579,43.00000,2507.65192,219631.06899,468.64813,0.18689,219631.06899,770.92617,202.00000,11954.28621,1069496.68490,1034.16473,0.08651,1069496.68490,1701.20098,0.17340,0.82660,0.04829,0.04748
37100,"Oxnard-Thousand Oaks-Ventura, CA",16-19, 35 ,1330.88348,67120.53099,259.07630,0.19466,67120.53099,426.18052,10.00000,447.67497,30321.36662,174.13032,0.38897,30321.36662,286.44437,25.00000,883.20851,40033.51148,200.08376,0.22654,40033.51148,329.13779,0.33637,0.66363,0.18634,0.12650
37100,"Oxnard-Thousand Oaks-Ventura, CA",20-24, 107 ,4539.35979,310639.14541,557.35011,0.12278,310639.14541,916.84093,40.00000,1480.87820,115340.05515,339.61751,0.22934,115340.05515,558.67081,67.00000,3058.48159,223036.42318,472.26732,0.15441,223036.42318,776.87974,0.32623,0.67377,0.10395,0.10378
37340,"Palm Bay-Melbourne-Titusville, FL",16-19, 26 ,1198.35007,105682.39812,325.08829,0.27128,105682.39812,534.77024,,,,,,,,24.00000,1168.07372,104401.62815,323.11241,0.27662,104401.62815,531.51991,,0.97473,,0.08673
37340,"Palm Bay-Melbourne-Titusville, FL",20-24, 57 ,3517.95623,291775.61278,540.16258,0.15354,291775.61278,888.56744,6.00000,276.08382,15535.55089,124.64169,0.45146,15535.55089,205.03558,51.00000,3241.87241,275760.18351,525.12873,0.16198,275760.18351,863.83676,0.07848,0.92152,0.05481,0.07822
37980,"Philadelphia-Camden-Wilmington, PA-NJ-DE-MD",16-19, 219 ,13101.80745,987245.89007,993.60248,0.07584,987245.89007,1634.47608,20.00000,1488.02401,124561.59093,352.93284,0.23718,124561.59093,580.57453,199.00000,11613.78343,903757.42149,950.66157,0.08186,903757.42149,1563.83828,0.11357,0.88643,0.04199,0.04492
37980,"Philadelphia-Camden-Wilmington, PA-NJ-DE-MD",20-24, 637 ,40642.03153,3936121.49110,1983.96610,0.04882,3936121.49110,3263.62424,55.00000,3315.99465,331994.15206,576.18934,0.17376,331994.15206,947.83146,582.00000,37326.03688,3289624.30450,1813.73215,0.04859,3289624.30450,2983.58938,0.08159,0.91841,0.02238,0.10406
38060,"Phoenix-Mesa-Scottsdale, AZ",16-19, 306 ,12577.33209,745934.45695,863.67497,0.06867,745934.45695,1420.74533,45.00000,1852.22601,85294.45497,292.05214,0.15768,85294.45497,480.42578,261.00000,10725.10608,721931.68219,849.66563,0.07922,721931.68219,1397.69996,0.14727,0.85273,0.03439,0.05542
38060,"Phoenix-Mesa-Scottsdale, AZ",20-24, 817 ,39128.95468,2135792.77610,1461.43518,0.03735,2135792.77610,2404.06087,182.00000,8836.00683,521108.62185,721.87854,0.08170,521108.62185,1187.49019,635.00000,30292.94786,1973803.83040,1404.92129,0.04638,1973803.83040,2311.09552,0.22582,0.77418,0.02699,0.03501
38300,"Pittsburgh, PA",16-19, 78 ,2871.86091,175073.77367,418.41818,0.14570,175073.77367,688.29791,,,,,,,,77.00000,2850.22408,174497.68615,417.72920,0.14656,174497.68615,687.16454,,0.99247,,0.02595
38300,"Pittsburgh, PA",20-24, 264 ,10997.60584,490927.89606,700.66247,0.06371,490927.89606,1152.58976,5.00000,184.34020,11628.39528,107.83504,0.58498,11628.39528,177.38864,259.00000,10813.26564,500133.32028,707.20105,0.06540,500133.32028,1163.34572,0.01676,0.98324,0.01603,0.02390
38900,"Portland-Vancouver-Hillsboro, OR-WA",16-19, 119 ,5497.56392,444210.82039,666.49143,0.12123,444210.82039,1096.37840,19.00000,1167.08453,104371.60568,323.06595,0.27681,104371.60568,531.44348,100.00000,4330.47939,272813.02133,522.31506,0.12061,272813.02133,859.20827,0.21229,0.78771,0.08690,0.22159
38900,"Portland-Vancouver-Hillsboro, OR-WA",20-24, 307 ,15428.66829,994112.91911,997.05211,0.06462,994112.91911,1640.15073,39.00000,2092.64868,111288.89964,333.59991,0.15942,111288.89964,548.77185,268.00000,13336.01961,889232.38950,942.99119,0.07071,889232.38950,1551.22051,0.13563,0.86437,0.03251,0.04081
39300,"Providence-Warwick, RI-MA",16-19, 87 ,3853.94295,264398.64908,514.19709,0.13342,264398.64908,845.85422,7.00000,347.93158,19462.53775,139.50820,0.40096,19462.53775,229.49099,80.00000,3506.01137,254869.50642,504.84602,0.14399,254869.50642,830.47171,0.09028,0.90972,0.05615,0.08105
39300,"Providence-Warwick, RI-MA",20-24, 228 ,10197.16387,459686.63350,678.00194,0.06649,459686.63350,1115.31319,29.00000,1721.25552,109092.73734,330.29190,0.19189,109092.73734,543.33017,199.00000,8475.90835,370365.90421,608.57695,0.07180,370365.90421,1001.10908,0.16880,0.83120,0.04998,0.03706
39340,"Provo-Orem, UT",16-19, 24 ,835.48095,62180.75689,249.36070,0.29846,62180.75689,410.19835,5.00000,125.42651,5253.12066,72.47842,0.57786,5253.12066,119.22699,19.00000,710.05444,59003.97756,242.90734,0.34210,59003.97756,399.58258,0.15012,0.84988,0.12220,0.23373
39340,"Provo-Orem, UT",20-24, 59 ,2935.72066,249238.53788,499.23796,0.17006,249238.53788,821.24644,,,,,,,,57.00000,2854.99934,257117.27872,507.06733,0.17761,257117.27872,834.12576,,0.97250,,0.08196
39580,"Raleigh, NC",16-19, 47 ,2008.77115,156278.93145,395.32130,0.19680,156278.93145,650.30354,,,,,,,,43.00000,1853.89858,150571.86145,388.03590,0.20931,150571.86145,638.31906,,0.92290,,0.10821
39580,"Raleigh, NC",20-24, 120 ,6187.12408,504678.08171,710.40698,0.11482,504678.08171,1168.61949,20.00000,1392.31225,96162.64027,310.10102,0.22272,96162.64027,510.11617,100.00000,4794.81183,403389.90165,635.12983,0.13246,403389.90165,1044.78857,0.22503,0.77497,0.07065,0.08420
40060,"Richmond, VA",16-19, 57 ,2529.73313,117699.92340,343.07422,0.13562,117699.92340,564.35710,,,,,,,,53.00000,2367.16673,105968.13492,325.52747,0.13752,105968.13492,535.49269,,0.93574,,0.03508
40060,"Richmond, VA",20-24, 160 ,7597.49802,476453.38875,690.25603,0.09085,476453.38875,1135.47117,11.00000,359.37583,19466.46027,139.52226,0.38823,19466.46027,229.51411,149.00000,7238.12220,434554.86793,659.20776,0.09107,434554.86793,1084.39676,0.04730,0.95270,0.02937,0.00995
40140,"Riverside-San Bernardino-Ontario, CA",16-19, 383 ,15898.95333,855216.87826,924.77937,0.05817,855216.87826,1521.26206,56.00000,2116.98319,102121.30785,319.56425,0.15095,102121.30785,525.68319,327.00000,13781.97014,746101.64607,863.77176,0.06267,746101.64607,1420.90454,0.13315,0.86685,0.03051,0.03328
40140,"Riverside-San Bernardino-Ontario, CA",20-24, 961 ,43857.98754,1994030.24360,1412.10136,0.03220,1994030.24360,2322.90673,130.00000,5114.42334,273089.22232,522.57939,0.10218,273089.22232,859.64310,831.00000,38743.56421,1890792.85370,1375.06104,0.03549,1890792.85370,2261.97540,0.11661,0.88339,0.01860,0.02170
40380,"Rochester, NY",16-19, 71 ,2180.34230,77163.48806,277.78317,0.12740,77163.48806,456.95331,,,,,,,,68.00000,2083.09021,73484.20899,271.07971,0.13013,73484.20899,445.92612,,0.95540,,0.04167
40380,"Rochester, NY",20-24, 170 ,6916.87794,316596.06248,562.66870,0.08135,316596.06248,925.59001,9.00000,545.76631,43382.46834,208.28458,0.38164,43382.46834,342.62814,161.00000,6371.11163,239898.93253,489.79479,0.07688,239898.93253,805.71242,0.07890,0.92110,0.04840,0.16959
40900,"Sacramento--Roseville--Arden-Arcade, CA",16-19, 129 ,4855.79133,237961.54104,487.81302,0.10046,237961.54104,802.45242,19.00000,657.42097,34681.90599,186.23079,0.28327,34681.90599,306.34964,110.00000,4198.37036,192671.81346,438.94398,0.10455,192671.81346,722.06284,0.13539,0.86461,0.05899,0.04119
40900,"Sacramento--Roseville--Arden-Arcade, CA",20-24, 347 ,17332.29775,1060827.99820,1029.96505,0.05942,1060827.99820,1694.29250,48.00000,2138.54148,129536.80543,359.91222,0.16830,129536.80543,592.05560,299.00000,15193.75626,1019171.45490,1009.54022,0.06644,1019171.45490,1660.69366,0.12338,0.87662,0.03196,0.04286
41180,"St. Louis, MO-IL",16-19, 139 ,5772.69479,349251.25301,590.97483,0.10237,349251.25301,972.15360,,,,,,,,137.00000,5634.17320,336735.12851,580.28883,0.10299,336735.12851,954.57513,,0.97600,,0.01812
41180,"St. Louis, MO-IL",20-24, 392 ,19465.23344,1566526.63130,1251.60962,0.06430,1566526.63130,2058.89782,15.00000,980.39713,84276.25420,290.30373,0.29611,84276.25420,477.54963,377.00000,18484.83631,1514318.57110,1230.57652,0.06657,1514318.57110,2024.29838,0.05037,0.94963,0.02395,0.02694
41620,"Salt Lake City, UT",16-19, 52 ,2240.30460,119134.16851,345.15818,0.15407,119134.16851,567.78520,12.00000,552.37445,49349.38850,222.14722,0.40217,49349.38850,365.43218,40.00000,1687.93015,101358.04027,318.36778,0.18861,101358.04027,523.71499,0.24656,0.75344,0.15067,0.13485
41620,"Salt Lake City, UT",20-24, 122 ,7043.07796,545950.53431,738.88466,0.10491,545950.53431,1215.46526,20.00000,1259.41702,113729.57689,337.23816,0.26777,113729.57689,554.75677,102.00000,5783.66094,521660.05097,722.26038,0.12488,521660.05097,1188.11832,0.17882,0.82118,0.07247,0.09151
41700,"San Antonio-New Braunfels, TX",16-19, 170 ,6753.48976,421041.95457,648.87746,0.09608,421041.95457,1067.40342,10.00000,299.51900,9136.17776,95.58336,0.31912,9136.17776,157.23462,160.00000,6453.97076,428635.59032,654.70267,0.10144,428635.59032,1076.98590,0.04435,0.95565,0.02220,0.05116
41700,"San Antonio-New Braunfels, TX",20-24, 422 ,17920.35301,1192288.81530,1091.91978,0.06093,1192288.81530,1796.20805,49.00000,2136.65864,161426.70752,401.77943,0.18804,161426.70752,660.92716,373.00000,15783.69437,980605.89498,990.25547,0.06274,980605.89498,1628.97025,0.11923,0.88077,0.03489,0.02166
41740,"San Diego-Carlsbad, CA",16-19, 161 ,6675.64676,341283.92599,584.19511,0.08751,341283.92599,961.00096,34.00000,1475.50841,83706.87301,289.32140,0.19608,83706.87301,475.93370,127.00000,5200.13836,301087.91152,548.71478,0.10552,301087.91152,902.63582,0.22103,0.77897,0.06380,0.07555
41740,"San Diego-Carlsbad, CA",20-24, 406 ,19274.07124,1110729.94950,1053.91174,0.05468,1110729.94950,1733.68481,85.00000,4461.19190,329888.21613,574.35896,0.12875,329888.21613,944.82049,321.00000,14812.87934,838385.71764,915.63405,0.06181,838385.71764,1506.21802,0.23146,0.76854,0.04438,0.03644
41860,"San Francisco-Oakland-Hayward, CA",16-19, 138 ,5271.93724,259308.27925,509.22321,0.09659,259308.27925,837.67218,29.00000,764.25651,25140.01219,158.55602,0.20746,25140.01219,260.82466,109.00000,4507.68074,223511.59405,472.77013,0.10488,223511.59405,777.70686,0.14497,0.85503,0.04378,0.05748
41860,"San Francisco-Oakland-Hayward, CA",20-24, 386 ,18257.38867,1068825.70210,1033.84027,0.05663,1068825.70210,1700.66724,109.00000,5112.70044,240829.47937,490.74380,0.09599,240829.47937,807.27355,277.00000,13144.68824,755389.40457,869.13141,0.06612,755389.40457,1429.72117,0.28003,0.71997,0.03570,0.04043
41940,"San Jose-Sunnyvale-Santa Clara, CA",16-19, 51 ,1903.07559,83762.63484,289.41775,0.15208,83762.63484,476.09220,11.00000,301.52303,10951.32053,104.64856,0.34707,10951.32053,172.14688,40.00000,1601.55255,70449.58203,265.42340,0.16573,70449.58203,436.62150,0.15844,0.84156,0.08131,0.09118
41940,"San Jose-Sunnyvale-Santa Clara, CA",20-24, 105 ,4027.70339,212655.66721,461.14604,0.11449,212655.66721,758.58523,31.00000,1280.39700,60923.01550,246.82588,0.19277,60923.01550,406.02857,74.00000,2747.30639,182033.31527,426.65362,0.15530,182033.31527,701.84521,0.31790,0.68210,0.08110,0.11773
42540,"Scranton--Wilkes-Barre--Hazleton, PA",16-19, 28 ,892.27170,55357.46685,235.28168,0.26369,55357.46685,387.03836,,,,,,,,25.00000,757.29411,47699.96397,218.40321,0.28840,47699.96397,359.27329,,0.84873,,0.16307
42540,"Scranton--Wilkes-Barre--Hazleton, PA",20-24, 81 ,3374.26766,197768.76079,444.71200,0.13180,197768.76079,731.55124,7.00000,442.88389,41847.58607,204.56683,0.46190,41847.58607,336.51243,74.00000,2931.38377,188408.11897,434.06004,0.14807,188408.11897,714.02877,0.13125,0.86875,0.09558,0.09646
42660,"Seattle-Tacoma-Bellevue, WA",16-19, 139 ,5826.25099,346323.78896,588.49281,0.10101,346323.78896,968.07067,22.00000,1174.44095,100452.20641,316.94196,0.26987,100452.20641,521.36953,117.00000,4651.81004,300243.70888,547.94499,0.11779,300243.70888,901.36950,0.20158,0.79842,0.08298,0.07959
42660,"Seattle-Tacoma-Bellevue, WA",20-24, 343 ,15957.82071,1457826.30060,1207.40478,0.07566,1457826.30060,1986.18086,66.00000,3458.46660,227287.44438,476.74673,0.13785,227287.44438,784.24837,277.00000,12499.35411,1116156.00680,1056.48285,0.08452,1116156.00680,1737.91428,0.21673,0.78327,0.04108,0.04854
44060,"Spokane-Spokane Valley, WA",16-19, 42 ,1329.67192,102709.83365,320.48375,0.24102,102709.83365,527.19577,,,,,,,,41.00000,1310.81089,102971.15254,320.89118,0.24480,102971.15254,527.86600,,0.98582,,0.06948
44060,"Spokane-Spokane Valley, WA",20-24, 116 ,4056.34169,193068.49453,439.39560,0.10832,193068.49453,722.80576,,,,,,,,112.00000,3966.30930,191775.96734,437.92233,0.11041,191775.96734,720.38223,,0.97780,,0.03437
44140,"Springfield, MA",16-19, 55 ,2373.44930,151441.05345,389.15428,0.16396,151441.05345,640.15879,5.00000,143.30830,7930.86222,89.05539,0.62143,7930.86222,146.49611,50.00000,2230.14101,133003.90552,364.69701,0.16353,133003.90552,599.92657,0.06038,0.93962,0.05954,0.35794
44140,"Springfield, MA",20-24, 104 ,5352.61053,345475.32793,587.77149,0.10981,345475.32793,966.88411,9.00000,392.37191,18605.97847,136.40373,0.34764,18605.97847,224.38414,95.00000,4960.23862,339437.25799,582.61244,0.11746,339437.25799,958.39747,0.07330,0.92670,0.03977,0.06355
44700,"Stockton-Lodi, CA",16-19, 82 ,2928.85608,152081.15195,389.97584,0.13315,152081.15195,641.51025,15.00000,418.71894,17743.87963,133.20615,0.31813,17743.87963,219.12412,67.00000,2510.13714,146703.44771,383.01886,0.15259,146703.44771,630.06603,0.14296,0.85704,0.06795,0.10507
44700,"Stockton-Lodi, CA",20-24, 176 ,7036.27272,450796.02137,671.41345,0.09542,450796.02137,1104.47513,30.00000,1295.87760,71518.88606,267.43015,0.20637,71518.88606,439.92260,146.00000,5740.39511,341314.49745,584.22127,0.10177,341314.49745,961.04400,0.18417,0.81583,0.05544,0.04750
45060,"Syracuse, NY",16-19, 46 ,1210.84885,64354.70457,253.68229,0.20951,64354.70457,417.30737,,,,,,,,42.00000,1122.30455,61449.71690,247.89053,0.22088,61449.71690,407.77993,,0.92687,,0.10665
45060,"Syracuse, NY",20-24, 137 ,4573.81795,215815.04427,464.55898,0.10157,215815.04427,764.19952,12.00000,297.69217,11761.30935,108.44957,0.36430,11761.30935,178.39954,125.00000,4276.12578,229968.72010,479.55054,0.11215,229968.72010,788.86064,0.06509,0.93491,0.03746,0.07312
45300,"Tampa-St. Petersburg-Clearwater, FL",16-19, 207 ,8390.55686,459634.22376,677.96329,0.08080,459634.22376,1115.24961,17.00000,670.32931,45502.31001,213.31270,0.31822,45502.31001,350.89940,190.00000,7720.22755,423696.88463,650.92003,0.08431,423696.88463,1070.76345,0.07989,0.92011,0.04045,0.03645
45300,"Tampa-St. Petersburg-Clearwater, FL",20-24, 498 ,20019.38766,1506934.47010,1227.57259,0.06132,1506934.47010,2019.35691,51.00000,2215.79787,170809.65591,413.29125,0.18652,170809.65591,679.86410,447.00000,17803.58979,1289571.93550,1135.59321,0.06378,1289571.93550,1868.05083,0.11068,0.88932,0.03207,0.02569
45780,"Toledo, OH",16-19, 32 ,1205.60318,77372.24302,278.15867,0.23072,77372.24302,457.57100,,,,,,,,31.00000,1185.24317,76250.57410,276.13506,0.23298,76250.57410,454.24218,,0.98311,,0.05231
45780,"Toledo, OH",20-24, 135 ,6381.47543,393386.60064,627.20539,0.09829,393386.60064,1031.75287,,,,,,,,132.00000,6338.18804,397492.71270,630.47023,0.09947,397492.71270,1037.12353,,0.99322,,0.02503
46060,"Tucson, AZ",16-19, 78 ,3397.77229,216707.06984,465.51807,0.13701,216707.06984,765.77722,8.00000,326.43977,20591.55277,143.49757,0.43958,20591.55277,236.05350,70.00000,3071.33252,160053.07520,400.06634,0.13026,160053.07520,658.10913,0.09607,0.90393,0.06601,0.28110
46060,"Tucson, AZ",20-24, 203 ,9874.62577,702947.06864,838.41939,0.08491,702947.06864,1379.19989,22.00000,1410.33733,123446.51288,351.34956,0.24912,123446.51288,577.97003,181.00000,8464.28844,494150.97102,702.95873,0.08305,494150.97102,1156.36710,0.14282,0.85718,0.05503,0.16747
46140,"Tulsa, OK",16-19, 72 ,2235.54833,101153.36190,318.04616,0.14227,101153.36190,523.18594,13.00000,349.26183,9674.82067,98.36067,0.28162,9674.82067,161.80330,59.00000,1886.28650,90247.82706,300.41276,0.15926,90247.82706,494.17899,0.15623,0.84377,0.06246,0.09936
46140,"Tulsa, OK",20-24, 164 ,6590.78461,399237.78180,631.85266,0.09587,399237.78180,1039.39762,15.00000,446.35658,15075.64163,122.78290,0.27508,15075.64163,201.97788,149.00000,6144.42803,374386.64951,611.87143,0.09958,374386.64951,1006.52851,0.06772,0.93228,0.02872,0.04131
46520,"Urban Honolulu, HI",16-19, 47 ,1428.14589,79879.75580,282.63007,0.19790,79879.75580,464.92646,12.00000,418.08193,14363.02688,119.84585,0.28666,14363.02688,197.14642,35.00000,1010.06397,56373.20623,237.43042,0.23506,56373.20623,390.57305,0.29274,0.70726,0.09987,0.14758
46520,"Urban Honolulu, HI",20-24, 127 ,5439.17474,226069.09098,475.46723,0.08742,226069.09098,782.14360,27.00000,1029.84135,47201.02002,217.25796,0.21096,47201.02002,357.38934,100.00000,4409.33339,247701.48248,497.69617,0.11287,247701.48248,818.71021,0.18934,0.81066,0.05980,0.09522
47260,"Virginia Beach-Norfolk-Newport News, VA-NC",16-19, 88 ,3977.61517,262685.96974,512.52899,0.12885,262685.96974,843.11020,6.00000,175.79381,10862.56508,104.22363,0.59287,10862.56508,171.44787,82.00000,3801.82137,242312.91562,492.25290,0.12948,242312.91562,809.75602,0.04420,0.95580,0.04207,0.01998
47260,"Virginia Beach-Norfolk-Newport News, VA-NC",20-24, 234 ,10623.97788,600477.14383,774.90460,0.07294,600477.14383,1274.71807,13.00000,573.23361,31104.74508,176.36537,0.30767,31104.74508,290.12104,221.00000,10050.74427,537032.29849,732.82488,0.07291,537032.29849,1205.49692,0.05396,0.94604,0.02653,0.16050
47900,"Washington-Arlington-Alexandria, DC-VA-MD-WV",16-19, 178 ,8451.66913,567967.58458,753.63624,0.08917,567967.58458,1239.73162,29.00000,1317.18773,60250.71579,245.46021,0.18635,60250.71579,403.78205,149.00000,7134.48140,463184.00884,680.57623,0.09539,463184.00884,1119.54790,0.15585,0.84415,0.04195,0.04706
47900,"Washington-Arlington-Alexandria, DC-VA-MD-WV",20-24, 468 ,20892.32395,1752765.51790,1323.92051,0.06337,1752765.51790,2177.84924,89.00000,5177.35460,443007.16967,665.58784,0.12856,443007.16967,1094.89199,379.00000,15714.96935,1087310.00640,1042.74158,0.06635,1087310.00640,1715.30990,0.24781,0.75219,0.04560,0.02435
48620,"Wichita, KS",16-19, 22 ,1286.54648,95381.86582,308.83955,0.24005,95381.86582,508.04105,,,,,,,,19.00000,1185.42651,92913.94249,304.81788,0.25714,92913.94249,501.42542,,0.92140,,0.13969
48620,"Wichita, KS",20-24, 63 ,3358.37886,272743.11358,522.24813,0.15551,272743.11358,859.09818,7.00000,439.61149,32675.06406,180.76245,0.41119,32675.06406,297.35423,56.00000,2918.76737,247285.92774,497.27852,0.17037,247285.92774,818.02317,0.13090,0.86910,0.08196,0.09951
49180,"Winston-Salem, NC",16-19, 41 ,2297.11627,189924.31387,435.80307,0.18972,189924.31387,716.89605,,,,,,,,37.00000,2152.15978,180559.19004,424.92257,0.19744,180559.19004,698.99763,,0.93690,,0.08427
49180,"Winston-Salem, NC",20-24, 132 ,6495.71288,405361.16715,636.67980,0.09802,405361.16715,1047.33827,9.00000,553.09043,43750.84567,209.16703,0.37818,43750.84567,344.07976,123.00000,5942.62246,387051.47834,622.13461,0.10469,387051.47834,1023.41144,0.08515,0.91485,0.05116,0.05536
49340,"Worcester, MA-CT",16-19, 29 ,1221.89844,57388.97042,239.55995,0.19606,57388.97042,394.07612,,,,,,,,26.00000,1172.15042,56329.91127,237.33923,0.20248,56329.91127,390.42304,,0.95929,,0.07986
49340,"Worcester, MA-CT",20-24, 79 ,4276.69849,244019.93070,493.98374,0.11551,244019.93070,812.60324,5.00000,225.72678,14897.64933,122.05593,0.54072,14897.64933,200.78200,74.00000,4050.97170,238179.08759,488.03595,0.12047,238179.08759,802.81914,0.05278,0.94722,0.04586,0.05335
49660,"Youngstown-Warren-Boardman, OH-PA",16-19, 31 ,951.69801,43944.46987,209.62936,0.22027,43944.46987,344.84030,,,,,,,,31.00000,951.69801,43944.46987,209.62936,0.22027,43944.46987,344.84030,,1.00000,,0.00000
49660,"Youngstown-Warren-Boardman, OH-PA",20-24, 116 ,4543.08717,214135.31479,462.74757,0.10186,214135.31479,761.21975,,,,,,,,115.00000,4524.53848,215658.24627,464.39019,0.10264,215658.24627,763.92186,,0.99592,,0.02070
