Assigned_CBSA,Assigned_CBSATitle,age_recode, sample_tot ,dy_total,var_tot,se_tot,cv_tot,se2_tot,moe_tot,sample_lths,dy_lths,var_lths,se_lths,cv_lths,se2_lths,moe_lths,sample_hs,dy_hs,var_hs,se_hs,cv_hs,se2_hs,moe_hs,sample_sc,dy_sc,var_sc,se_sc,cv_sc,se2_sc,moe_sc,S_lths,S_hs,S_sc,MOE_Slths,MOE_Shs,MOE_Ssc
0,_US total,16-19," 19,771 ",784008.30555,62389273.41800,7898.68808,0.01007,62389273.41800,12993.34190,8308.00000,325256.29118,21322547.48900,4617.63440,0.01420,21322547.48900,7596.00859,10097.00000,403151.50638,26779414.67200,5174.88306,0.01284,26779414.67200,8512.68263,1366.00000,55600.50800,3990684.27920,1997.66971,0.03593,3990684.27920,3286.16668,0.41486,0.51422,0.07092,0.00683,0.00673,0.00402
0,_US total,20-24," 50,398 ",2243041.19990,143872271.20000,11994.67679,0.00535,143872271.20000,19731.24331,15046.00000,675526.55233,52479611.88100,7244.28132,0.01072,52479611.88100,11916.84278,25255.00000,1119702.65220,62715121.06900,7919.28791,0.00707,62715121.06900,13027.22862,10097.00000,447811.99531,30224935.85500,5497.72097,0.01228,30224935.85500,9043.75099,0.30117,0.49919,0.19965,0.00461,0.00380,0.00363
10420,"Akron, OH",16-19, 29 ,1546.68329,126928.50726,356.27027,0.23034,126928.50726,586.06460,6.00000,381.34885,32127.00701,179.24008,0.47002,32127.00701,294.84993,21.00000,1046.00837,89249.47153,298.74650,0.28561,89249.47153,491.43799,,,,,,,,0.24656,0.67629,,0.16617,0.18785,
10420,"Akron, OH",20-24, 85 ,4025.36815,203697.12891,451.32818,0.11212,203697.12891,742.43486,22.00000,881.74805,59618.72706,244.16946,0.27692,59618.72706,401.65877,50.00000,2666.68677,173875.23882,416.98350,0.15637,173875.23882,685.93786,13.00000,476.93334,19515.52319,139.69797,0.29291,19515.52319,229.80316,0.21905,0.66247,0.11848,0.09124,0.11878,0.05274
10580,"Albany-Schenectady-Troy, NY",16-19, 34 ,1996.64544,128234.39557,358.09830,0.17935,128234.39557,589.07171,15.00000,897.51811,49590.85347,222.69004,0.24812,49590.85347,366.32511,17.00000,941.07447,83969.21512,289.77442,0.30792,83969.21512,476.67892,,,,,,,,0.44951,0.47133,,0.12678,0.19406,
10580,"Albany-Schenectady-Troy, NY",20-24, 68 ,3470.32844,274771.20994,524.18624,0.15105,274771.20994,862.28636,21.00000,1423.79564,130421.34095,361.13895,0.25365,130421.34095,594.07357,27.00000,1134.42630,68776.61876,262.25297,0.23118,68776.61876,431.40613,20.00000,912.10650,60358.48002,245.67963,0.26935,60358.48002,404.14299,0.41028,0.32689,0.26283,0.13752,0.09411,0.09642
10740,"Albuquerque, NM",16-19, 71 ,2784.99747,176279.47368,419.85649,0.15076,176279.47368,690.66393,40.00000,1694.26777,102624.69421,320.35089,0.18908,102624.69421,526.97722,28.00000,935.80579,55920.10382,236.47432,0.25270,55920.10382,389.00026,,,,,,,,0.60836,0.33602,,0.11421,0.11210,
10740,"Albuquerque, NM",20-24, 163 ,7696.57729,466656.11176,683.12233,0.08876,466656.11176,1123.73623,53.00000,2927.29366,181265.44085,425.75279,0.14544,181265.44085,700.36334,66.00000,2491.89764,206831.61526,454.78744,0.18251,206831.61526,748.12534,44.00000,2277.38599,120265.13095,346.79263,0.15228,120265.13095,570.47388,0.38034,0.32377,0.29590,0.07209,0.08493,0.06023
10900,"Allentown-Bethlehem-Easton, PA-NJ",16-19, 32 ,1860.14131,194733.85908,441.28660,0.23723,194733.85908,725.91645,13.00000,784.44130,86794.90692,294.60975,0.37557,86794.90692,484.63304,17.00000,841.12215,42048.59578,205.05754,0.24379,42048.59578,337.31966,,,,,,,,0.42171,0.45218,,0.20198,0.04178,
10900,"Allentown-Bethlehem-Easton, PA-NJ",20-24, 81 ,4241.87302,377261.67264,614.21631,0.14480,377261.67264,1010.38583,24.00000,1305.07651,113382.23817,336.72279,0.25801,113382.23817,553.90899,35.00000,1912.66670,158086.83340,397.60135,0.20788,158086.83340,654.05422,22.00000,1024.12981,63641.27298,252.27222,0.24633,63641.27298,414.98780,0.30767,0.45090,0.24143,0.10808,0.11063,0.07914
12060,"Atlanta-Sandy Springs-Roswell, GA",16-19, 310 ,14194.81523,753296.39954,867.92649,0.06114,753296.39954,1427.73908,144.00000,6374.40652,382163.54949,618.19378,0.09698,382163.54949,1016.92877,157.00000,7589.10202,421486.17441,649.21967,0.08555,421486.17441,1067.96635,9.00000,231.30669,9486.70464,97.39972,0.42108,9486.70464,160.22253,0.44907,0.53464,0.01630,0.05561,0.05262,0.01117
12060,"Atlanta-Sandy Springs-Roswell, GA",20-24, 721 ,38685.38067,2448994.69360,1564.92642,0.04045,2448994.69360,2574.30396,232.00000,12443.31412,1192707.77180,1092.11161,0.08777,1192707.77180,1796.52360,335.00000,18799.39966,1147983.59770,1071.43996,0.05699,1147983.59770,1762.51874,154.00000,7442.66689,568948.37085,754.28666,0.10135,568948.37085,1240.80156,0.32165,0.48596,0.19239,0.04121,0.03209,0.02941
12260,"Augusta-Richmond County, GA-SC",16-19, 46 ,2145.55062,114519.39543,338.40714,0.15773,114519.39543,556.67975,15.00000,727.72926,65055.04895,255.05891,0.35049,65055.04895,419.57191,30.00000,1405.21105,64244.46377,253.46492,0.18037,64244.46377,416.94979,,,,,,,,0.33918,0.65494,,0.17463,0.09428,
12260,"Augusta-Richmond County, GA-SC",20-24, 97 ,4473.16171,315403.32531,561.60780,0.12555,315403.32531,923.84484,29.00000,1279.37437,90489.53308,300.81478,0.23513,90489.53308,494.84032,49.00000,2233.90854,191077.47616,437.12410,0.19568,191077.47616,719.06914,19.00000,959.87879,52008.17158,228.05300,0.23759,52008.17158,375.14719,0.28601,0.49940,0.21459,0.09353,0.12330,0.07120
12420,"Austin-Round Rock, TX",16-19, 84 ,3908.88232,242842.84241,492.79087,0.12607,242842.84241,810.64098,29.00000,1237.67756,84485.65308,290.66416,0.23485,84485.65308,478.14254,49.00000,2310.01500,139707.53487,373.77471,0.16181,139707.53487,614.85940,6.00000,361.18975,25963.87989,161.13311,0.44612,25963.87989,265.06397,0.31663,0.59097,0.09240,0.10320,0.09860,0.06505
12420,"Austin-Round Rock, TX",20-24, 201 ,9206.14193,601975.59684,775.87086,0.08428,601975.59684,1276.30757,63.00000,2895.88215,245853.54989,495.83621,0.17122,245853.54989,815.65057,95.00000,4341.52715,224595.34090,473.91491,0.10916,224595.34090,779.59003,43.00000,1968.73263,132895.47176,364.54831,0.18517,132895.47176,599.68197,0.31456,0.47159,0.21385,0.07712,0.05382,0.05800
12540,"Bakersfield, CA",16-19, 83 ,3823.75159,239405.62608,489.29094,0.12796,239405.62608,804.88360,34.00000,1624.46762,111770.74009,334.32131,0.20580,111770.74009,549.95856,45.00000,2125.24439,175194.33889,418.56223,0.19695,175194.33889,688.53487,,,,,,,,0.42484,0.55580,,0.11265,0.13688,
12540,"Bakersfield, CA",20-24, 242 ,11727.74824,462813.06340,680.30366,0.05801,462813.06340,1119.09951,62.00000,2727.66696,168917.80395,410.99611,0.15068,168917.80395,676.08860,132.00000,6779.86361,381484.81444,617.64457,0.09110,381484.81444,1016.02532,48.00000,2220.21768,103367.39437,321.50800,0.14481,103367.39437,528.88066,0.23258,0.57810,0.18931,0.05321,0.06680,0.04132
12580,"Baltimore-Columbia-Towson, MD",16-19, 114 ,5319.98931,406294.00521,637.41196,0.11981,406294.00521,1048.54267,38.00000,1624.54976,94297.16127,307.07843,0.18902,94297.16127,505.14401,65.00000,3300.70431,232703.43247,482.39344,0.14615,232703.43247,793.53721,11.00000,394.73524,18422.93085,135.73110,0.34385,18422.93085,223.27766,0.30537,0.62043,0.07420,0.07344,0.08541,0.03934
12580,"Baltimore-Columbia-Towson, MD",20-24, 300 ,13639.66923,875976.34114,935.93608,0.06862,875976.34114,1539.61485,78.00000,3774.88567,341102.28836,584.03963,0.15472,341102.28836,960.74519,151.00000,6356.40875,438985.98289,662.56017,0.10423,438985.98289,1089.91148,71.00000,3508.37481,181763.85950,426.33773,0.12152,181763.85950,701.32556,0.27676,0.46602,0.25722,0.06313,0.06015,0.04244
12940,"Baton Rouge, LA",16-19, 46 ,2355.26251,239188.01418,489.06852,0.20765,239188.01418,804.51771,30.00000,1422.69857,124561.57439,352.93282,0.24807,124561.57439,580.57449,16.00000,932.56393,65111.34448,255.16925,0.27362,65111.34448,419.75341,,,,,,,,0.60405,0.39595,,0.13487,0.11606,
12940,"Baton Rouge, LA",20-24, 120 ,7921.59152,633532.50358,795.94755,0.10048,633532.50358,1309.33372,42.00000,2884.48510,258526.71970,508.45523,0.17627,258526.71970,836.40885,58.00000,3917.93286,372789.16587,610.56463,0.15584,372789.16587,1004.37881,20.00000,1119.17355,68575.74597,261.86971,0.23398,68575.74597,430.77568,0.36413,0.49459,0.14128,0.08675,0.09692,0.04911
13820,"Birmingham-Hoover, AL",16-19, 70 ,3566.56421,249330.20286,499.32975,0.14000,249330.20286,821.39744,30.00000,1731.86833,139766.90493,373.85412,0.21587,139766.90493,614.99003,38.00000,1768.32591,92910.95706,304.81299,0.17237,92910.95706,501.41736,,,,,,,,0.48558,0.49581,,0.13125,0.08202,
13820,"Birmingham-Hoover, AL",20-24, 193 ,9534.61881,611104.54156,781.73176,0.08199,611104.54156,1285.94874,62.00000,2669.10314,155933.57768,394.88426,0.14795,155933.57768,649.58461,87.00000,4706.77934,358909.31374,599.09041,0.12728,358909.31374,985.50372,44.00000,2158.73633,155501.22607,394.33644,0.18267,155501.22607,648.68344,0.27994,0.49365,0.22641,0.05671,0.07906,0.06080
14260,"Boise City, ID",16-19, 30 ,2000.93808,214498.50368,463.13983,0.23146,214498.50368,761.86502,13.00000,510.65115,31310.56136,176.94791,0.34651,31310.56136,291.07931,16.00000,1397.17226,155912.24961,394.85725,0.28261,155912.24961,649.54018,,,,,,,,0.25521,0.69826,,0.10826,0.18626,
14260,"Boise City, ID",20-24, 73 ,4075.91217,388921.53462,623.63574,0.15301,388921.53462,1025.88079,20.00000,1337.10220,140816.22314,375.25488,0.28065,140816.22314,617.29427,37.00000,1961.78442,152108.05116,390.01032,0.19880,152108.05116,641.56698,16.00000,777.02554,48935.62727,221.21399,0.28469,48935.62727,363.89701,0.32805,0.48131,0.19064,0.12696,0.10050,0.07529
14460,"Boston-Cambridge-Newton, MA-NH",16-19, 115 ,4121.76943,238707.38897,488.57690,0.11854,238707.38897,803.70900,46.00000,1709.35761,113583.48558,337.02149,0.19716,113583.48558,554.40035,60.00000,2110.51200,70798.01869,266.07897,0.12607,70798.01869,437.69991,9.00000,301.89982,14462.34868,120.25951,0.39834,14462.34868,197.82689,0.41471,0.51204,0.07325,0.10748,0.03617,0.04582
14460,"Boston-Cambridge-Newton, MA-NH",20-24, 319 ,13561.08195,1108629.41690,1052.91472,0.07764,1108629.41690,1732.04472,81.00000,3373.31404,159300.20240,399.12429,0.11832,159300.20240,656.55946,170.00000,7691.32254,684764.84515,827.50519,0.10759,684764.84515,1361.24604,68.00000,2496.44538,114938.67024,339.02606,0.13580,114938.67024,557.69787,0.24875,0.56716,0.18409,0.03653,0.06949,0.03374
14860,"Bridgeport-Stamford-Norwalk, CT",16-19, 31 ,1609.18625,127925.89475,357.66730,0.22227,127925.89475,588.36270,12.00000,654.79560,49424.68469,222.31663,0.33952,49424.68469,365.71086,16.00000,860.27439,60406.33060,245.77699,0.28570,60406.33060,404.30315,,,,,,,,0.40691,0.53460,,0.17180,0.15786,
14860,"Bridgeport-Stamford-Norwalk, CT",20-24, 63 ,2606.03011,115540.11936,339.91193,0.13043,115540.11936,559.15512,16.00000,454.37360,12928.38488,113.70306,0.25024,12928.38488,187.04153,35.00000,1696.00377,78646.98654,280.44070,0.16535,78646.98654,461.32495,12.00000,455.65274,19824.37992,140.79908,0.30901,19824.37992,231.61448,0.17435,0.65080,0.17485,0.06125,0.10880,0.08057
15380,"Buffalo-Cheektowaga-Niagara Falls, NY",16-19, 70 ,2610.03397,138851.38824,372.62768,0.14277,138851.38824,612.97253,34.00000,1163.29005,60004.48144,244.95812,0.21057,60004.48144,402.95611,33.00000,1367.90087,91907.14024,303.16190,0.22163,91907.14024,498.70133,,,,,,,,0.44570,0.52409,,0.11349,0.14614,
15380,"Buffalo-Cheektowaga-Niagara Falls, NY",20-24, 143 ,6085.04172,336458.40638,580.05035,0.09532,336458.40638,954.18282,45.00000,2140.26199,119513.66450,345.70748,0.16153,119513.66450,568.68881,76.00000,3017.89872,166062.44905,407.50761,0.13503,166062.44905,670.35001,22.00000,926.88100,55357.91240,235.28262,0.25384,55357.91240,387.03991,0.35173,0.49595,0.15232,0.07545,0.07803,0.05895
15980,"Cape Coral-Fort Myers, FL",16-19, 34 ,1502.26518,108650.30101,329.62145,0.21942,108650.30101,542.22729,14.00000,739.85757,53202.58620,230.65686,0.31176,53202.58620,379.43053,20.00000,762.40761,48136.26468,219.39978,0.28777,48136.26468,360.91264,,,,,,,,0.49249,0.50751,,0.17943,0.15545,
15980,"Cape Coral-Fort Myers, FL",20-24, 97 ,4077.16697,209767.85364,458.00421,0.11233,209767.85364,753.41692,30.00000,1646.02435,118945.78732,344.88518,0.20953,118945.78732,567.33612,50.00000,1795.88459,84609.72685,290.87751,0.16197,84609.72685,478.49351,17.00000,635.25802,33447.27662,182.88597,0.28789,33447.27662,300.84741,0.40372,0.44047,0.15581,0.11746,0.08455,0.06794
16700,"Charleston-North Charleston, SC",16-19, 28 ,1281.63202,87398.04960,295.63161,0.23067,87398.04960,486.31400,12.00000,623.00064,38470.38673,196.13869,0.31483,38470.38673,322.64815,12.00000,522.46816,40423.34225,201.05557,0.38482,40423.34225,330.73641,,,,,,,,0.48610,0.40766,,0.17133,0.20656,
16700,"Charleston-North Charleston, SC",20-24, 129 ,5560.60643,421825.15744,649.48068,0.11680,421825.15744,1068.39572,34.00000,1432.31847,122998.74468,350.71177,0.24486,122998.74468,576.92086,65.00000,2962.13248,169222.01042,411.36603,0.13887,169222.01042,676.69712,30.00000,1166.15547,58896.11004,242.68521,0.20811,58896.11004,399.21717,0.25758,0.53270,0.20972,0.09119,0.06583,0.05942
16740,"Charlotte-Concord-Gastonia, NC-SC",16-19, 136 ,4482.82129,211512.37349,459.90474,0.10259,211512.37349,756.54330,60.00000,1843.79389,95300.86570,308.70838,0.16743,95300.86570,507.82529,73.00000,2563.16021,103943.95473,322.40340,0.12578,103943.95473,530.35360,,,,,,,,0.41130,0.57177,,0.08952,0.06845,
16740,"Charlotte-Concord-Gastonia, NC-SC",20-24, 402 ,17903.85732,1224769.59620,1106.69309,0.06181,1224769.59620,1820.51013,139.00000,6210.49678,482314.10565,694.48838,0.11182,482314.10565,1142.43338,199.00000,8846.15691,442768.79253,665.40874,0.07522,442768.79253,1094.59738,64.00000,2847.20363,181505.45053,426.03456,0.14963,181505.45053,700.82686,0.34688,0.49409,0.15903,0.05317,0.03484,0.03565
16860,"Chattanooga, TN-GA",16-19, 55 ,1820.24681,67018.18224,258.87870,0.14222,67018.18224,425.85546,21.00000,506.14984,16681.29446,129.15609,0.25517,16681.29446,212.46176,27.00000,1014.28070,54139.53277,232.67903,0.22940,54139.53277,382.75701,7.00000,299.81627,14235.75661,119.31369,0.39796,14235.75661,196.27102,0.27807,0.55722,0.16471,0.09691,0.16499,0.10071
16860,"Chattanooga, TN-GA",20-24, 98 ,4020.15248,241769.66886,491.70079,0.12231,241769.66886,808.84780,33.00000,1306.51998,86740.57527,294.51753,0.22542,86740.57527,484.48134,50.00000,2235.40627,165789.40391,407.17245,0.18215,165789.40391,669.79868,15.00000,478.22624,17902.97440,133.80200,0.27979,17902.97440,220.10429,0.32499,0.55605,0.11896,0.10123,0.12346,0.04924
16980,"Chicago-Naperville-Elgin, IL-IN-WI",16-19, 461 ,21938.55627,1891921.36040,1375.47132,0.06270,1891921.36040,2262.65033,191.00000,8181.97370,394596.55160,628.16921,0.07677,394596.55160,1033.33834,235.00000,11705.40642,950263.87801,974.81479,0.08328,950263.87801,1603.57033,35.00000,2051.17615,152184.45131,390.10826,0.19019,152184.45131,641.72808,0.37295,0.53355,0.09350,0.02719,0.04811,0.02762
16980,"Chicago-Naperville-Elgin, IL-IN-WI",20-24," 1,173 ",60496.31424,3521246.20900,1876.49839,0.03102,3521246.20900,3086.83985,342.00000,16560.78967,917889.32386,958.06541,0.05785,917889.32386,1576.01759,553.00000,28388.99774,1644993.83200,1282.57313,0.04518,1644993.83200,2109.83280,278.00000,15546.52684,1775752.18410,1332.57352,0.08572,1775752.18410,2192.08344,0.27375,0.46927,0.25698,0.02199,0.02536,0.03378
17140,"Cincinnati, OH-KY-IN",16-19, 114 ,4591.43771,269319.28909,518.95981,0.11303,269319.28909,853.68889,34.00000,1213.85645,92266.86533,303.75461,0.25024,92266.86533,499.67634,72.00000,2981.73655,135639.71805,368.29298,0.12352,135639.71805,605.84195,8.00000,395.84471,26140.05739,161.67887,0.40844,26140.05739,265.96174,0.26437,0.64941,0.08621,0.09709,0.05321,0.05566
17140,"Cincinnati, OH-KY-IN",20-24, 267 ,11522.52286,587893.98419,766.74245,0.06654,587893.98419,1261.29133,69.00000,2504.01812,131921.82463,363.21044,0.14505,131921.82463,597.48118,144.00000,6305.39249,340858.59360,583.83096,0.09259,340858.59360,960.40193,54.00000,2713.11226,180259.57637,424.56987,0.15649,180259.57637,698.41744,0.21732,0.54722,0.23546,0.04607,0.05796,0.05486
17460,"Cleveland-Elyria, OH",16-19, 137 ,5724.73859,218614.03754,467.56180,0.08167,218614.03754,769.13916,67.00000,2622.43600,165056.53318,406.27150,0.15492,165056.53318,668.31662,62.00000,2672.66048,161543.90469,401.92525,0.15038,161543.90469,661.16703,8.00000,429.64211,26985.03124,164.27121,0.38234,26985.03124,270.22614,0.45809,0.46686,0.07505,0.09920,0.09698,0.04611
17460,"Cleveland-Elyria, OH",20-24, 310 ,13717.96803,732979.33153,856.14212,0.06241,732979.33153,1408.35379,112.00000,4998.91507,348278.67188,590.15140,0.11806,348278.67188,970.79905,149.00000,6643.45654,349431.86513,591.12762,0.08898,349431.86513,972.40494,49.00000,2075.59641,104800.35607,323.72883,0.15597,104800.35607,532.53393,0.36441,0.48429,0.15130,0.06007,0.05052,0.03558
17820,"Colorado Springs, CO",16-19, 35 ,1424.59156,46922.25611,216.61546,0.15205,46922.25611,356.33243,9.00000,427.27619,21278.60066,145.87186,0.34140,21278.60066,239.95922,19.00000,686.99514,33143.95656,182.05482,0.26500,33143.95656,299.48017,7.00000,310.32023,11768.15271,108.48112,0.34958,11768.15271,178.45144,0.29993,0.48224,0.21783,0.15081,0.17217,0.11279
17820,"Colorado Springs, CO",20-24, 82 ,4444.72927,396373.97660,629.58238,0.14165,396373.97660,1035.66302,17.00000,1195.97778,162290.52507,402.85298,0.33684,162290.52507,662.69316,37.00000,1690.07933,123885.73643,351.97406,0.20826,123885.73643,578.99732,28.00000,1558.67216,128455.02930,358.40624,0.22994,128455.02930,589.57826,0.26908,0.38024,0.35068,0.13527,0.09549,0.10449
17900,"Columbia, SC",16-19, 48 ,2460.10007,219335.14206,468.33230,0.19037,219335.14206,770.40663,23.00000,835.13850,45632.35733,213.61732,0.25579,45632.35733,351.40048,22.00000,1215.74101,99261.97326,315.05868,0.25915,99261.97326,518.27153,,,,,,,,0.33947,0.49418,,0.09540,0.14294,
17900,"Columbia, SC",20-24, 125 ,5544.60761,579135.69652,761.00966,0.13725,579135.69652,1251.86088,46.00000,1717.43973,89711.80188,299.51928,0.17440,89711.80188,492.70922,63.00000,3143.40884,322058.35585,567.50186,0.18054,322058.35585,933.54055,16.00000,683.75903,47391.13247,217.69504,0.31838,47391.13247,358.10835,0.30975,0.56693,0.12332,0.05482,0.10938,0.05828
18140,"Columbus, OH",16-19, 94 ,3067.81783,152986.33600,391.13468,0.12750,152986.33600,643.41654,34.00000,984.41515,41337.94818,203.31736,0.20654,41337.94818,334.45705,48.00000,1823.10531,100468.89820,316.96829,0.17386,100468.89820,521.41284,12.00000,260.29737,6465.25328,80.40680,0.30890,6465.25328,132.26918,0.32088,0.59427,0.08485,0.08577,0.11555,0.03927
18140,"Columbus, OH",20-24, 249 ,11534.25972,884613.00513,940.53868,0.08154,884613.00513,1547.18613,86.00000,3966.31782,263665.80121,513.48398,0.12946,263665.80121,844.68115,119.00000,5373.37107,402592.19356,634.50153,0.11808,402592.19356,1043.75502,44.00000,2194.57082,166424.36416,407.95142,0.18589,166424.36416,671.08009,0.34387,0.46586,0.19027,0.05688,0.06545,0.05228
19100,"Dallas-Fort Worth-Arlington, TX",16-19, 402 ,17277.98820,865974.22412,930.57736,0.05386,865974.22412,1530.79976,151.00000,6467.07547,397686.38620,630.62381,0.09751,397686.38620,1037.37616,217.00000,9299.70739,398310.73136,631.11863,0.06786,398310.73136,1038.19015,34.00000,1511.20535,96529.24363,310.69156,0.20559,96529.24363,511.08761,0.37430,0.53824,0.08746,0.05005,0.03656,0.02855
19100,"Dallas-Fort Worth-Arlington, TX",20-24, 938 ,44367.56817,3510624.35390,1873.66602,0.04223,3510624.35390,3082.18060,287.00000,14028.19052,852005.18434,923.04127,0.06580,852005.18434,1518.40289,463.00000,21060.55845,1603057.49050,1266.11907,0.06012,1603057.49050,2082.76586,188.00000,9278.81920,723920.20624,850.83501,0.09170,723920.20624,1399.62358,0.31618,0.47468,0.20914,0.02624,0.03341,0.02800
19380,"Dayton, OH",16-19, 39 ,1438.14860,63851.73289,252.68900,0.17570,63851.73289,415.67341,25.00000,1001.31677,41420.76436,203.52092,0.20325,41420.76436,334.79191,12.00000,422.83731,25363.48670,159.25918,0.37664,25363.48670,261.98135,,,,,,,,0.69625,0.29402,,0.11703,0.16113,
19380,"Dayton, OH",20-24, 103 ,4905.63307,268128.40083,517.81116,0.10555,268128.40083,851.79936,37.00000,1635.35592,96336.79371,310.38169,0.18979,96336.79371,510.57788,49.00000,2342.10835,162192.61763,402.73145,0.17195,162192.61763,662.49323,17.00000,928.16881,49920.21327,223.42832,0.24072,49920.21327,367.53958,0.33336,0.47743,0.18920,0.08650,0.10661,0.06733
19660,"Deltona-Daytona Beach-Ormond Beach, FL",16-19, 40 ,1482.54480,76239.86133,276.11567,0.18624,76239.86133,454.21027,22.00000,810.79891,35033.09873,187.17131,0.23085,35033.09873,307.89680,15.00000,547.39321,23879.87255,154.53114,0.28230,23879.87255,254.20372,,,,,,,,0.54690,0.36923,,0.12271,0.12886,
19660,"Deltona-Daytona Beach-Ormond Beach, FL",20-24, 96 ,4407.62314,244418.38775,494.38688,0.11217,244418.38775,813.26642,34.00000,1535.20239,90396.27594,300.65973,0.19584,90396.27594,494.58526,45.00000,2089.42122,172630.25473,415.48797,0.19885,172630.25473,683.47771,17.00000,782.99954,41985.95230,204.90474,0.26169,41985.95230,337.06830,0.34831,0.47405,0.17765,0.09198,0.12804,0.06909
19740,"Denver-Aurora-Lakewood, CO",16-19, 111 ,4875.68897,429753.94515,655.55621,0.13445,429753.94515,1078.38997,60.00000,2724.50589,258267.02517,508.19979,0.18653,258267.02517,835.98865,44.00000,1748.39239,97881.84140,312.86074,0.17894,97881.84140,514.65591,7.00000,402.79069,28914.75912,170.04340,0.42216,28914.75912,279.72140,0.55879,0.35859,0.08261,0.11884,0.06965,0.05438
19740,"Denver-Aurora-Lakewood, CO",20-24, 257 ,11748.71397,780522.74195,883.47198,0.07520,780522.74195,1453.31141,92.00000,4377.57339,270462.72118,520.06031,0.11880,270462.72118,855.49920,100.00000,4312.69585,271727.82570,521.27519,0.12087,271727.82570,857.49769,65.00000,3058.44474,266300.75766,516.04337,0.16873,266300.75766,848.89134,0.37260,0.36708,0.26032,0.05637,0.05714,0.06468
19780,"Des Moines-West Des Moines, IA",16-19, 19 ,1132.86032,85336.67309,292.12441,0.25786,85336.67309,480.54466,,,,,,,,14.00000,670.99586,40214.03071,200.53436,0.29886,40214.03071,329.87903,,,,,,,,,0.59230,,,0.14720,
19780,"Des Moines-West Des Moines, IA",20-24, 33 ,2190.46235,220325.73938,469.38869,0.21429,220325.73938,772.14439,13.00000,673.02161,55592.93640,235.78154,0.35033,55592.93640,387.86064,13.00000,1063.38888,150955.28885,388.52965,0.36537,150955.28885,639.13127,7.00000,454.05186,37035.41316,192.44587,0.42384,37035.41316,316.57346,0.30725,0.48546,0.20729,0.14008,0.23633,0.12469
19820,"Detroit-Warren-Dearborn, MI",16-19, 244 ,12115.25889,822300.77540,906.80801,0.07485,822300.77540,1491.69918,120.00000,6321.33212,452913.25853,672.98830,0.10646,452913.25853,1107.06576,96.00000,4579.41815,329042.53323,573.62229,0.12526,329042.53323,943.60867,28.00000,1214.50861,55981.21745,236.60350,0.19481,55981.21745,389.21276,0.52177,0.37799,0.10025,0.06498,0.06245,0.02966
19820,"Detroit-Warren-Dearborn, MI",20-24, 621 ,36461.51850,2192660.23110,1480.76339,0.04061,2192660.23110,2435.85578,204.00000,11945.27573,882050.44931,939.17541,0.07862,882050.44931,1544.94355,270.00000,15769.50085,1103202.16370,1050.33431,0.06661,1103202.16370,1727.79994,147.00000,8746.74192,598728.92863,773.77576,0.08846,598728.92863,1272.86113,0.32761,0.43250,0.23989,0.03628,0.03756,0.03101
21340,"El Paso, TX",16-19, 85 ,3613.40439,251580.69949,501.57821,0.13881,251580.69949,825.09615,34.00000,1550.20733,111435.45305,333.81949,0.21534,111435.45305,549.13306,41.00000,1744.76489,102893.72674,320.77052,0.18385,102893.72674,527.66751,10.00000,318.43216,13397.12679,115.74596,0.36349,13397.12679,190.40210,0.42902,0.48286,0.08813,0.11618,0.09575,0.04870
21340,"El Paso, TX",20-24, 207 ,9652.80158,755166.02673,869.00289,0.09003,755166.02673,1429.50976,52.00000,2374.95534,152347.44988,390.31711,0.16435,152347.44988,642.07165,111.00000,5254.76763,377911.23035,614.74485,0.11699,377911.23035,1011.25528,44.00000,2023.07860,157056.96531,396.30413,0.19589,157056.96531,651.92030,0.24604,0.54438,0.20958,0.05565,0.06690,0.05998
23420,"Fresno, CA",16-19, 113 ,4024.37545,201191.83286,448.54413,0.11146,201191.83286,737.85509,49.00000,1772.89561,109299.95379,330.60544,0.18648,109299.95379,543.84594,55.00000,1872.79800,74756.00039,273.41544,0.14599,74756.00039,449.76839,9.00000,378.68183,18543.94508,136.17615,0.35961,18543.94508,224.00977,0.44054,0.46536,0.09410,0.10834,0.07218,0.05292
23420,"Fresno, CA",20-24, 309 ,13610.89019,1033403.55240,1016.56458,0.07469,1033403.55240,1672.24874,108.00000,4817.28776,311862.92070,558.44688,0.11593,311862.92070,918.64512,126.00000,5529.43231,491664.94140,701.18824,0.12681,491664.94140,1153.45465,75.00000,3264.17013,288546.54467,537.16529,0.16456,288546.54467,883.63690,0.35393,0.40625,0.23982,0.05162,0.06849,0.05785
24340,"Grand Rapids-Wyoming, MI",16-19, 25 ,1193.74510,73956.69425,271.94980,0.22781,73956.69425,447.35742,16.00000,848.82669,63863.12090,252.71154,0.29772,63863.12090,415.71048,7.00000,260.99061,12038.71619,109.72108,0.42040,12038.71619,180.49118,,,,,,,,0.71106,0.21863,,0.22420,0.12707,
24340,"Grand Rapids-Wyoming, MI",20-24, 75 ,4759.21231,382898.68001,618.78807,0.13002,382898.68001,1017.90638,28.00000,1426.54318,100733.43880,317.38532,0.22249,100733.43880,522.09884,34.00000,2328.55256,164061.02680,405.04448,0.17395,164061.02680,666.29816,13.00000,1004.11656,115252.39124,339.48843,0.33810,115252.39124,558.45846,0.29974,0.48927,0.21098,0.08902,0.09300,0.10832
24660,"Greensboro-High Point, NC",16-19, 60 ,2731.66297,161345.36422,401.67818,0.14705,161345.36422,660.76061,34.00000,1548.13095,92959.07417,304.89191,0.19694,92959.07417,501.54718,24.00000,1082.66833,65566.28331,256.05914,0.23651,65566.28331,421.21729,,,,,,,,0.56674,0.39634,,0.12214,0.12077,
24660,"Greensboro-High Point, NC",20-24, 148 ,6893.94564,410995.04177,641.08895,0.09299,410995.04177,1054.59132,45.00000,1983.82496,156679.09813,395.82711,0.19953,156679.09813,651.13559,76.00000,3615.34020,210346.75769,458.63576,0.12686,210346.75769,754.45582,27.00000,1294.78049,91872.69970,303.10510,0.23410,91872.69970,498.60788,0.28776,0.52442,0.18781,0.08356,0.07444,0.06637
24860,"Greenville-Anderson-Mauldin, SC",16-19, 61 ,2371.45394,147847.53906,384.50948,0.16214,147847.53906,632.51809,33.00000,1398.18481,70914.70618,266.29815,0.19046,70914.70618,438.06046,26.00000,868.34480,40559.70520,201.39440,0.23193,40559.70520,331.29379,,,,,,,,0.58959,0.36617,,0.09692,0.09989,
24860,"Greenville-Anderson-Mauldin, SC",20-24, 165 ,7606.38019,494770.99928,703.39960,0.09247,494770.99928,1157.09234,68.00000,3145.18025,189329.49242,435.12009,0.13835,189329.49242,715.77255,74.00000,3568.10113,242082.72419,492.01903,0.13789,242082.72419,809.37130,23.00000,893.09881,49299.50589,222.03492,0.24861,49299.50589,365.24744,0.41349,0.46909,0.11741,0.06999,0.07893,0.04457
25420,"Harrisburg-Carlisle, PA",16-19, 27 ,1141.63671,69734.98303,264.07382,0.23131,69734.98303,434.40144,17.00000,826.47360,52136.02794,228.33315,0.27627,52136.02794,375.60803,10.00000,315.16311,17446.70983,132.08599,0.41910,17446.70983,217.28146,,,,,,,,0.72394,0.27606,,0.17991,0.15871,
25420,"Harrisburg-Carlisle, PA",20-24, 60 ,2650.84655,169732.85798,411.98648,0.15542,169732.85798,677.71776,17.00000,769.16481,51168.88744,226.20541,0.29409,51168.88744,372.10790,37.00000,1647.72007,98962.81759,314.58356,0.19092,98962.81759,517.48996,6.00000,233.96167,15063.23655,122.73238,0.52458,15063.23655,201.89476,0.29016,0.62158,0.08826,0.11917,0.11338,0.07274
25540,"Hartford-West Hartford-East Hartford, CT",16-19, 41 ,1562.25873,103332.86472,321.45430,0.20576,103332.86472,528.79232,17.00000,693.12946,39191.51063,197.96846,0.28562,39191.51063,325.65811,22.00000,833.19310,59870.54403,244.68458,0.29367,59870.54403,402.50614,,,,,,,,0.44367,0.53333,,0.14457,0.18383,
25540,"Hartford-West Hartford-East Hartford, CT",20-24, 131 ,6134.68968,386928.31725,622.03562,0.10140,386928.31725,1023.24860,55.00000,2866.30602,166086.60586,407.53724,0.14218,166086.60586,670.39877,62.00000,2617.85125,180675.00835,425.05883,0.16237,180675.00835,699.22177,14.00000,650.53242,40304.95910,200.76095,0.30861,40304.95910,330.25176,0.46723,0.42673,0.10604,0.07661,0.08902,0.05084
26420,"Houston-The Woodlands-Sugar Land, TX",16-19, 357 ,17394.15234,1241034.80910,1114.01742,0.06405,1241034.80910,1832.55865,156.00000,7757.18263,566203.53099,752.46497,0.09700,566203.53099,1237.80488,182.00000,8898.71403,893201.84040,945.09356,0.10621,893201.84040,1554.67891,19.00000,738.25568,42141.50929,205.28397,0.27807,42141.50929,337.69213,0.44596,0.51159,0.04244,0.05345,0.07130,0.01889
26420,"Houston-The Woodlands-Sugar Land, TX",20-24, 850 ,45824.63686,3261666.13610,1806.00834,0.03941,3261666.13610,2970.88372,268.00000,14279.47740,1193240.55090,1092.35551,0.07650,1193240.55090,1796.92481,440.00000,22904.12080,1425531.82350,1193.95637,0.05213,1425531.82350,1964.05824,142.00000,8641.03867,769736.62909,877.34636,0.10153,769736.62909,1443.23476,0.31161,0.49982,0.18857,0.03361,0.02805,0.02903
26900,"Indianapolis-Carmel-Anderson, IN",16-19, 87 ,3994.20889,309306.18317,556.15302,0.13924,309306.18317,914.87172,41.00000,1609.21927,84128.16361,290.04855,0.18024,84128.16361,477.12987,39.00000,1902.99233,135975.41372,368.74844,0.19377,135975.41372,606.59119,7.00000,481.99729,45174.79359,212.54363,0.44096,45174.79359,349.63427,0.40289,0.47644,0.12067,0.07585,0.10562,0.08306
26900,"Indianapolis-Carmel-Anderson, IN",20-24, 283 ,13007.23078,861924.29876,928.39878,0.07138,861924.29876,1527.21600,104.00000,4747.09326,266850.83098,516.57607,0.10882,266850.83098,849.76763,129.00000,5712.95803,374574.29766,612.02475,0.10713,374574.29766,1006.78072,50.00000,2547.17949,252651.85530,502.64486,0.19733,252651.85530,826.85079,0.36496,0.43921,0.19583,0.04931,0.05772,0.05926
27140,"Jackson, MS",16-19, 71 ,3038.45567,167104.55838,408.78424,0.13454,167104.55838,672.45008,26.00000,878.17490,54953.25747,234.42111,0.26694,54953.25747,385.62273,38.00000,1864.96781,106842.60247,326.86787,0.17527,106842.60247,537.69764,7.00000,295.31295,14129.18230,118.86624,0.40251,14129.18230,195.53496,0.28902,0.61379,0.09719,0.10962,0.11342,0.06065
27140,"Jackson, MS",20-24, 126 ,4999.59698,295175.09264,543.30019,0.10867,295175.09264,893.72881,46.00000,1907.62032,144890.00994,380.64420,0.19954,144890.00994,626.15972,55.00000,2158.68740,129506.89390,359.87066,0.16671,129506.89390,591.98724,25.00000,933.28926,62087.01084,249.17265,0.26698,62087.01084,409.88901,0.38155,0.43177,0.18667,0.10504,0.08979,0.07489
27260,"Jacksonville, FL",16-19, 89 ,3812.27747,310291.78916,557.03841,0.14612,310291.78916,916.32818,45.00000,1760.52826,115998.48259,340.58550,0.19346,115998.48259,560.26315,38.00000,1703.08660,108336.18924,329.14463,0.19326,108336.18924,541.44292,6.00000,348.66261,26801.23960,163.71084,0.46954,26801.23960,269.30433,0.46180,0.44674,0.09146,0.09632,0.09296,0.06713
27260,"Jacksonville, FL",20-24, 247 ,11678.71911,829056.19579,910.52523,0.07796,829056.19579,1497.81400,80.00000,3988.96623,284034.89555,532.94924,0.13361,284034.89555,876.70150,136.00000,6227.21794,421374.64418,649.13376,0.10424,421374.64418,1067.82504,31.00000,1462.53494,93783.48722,306.24090,0.20939,93783.48722,503.76628,0.34156,0.53321,0.12523,0.06096,0.06069,0.04003
28140,"Kansas City, MO-KS",16-19, 110 ,4481.81720,242006.38176,491.94144,0.10976,242006.38176,809.24367,48.00000,1864.52200,95240.02726,308.60983,0.16552,95240.02726,507.66317,59.00000,2411.23043,139707.23993,373.77432,0.15501,139707.23993,614.85875,,,,,,,,0.41602,0.53800,,0.08478,0.09687,
28140,"Kansas City, MO-KS",20-24, 246 ,11744.88744,473713.74392,688.26866,0.05860,473713.74392,1132.20194,61.00000,2784.61968,114547.83585,338.44916,0.12154,114547.83585,556.74887,140.00000,7187.23216,318621.05601,564.46528,0.07854,318621.05601,928.54539,45.00000,1773.03560,72788.97881,269.79433,0.15217,72788.97881,443.81167,0.23709,0.61195,0.15096,0.04153,0.05263,0.03487
28940,"Knoxville, TN",16-19, 73 ,3512.38330,227964.35349,477.45613,0.13594,227964.35349,785.41533,22.00000,1399.96606,124465.55029,352.79675,0.25200,124465.55029,580.35066,48.00000,1958.48300,109558.69735,330.99652,0.16901,109558.69735,544.48928,,,,,,,,0.39858,0.55759,,0.13913,0.09211,
28940,"Knoxville, TN",20-24, 193 ,9571.61994,506000.33924,711.33701,0.07432,506000.33924,1170.14938,44.00000,2373.36139,154934.14093,393.61674,0.16585,154934.14093,647.49954,133.00000,6519.38949,395253.54879,628.69193,0.09643,395253.54879,1034.19823,16.00000,678.86906,41501.13872,203.71828,0.30008,41501.13872,335.11658,0.24796,0.68112,0.07093,0.06048,0.06885,0.03392
29460,"Lakeland-Winter Haven, FL",16-19, 58 ,1959.33371,76127.01766,275.91125,0.14082,76127.01766,453.87401,28.00000,999.78939,47388.97512,217.69009,0.21774,47388.97512,358.10020,25.00000,815.44863,43872.92184,209.45864,0.25686,43872.92184,344.55946,5.00000,144.09569,6096.81895,78.08213,0.54188,6096.81895,128.44510,0.51027,0.41619,0.07354,0.13940,0.14707,0.06330
29460,"Lakeland-Winter Haven, FL",20-24, 144 ,6206.17287,342851.11784,585.53490,0.09435,342851.11784,963.20491,49.00000,2330.30397,169189.59211,411.32662,0.17651,169189.59211,676.63230,71.00000,3153.06582,169854.88324,412.13455,0.13071,169854.88324,677.96133,24.00000,722.80307,39539.01830,198.84421,0.27510,39539.01830,327.09872,0.37548,0.50805,0.11647,0.09214,0.07560,0.04951
29820,"Las Vegas-Henderson-Paradise, NV",16-19, 171 ,6475.77043,251456.15112,501.45404,0.07744,251456.15112,824.89189,77.00000,2642.43448,83433.35422,288.84832,0.10931,83433.35422,475.15549,83.00000,3270.46056,152409.93797,390.39715,0.11937,152409.93797,642.20332,11.00000,562.87540,26114.54836,161.59996,0.28710,26114.54836,265.83194,0.40805,0.50503,0.08692,0.05179,0.07547,0.03953
29820,"Las Vegas-Henderson-Paradise, NV",20-24, 385 ,17044.53444,948011.90057,973.65903,0.05712,948011.90057,1601.66910,138.00000,6471.60329,442395.76182,665.12838,0.10278,442395.76182,1094.13619,183.00000,7613.62236,303216.90782,550.65135,0.07232,303216.90782,905.82147,64.00000,2959.30879,211574.10546,459.97185,0.15543,211574.10546,756.65370,0.37969,0.44669,0.17362,0.05336,0.03259,0.04129
30780,"Little Rock-North Little Rock-Conway, AR",16-19, 40 ,2207.25608,165887.68046,407.29311,0.18452,165887.68046,669.99717,10.00000,568.59549,33628.90449,183.38185,0.32252,33628.90449,301.66315,30.00000,1638.66059,101882.46335,319.19032,0.19479,101882.46335,525.06808,,,,,,,,0.25760,0.74240,,0.11209,0.07620,
30780,"Little Rock-North Little Rock-Conway, AR",20-24, 99 ,5627.35559,450778.62430,671.40049,0.11931,450778.62430,1104.45381,23.00000,1204.31795,90387.92700,300.64585,0.24964,90387.92700,494.56242,52.00000,3101.17070,265570.80247,515.33562,0.16617,265570.80247,847.72710,24.00000,1321.86694,105669.66449,325.06871,0.24592,105669.66449,534.73802,0.21401,0.55109,0.23490,0.07720,0.10486,0.08309
31080,"Los Angeles-Long Beach-Anaheim, CA",16-19, 994 ,35546.27058,1570592.32020,1253.23275,0.03526,1570592.32020,2061.56787,357.00000,12988.53118,629768.64129,793.57964,0.06110,629768.64129,1305.43850,560.00000,20045.96005,610706.88440,781.47737,0.03898,610706.88440,1285.53028,77.00000,2511.77935,108250.30996,329.01415,0.13099,108250.30996,541.22827,0.36540,0.56394,0.07066,0.02999,0.01543,0.01466
31080,"Los Angeles-Long Beach-Anaheim, CA",20-24," 2,305 ",89628.86962,5196740.99820,2279.63615,0.02543,5196740.99820,3750.00147,765.00000,28939.80878,1869727.92970,1367.37995,0.04725,1869727.92970,2249.34002,1056.00000,42359.86743,2021251.98260,1421.70742,0.03356,2021251.98260,2338.70870,484.00000,18329.19340,1173305.71320,1083.19237,0.05910,1173305.71320,1781.85145,0.32288,0.47261,0.20450,0.02115,0.01703,0.01794
31140,"Louisville/Jefferson County, KY-IN",16-19, 64 ,2335.94965,117317.91555,342.51703,0.14663,117317.91555,563.44051,23.00000,1125.85966,102570.76698,320.26671,0.28446,102570.76698,526.83874,37.00000,1117.82793,52885.12038,229.96765,0.20573,52885.12038,378.29679,,,,,,,,0.48197,0.47853,,0.19326,0.11359,
31140,"Louisville/Jefferson County, KY-IN",20-24, 174 ,8211.71246,562181.26544,749.78748,0.09131,562181.26544,1233.40040,66.00000,3384.20826,288125.75398,536.77347,0.15861,288125.75398,882.99235,85.00000,3924.74224,303269.41942,550.69903,0.14031,303269.41942,905.89990,23.00000,902.76196,44597.23399,211.18057,0.23393,44597.23399,347.39204,0.41212,0.47794,0.10994,0.08792,0.08377,0.03895
31540,"Madison, WI",16-19,,,,,,,,,,,,,,,,,,,,,,,,,,,,,,,,,,
31540,"Madison, WI",20-24, 15 ,1266.17194,140239.15949,374.48519,0.29576,140239.15949,616.02814,,,,,,,,8.00000,603.59093,66331.34707,257.54873,0.42669,66331.34707,423.66766,,,,,,,,,0.47671,,,0.24118,
32580,"McAllen-Edinburg-Mission, TX",16-19, 94 ,4790.78197,270851.60780,520.43406,0.10863,270851.60780,856.11402,44.00000,2474.96964,131052.51686,362.01176,0.14627,131052.51686,595.50935,43.00000,2039.82629,127979.65303,357.74244,0.17538,127979.65303,588.48631,7.00000,275.98605,15546.08423,124.68394,0.45178,15546.08423,205.10508,0.51661,0.42578,0.05761,0.08324,0.09643,0.04156
32580,"McAllen-Edinburg-Mission, TX",20-24, 192 ,11767.85336,849913.03710,921.90728,0.07834,849913.03710,1516.53748,74.00000,4840.95085,338504.79104,581.81165,0.12019,338504.79104,957.08016,76.00000,4594.07752,409621.72419,640.01697,0.13931,409621.72419,1052.82792,42.00000,2332.82499,149442.60511,386.57807,0.16571,149442.60511,635.92093,0.41137,0.39039,0.19824,0.06168,0.07398,0.04762
32820,"Memphis, TN-MS-AR",16-19, 122 ,5366.99780,373270.92166,610.95902,0.11384,373270.92166,1005.02758,40.00000,1615.00130,93643.50895,306.01227,0.18948,93643.50895,503.39018,73.00000,3316.99533,242677.92757,492.62352,0.14851,242677.92757,810.36568,9.00000,435.00117,23261.25360,152.51640,0.35061,23261.25360,250.88949,0.30091,0.61804,0.08105,0.07498,0.09697,0.04421
32820,"Memphis, TN-MS-AR",20-24, 271 ,13635.11690,921282.90783,959.83483,0.07039,921282.90783,1578.92830,83.00000,4283.05514,337005.96498,580.52215,0.13554,337005.96498,954.95893,141.00000,6939.90460,350289.55936,591.85265,0.08528,350289.55936,973.59761,47.00000,2412.15715,212371.22742,460.83753,0.19105,212371.22742,758.07773,0.31412,0.50897,0.17691,0.05985,0.04031,0.05169
33100,"Miami-Fort Lauderdale-West Palm Beach, FL",16-19, 297 ,12884.62394,754238.70674,868.46917,0.06740,754238.70674,1428.63179,141.00000,6371.29682,330295.28425,574.71322,0.09020,330295.28425,945.40325,135.00000,5632.51026,277142.18321,526.44295,0.09347,277142.18321,865.99866,21.00000,880.81686,59220.85170,243.35335,0.27628,59220.85170,400.31626,0.49449,0.43715,0.06836,0.04876,0.04656,0.03013
33100,"Miami-Fort Lauderdale-West Palm Beach, FL",20-24, 821 ,38590.72519,3079282.11020,1754.78834,0.04547,3079282.11020,2886.62682,242.00000,10640.95901,715597.78494,845.93013,0.07950,715597.78494,1391.55506,425.00000,20432.51489,1461363.19610,1208.86856,0.05916,1461363.19610,1988.58878,154.00000,7517.25129,518108.44444,719.79750,0.09575,518108.44444,1184.06689,0.27574,0.52947,0.19479,0.02958,0.03297,0.02700
33340,"Milwaukee-Waukesha-West Allis, WI",16-19, 50 ,2871.99884,225165.50661,474.51608,0.16522,225165.50661,780.57895,25.00000,1426.87250,101749.84808,318.98252,0.22355,101749.84808,524.72625,24.00000,1420.12634,113297.89100,336.59752,0.23702,113297.89100,553.70292,,,,,,,,0.49682,0.49447,,0.12307,0.13823,
33340,"Milwaukee-Waukesha-West Allis, WI",20-24, 147 ,10107.93190,917383.11748,957.80119,0.09476,917383.11748,1575.58296,49.00000,3267.27386,236950.56415,486.77568,0.14899,236950.56415,800.74600,71.00000,4930.48612,520467.90330,721.43461,0.14632,520467.90330,1186.75994,27.00000,1910.17192,142473.69605,377.45688,0.19760,142473.69605,620.91657,0.32324,0.48778,0.18898,0.06113,0.08946,0.05391
33460,"Minneapolis-St. Paul-Bloomington, MN-WI",16-19, 60 ,3535.72559,180818.35071,425.22741,0.12027,180818.35071,699.49909,35.00000,2134.17350,130002.86726,360.55910,0.16895,130002.86726,593.11973,22.00000,1256.55209,105796.58857,325.26388,0.25885,105796.58857,535.05907,,,,,,,,0.60360,0.35539,,0.11781,0.13400,
33460,"Minneapolis-St. Paul-Bloomington, MN-WI",20-24, 212 ,16271.81979,1548147.22590,1244.24565,0.07647,1548147.22590,2046.78409,65.00000,4923.57124,499180.66429,706.52719,0.14350,499180.66429,1162.23722,109.00000,8378.79454,819213.27670,905.10401,0.10802,819213.27670,1488.89610,38.00000,2969.45401,300694.04751,548.35577,0.18467,300694.04751,902.04524,0.30258,0.51493,0.18249,0.06044,0.06463,0.05046
34980,"Nashville-Davidson--Murfreesboro--Franklin, TN",16-19, 106 ,4290.33398,193387.62315,439.75860,0.10250,193387.62315,723.40289,36.00000,1665.12040,80531.85646,283.78135,0.17043,80531.85646,466.82033,65.00000,2335.33126,128962.66383,359.11372,0.15377,128962.66383,590.74207,5.00000,289.88232,15221.87680,123.37697,0.42561,15221.87680,202.95512,0.38811,0.54432,0.06757,0.08693,0.10264,0.04591
34980,"Nashville-Davidson--Murfreesboro--Franklin, TN",20-24, 288 ,12743.04100,566428.11271,752.61419,0.05906,566428.11271,1238.05034,60.00000,2517.93659,116313.30684,341.04737,0.13545,116313.30684,561.02292,180.00000,8044.91345,409461.84761,639.89206,0.07954,409461.84761,1052.62244,48.00000,2180.19096,149223.76054,386.29491,0.17718,149223.76054,635.45513,0.19759,0.63132,0.17109,0.03962,0.05533,0.04701
35300,"New Haven-Milford, CT",16-19, 33 ,1423.99214,91307.62976,302.17152,0.21220,91307.62976,497.07216,16.00000,607.56189,32967.29935,181.56899,0.29885,32967.29935,298.68099,13.00000,718.15146,53836.19970,232.02629,0.32309,53836.19970,381.68325,,,,,,,,0.42666,0.50432,,0.14769,0.20212,
35300,"New Haven-Milford, CT",20-24, 93 ,5223.85924,432533.76417,657.67299,0.12590,432533.76417,1081.87207,26.00000,1286.64627,85791.41355,292.90171,0.22765,85791.41355,481.82332,54.00000,3291.42527,223137.66182,472.37449,0.14352,223137.66182,777.05604,13.00000,645.78770,47101.98407,217.02992,0.33607,47101.98407,357.01421,0.24630,0.63008,0.12362,0.07685,0.07141,0.06337
35380,"New Orleans-Metairie, LA",16-19, 79 ,2931.97996,130478.85248,361.21857,0.12320,130478.85248,594.20454,32.00000,1247.68429,102793.03985,320.61354,0.25697,102793.03985,527.40927,41.00000,1514.35801,70318.74824,265.17682,0.17511,70318.74824,436.21588,6.00000,169.93766,5727.29881,75.67892,0.44533,5727.29881,124.49182,0.42554,0.51650,0.05796,0.15786,0.10573,0.04080
35380,"New Orleans-Metairie, LA",20-24, 221 ,10045.55392,567443.73681,753.28861,0.07499,567443.73681,1239.15977,66.00000,3182.61910,183802.22708,428.72162,0.13471,183802.22708,705.24706,98.00000,4377.38413,257605.56423,507.54858,0.11595,257605.56423,834.91742,57.00000,2485.55069,204416.37814,452.12430,0.18190,204416.37814,743.74447,0.31682,0.43575,0.24743,0.05832,0.06339,0.06745
35620,"New York-Newark-Jersey City, NY-NJ-PA",16-19, 875 ,37894.40916,2106586.49950,1451.40845,0.03830,2106586.49950,2387.56691,346.00000,15288.60771,995647.60758,997.82143,0.06527,995647.60758,1641.41625,455.00000,19799.27736,964941.36431,982.31429,0.04961,964941.36431,1615.90701,74.00000,2806.52409,119357.30520,345.48127,0.12310,119357.30520,568.31668,0.40345,0.52249,0.07406,0.03507,0.02710,0.01425
35620,"New York-Newark-Jersey City, NY-NJ-PA",20-24," 2,307 ",113090.44242,7934686.94350,2816.85764,0.02491,7934686.94350,4633.73081,731.00000,36005.39083,2434945.91400,1560.43132,0.04334,2434945.91400,2566.90953,1102.00000,54864.53725,4269792.20590,2066.34755,0.03766,4269792.20590,3399.14172,474.00000,22220.51433,1143290.83130,1069.24779,0.04812,1143290.83130,1758.91261,0.31838,0.48514,0.19648,0.01857,0.02255,0.01331
35840,"North Port-Sarasota-Bradenton, FL",16-19, 35 ,1582.33309,78364.54297,279.93668,0.17691,78364.54297,460.49583,13.00000,590.12245,25463.50840,159.57289,0.27041,25463.50840,262.49741,21.00000,962.37219,57201.13579,239.16759,0.24852,57201.13579,393.43068,,,,,,,,0.37294,0.60820,,0.12546,0.17462,
35840,"North Port-Sarasota-Bradenton, FL",20-24, 67 ,3153.03862,330472.06332,574.86700,0.18232,330472.06332,945.65621,23.00000,885.21935,53623.25583,231.56696,0.26159,53623.25583,380.92765,32.00000,1392.25482,131672.61698,362.86722,0.26063,131672.61698,596.91657,12.00000,875.56446,146918.52637,383.29953,0.43777,146918.52637,630.52772,0.28075,0.44156,0.27769,0.08664,0.13528,0.18181
36260,"Ogden-Clearfield, UT",16-19, 27 ,1155.26720,67704.78673,260.20143,0.22523,67704.78673,428.03136,9.00000,330.64873,15955.21595,126.31396,0.38202,15955.21595,207.78646,13.00000,627.76252,30530.08312,174.72860,0.27834,30530.08312,287.42854,5.00000,196.85595,9198.67350,95.90972,0.48721,9198.67350,157.77148,0.28621,0.54339,0.17040,0.14527,0.14618,0.12110
36260,"Ogden-Clearfield, UT",20-24, 47 ,2166.16598,138878.27857,372.66376,0.17204,138878.27857,613.03189,13.00000,654.58266,51982.61818,227.99697,0.34831,51982.61818,375.05502,27.00000,1228.82427,61836.66497,248.66979,0.20236,61836.66497,409.06181,7.00000,282.75905,10571.64191,102.81849,0.36363,10571.64191,169.13642,0.30218,0.56728,0.13053,0.15055,0.09943,0.06879
36420,"Oklahoma City, OK",16-19, 83 ,4072.34820,313922.27406,560.28767,0.13758,313922.27406,921.67322,37.00000,1813.20726,153732.52248,392.08739,0.21624,153732.52248,644.98376,36.00000,1617.95379,126488.10265,355.65166,0.21982,126488.10265,585.04698,10.00000,641.18715,75177.81183,274.18573,0.42762,75177.81183,451.03552,0.44525,0.39730,0.15745,0.12219,0.11204,0.10487
36420,"Oklahoma City, OK",20-24, 148 ,8482.29079,794559.32302,891.38057,0.10509,794559.32302,1466.32104,35.00000,1879.10481,147641.11255,384.24096,0.20448,147641.11255,632.07637,77.00000,4336.52170,350435.43393,591.97587,0.13651,350435.43393,973.80031,36.00000,2266.66428,226134.03587,475.53553,0.20980,226134.03587,782.25594,0.22153,0.51124,0.26722,0.06392,0.07328,0.07982
36540,"Omaha-Council Bluffs, NE-IA",16-19, 28 ,1357.03586,86025.46213,293.30098,0.21613,86025.46213,482.48010,13.00000,659.42342,42443.18888,206.01745,0.31242,42443.18888,338.89870,14.00000,631.67082,34527.59842,185.81603,0.29417,34527.59842,305.66738,,,,,,,,0.48593,0.46548,,0.18033,0.15280,
36540,"Omaha-Council Bluffs, NE-IA",20-24, 84 ,4301.51900,293523.44687,541.77804,0.12595,293523.44687,891.22488,28.00000,1590.38240,153225.73642,391.44059,0.24613,153225.73642,643.91977,27.00000,1370.30023,104449.10276,323.18586,0.23585,104449.10276,531.64075,29.00000,1340.83638,93991.07363,306.57964,0.22865,93991.07363,504.32350,0.36973,0.31856,0.31171,0.12861,0.10449,0.09785
36740,"Orlando-Kissimmee-Sanford, FL",16-19, 119 ,5132.20366,339300.23215,582.49483,0.11350,339300.23215,958.20400,54.00000,2231.71244,195856.62240,442.55691,0.19830,195856.62240,728.00612,64.00000,2860.64295,210474.72811,458.77525,0.16037,210474.72811,754.68528,,,,,,,,0.43484,0.55739,,0.11632,0.10389,
36740,"Orlando-Kissimmee-Sanford, FL",20-24, 245 ,14461.93813,1310260.55150,1144.66613,0.07915,1310260.55150,1882.97579,70.00000,4518.90767,416904.79600,645.68165,0.14288,416904.79600,1062.14632,125.00000,7545.13565,770483.63778,877.77197,0.11634,770483.63778,1443.93490,50.00000,2397.89481,207870.52700,455.92820,0.19014,207870.52700,750.00190,0.31247,0.52172,0.16581,0.06115,0.07317,0.04715
37100,"Oxnard-Thousand Oaks-Ventura, CA",16-19, 35 ,1330.88348,67120.53099,259.07630,0.19466,67120.53099,426.18052,10.00000,394.30386,25350.94919,159.21981,0.40380,25350.94919,261.91659,21.00000,741.19118,41494.44436,203.70185,0.27483,41494.44436,335.08955,,,,,,,,0.29627,0.55692,,0.17242,0.17773,
37100,"Oxnard-Thousand Oaks-Ventura, CA",20-24, 107 ,4539.35979,310639.14541,557.35011,0.12278,310639.14541,916.84093,32.00000,1121.80528,45309.73462,212.86083,0.18975,45309.73462,350.15607,46.00000,2048.33249,200522.56502,447.79746,0.21862,200522.56502,736.62682,29.00000,1369.22202,90445.09890,300.74092,0.21964,90445.09890,494.71881,0.24713,0.45124,0.30163,0.05881,0.13426,0.09037
37340,"Palm Bay-Melbourne-Titusville, FL",16-19, 26 ,1198.35007,105682.39812,325.08829,0.27128,105682.39812,534.77024,14.00000,646.88407,51293.93675,226.48165,0.35011,51293.93675,372.56231,10.00000,447.22334,30939.61319,175.89660,0.39331,30939.61319,289.34990,,,,,,,,0.53981,0.37320,,0.19654,0.17483,
37340,"Palm Bay-Melbourne-Titusville, FL",20-24, 57 ,3517.95623,291775.61278,540.16258,0.15354,291775.61278,888.56744,12.00000,591.14709,32917.51931,181.43186,0.30691,32917.51931,298.45541,29.00000,2215.16929,253286.06588,503.27534,0.22719,253286.06588,827.88793,16.00000,711.63985,41390.96242,203.44769,0.28589,41390.96242,334.67145,0.16804,0.62968,0.20229,0.07346,0.17345,0.08025
37980,"Philadelphia-Camden-Wilmington, PA-NJ-DE-MD",16-19, 219 ,13101.80745,987245.89007,993.60248,0.07584,987245.89007,1634.47608,94.00000,5573.40387,446275.58236,668.03861,0.11986,446275.58236,1098.92351,112.00000,6805.14973,567048.51545,753.02624,0.11066,567048.51545,1238.72816,13.00000,723.25385,59870.04471,244.68356,0.33831,59870.04471,402.50446,0.42539,0.51941,0.05520,0.06495,0.06885,0.02994
37980,"Philadelphia-Camden-Wilmington, PA-NJ-DE-MD",20-24, 637 ,40642.03153,3936121.49110,1983.96610,0.04882,3936121.49110,3263.62424,198.00000,13140.20605,1093472.30060,1045.69226,0.07958,1093472.30060,1720.16377,330.00000,20673.05790,2005799.72860,1416.26259,0.06851,2005799.72860,2329.75196,109.00000,6828.76757,605945.91213,778.42528,0.11399,605945.91213,1280.50958,0.32332,0.50866,0.16802,0.03343,0.04022,0.02847
38060,"Phoenix-Mesa-Scottsdale, AZ",16-19, 306 ,12577.33209,745934.45695,863.67497,0.06867,745934.45695,1420.74533,148.00000,6056.52726,404369.89874,635.90086,0.10499,404369.89874,1046.05691,140.00000,5986.90809,430178.52858,655.87997,0.10955,430178.52858,1078.92254,18.00000,533.89673,20737.34241,144.00466,0.26972,20737.34241,236.88767,0.48154,0.47601,0.04245,0.06292,0.06684,0.01821
38060,"Phoenix-Mesa-Scottsdale, AZ",20-24, 817 ,39128.95468,2135792.77610,1461.43518,0.03735,2135792.77610,2404.06087,296.00000,14311.71726,780007.46025,883.18031,0.06171,780007.46025,1452.83161,381.00000,18876.61167,1199388.15550,1095.16581,0.05802,1199388.15550,1801.54776,140.00000,5940.62575,240648.60652,490.55948,0.08258,240648.60652,806.97035,0.36576,0.48242,0.15182,0.02956,0.03523,0.01839
38300,"Pittsburgh, PA",16-19, 78 ,2871.86091,175073.77367,418.41818,0.14570,175073.77367,688.29791,27.00000,993.65977,46188.21135,214.91443,0.21629,46188.21135,353.53423,49.00000,1768.62089,98866.64281,314.43066,0.17778,98866.64281,517.23844,,,,,,,,0.34600,0.61584,,0.09098,0.10321,
38300,"Pittsburgh, PA",20-24, 264 ,10997.60584,490927.89606,700.66247,0.06371,490927.89606,1152.58976,58.00000,2695.98873,212716.56137,461.21206,0.17107,212716.56137,758.69383,145.00000,5756.62241,260086.69449,509.98696,0.08859,260086.69449,838.92854,61.00000,2544.99470,161723.74801,402.14891,0.15802,161723.74801,661.53496,0.24514,0.52344,0.23141,0.06402,0.05301,0.05505
38900,"Portland-Vancouver-Hillsboro, OR-WA",16-19, 119 ,5497.56392,444210.82039,666.49143,0.12123,444210.82039,1096.37840,42.00000,1925.60214,173331.94390,416.33153,0.21621,173331.94390,684.86537,63.00000,3015.35920,244919.92182,494.89385,0.16412,244919.92182,814.10038,14.00000,556.60258,22540.64035,150.13541,0.26974,22540.64035,246.97274,0.35026,0.54849,0.10125,0.10315,0.09982,0.04013
38900,"Portland-Vancouver-Hillsboro, OR-WA",20-24, 307 ,15428.66829,994112.91911,997.05211,0.06462,994112.91911,1640.15073,78.00000,4233.55251,246203.61043,496.18909,0.11720,246203.61043,816.23105,145.00000,6779.69893,409820.96199,640.17260,0.09442,409820.96199,1053.08393,84.00000,4415.41685,335737.89829,579.42894,0.13123,335737.89829,953.16061,0.27440,0.43942,0.28618,0.04414,0.04977,0.05377
39300,"Providence-Warwick, RI-MA",16-19, 87 ,3853.94295,264398.64908,514.19709,0.13342,264398.64908,845.85422,44.00000,2059.05200,119562.11260,345.77755,0.16793,119562.11260,568.80407,34.00000,1402.90650,97113.68331,311.63068,0.22213,97113.68331,512.63248,9.00000,391.98445,21735.32296,147.42904,0.37611,21735.32296,242.52078,0.53427,0.36402,0.10171,0.08963,0.10635,0.05884
39300,"Providence-Warwick, RI-MA",20-24, 228 ,10197.16387,459686.63350,678.00194,0.06649,459686.63350,1115.31319,81.00000,4025.49118,191328.80637,437.41148,0.10866,191328.80637,719.54189,114.00000,4550.45364,161316.05088,401.64169,0.08826,161316.05088,660.70059,33.00000,1621.21905,96201.49076,310.16365,0.19132,96201.49076,510.21921,0.39477,0.44625,0.15899,0.05581,0.04261,0.04692
39340,"Provo-Orem, UT",16-19, 24 ,835.48095,62180.75689,249.36070,0.29846,62180.75689,410.19835,6.00000,176.90851,7356.56796,85.77044,0.48483,7356.56796,141.09237,14.00000,409.35971,18056.12682,134.37309,0.32825,18056.12682,221.04373,,,,,,,,0.21174,0.48997,,0.13308,0.11013,
39340,"Provo-Orem, UT",20-24, 59 ,2935.72066,249238.53788,499.23796,0.17006,249238.53788,821.24644,8.00000,320.52233,20698.99114,143.87144,0.44887,20698.99114,236.66852,26.00000,1450.87883,133661.03595,365.59682,0.25198,133661.03595,601.40677,25.00000,1164.31950,129522.04169,359.89171,0.30910,129522.04169,592.02186,0.10918,0.49422,0.39660,0.07461,0.15117,0.16840
39580,"Raleigh, NC",16-19, 47 ,2008.77115,156278.93145,395.32130,0.19680,156278.93145,650.30354,25.00000,974.36695,55035.03184,234.59546,0.24077,55035.03184,385.90954,21.00000,984.18288,73649.94364,271.38523,0.27575,73649.94364,446.42871,,,,,,,,0.48506,0.48994,,0.11068,0.15567,
39580,"Raleigh, NC",20-24, 120 ,6187.12408,504678.08171,710.40698,0.11482,504678.08171,1168.61949,37.00000,2308.87711,146804.56365,383.15084,0.16595,146804.56365,630.28313,52.00000,2458.54694,164858.46808,406.02767,0.16515,164858.46808,667.91552,31.00000,1419.70003,112132.59315,334.86205,0.23587,112132.59315,550.84807,0.37317,0.39737,0.22946,0.07355,0.07759,0.07777
40060,"Richmond, VA",16-19, 57 ,2529.73313,117699.92340,343.07422,0.13562,117699.92340,564.35710,22.00000,906.89559,43959.74206,209.66579,0.23119,43959.74206,344.90022,30.00000,1380.04897,84601.49523,290.86336,0.21076,84601.49523,478.47023,5.00000,242.78857,12340.63492,111.08841,0.45755,12340.63492,182.74044,0.35849,0.54553,0.09597,0.11042,0.14478,0.06899
40060,"Richmond, VA",20-24, 160 ,7597.49802,476453.38875,690.25603,0.09085,476453.38875,1135.47117,42.00000,1882.67229,147747.24587,384.37904,0.20417,147747.24587,632.30352,100.00000,5050.70103,302521.18764,550.01926,0.10890,302521.18764,904.78168,18.00000,664.12471,33751.98652,183.71714,0.27663,33751.98652,302.21469,0.24780,0.66478,0.08741,0.07453,0.06566,0.03757
40140,"Riverside-San Bernardino-Ontario, CA",16-19, 383 ,15898.95333,855216.87826,924.77937,0.05817,855216.87826,1521.26206,114.00000,4624.59955,240348.66834,490.25368,0.10601,240348.66834,806.46730,242.00000,10162.62911,617563.01608,785.85178,0.07733,617563.01608,1292.72617,27.00000,1111.72466,70998.12085,266.45473,0.23968,70998.12085,438.31802,0.29087,0.63920,0.06992,0.04241,0.05358,0.02674
40140,"Riverside-San Bernardino-Ontario, CA",20-24, 961 ,43857.98754,1994030.24360,1412.10136,0.03220,1994030.24360,2322.90673,287.00000,12513.07924,753746.67925,868.18586,0.06938,753746.67925,1428.16573,469.00000,22460.81432,1319749.80900,1148.80364,0.05115,1319749.80900,1889.78199,205.00000,8884.09398,673546.91681,820.69904,0.09238,673546.91681,1350.04992,0.28531,0.51213,0.20257,0.02884,0.03348,0.02885
40380,"Rochester, NY",16-19, 71 ,2180.34230,77163.48806,277.78317,0.12740,77163.48806,456.95331,39.00000,1045.91662,34954.69328,186.96174,0.17875,34954.69328,307.55207,30.00000,1097.75902,42127.97221,205.25100,0.18697,42127.97221,337.63789,,,,,,,,0.47970,0.50348,,0.09894,0.11334,
40380,"Rochester, NY",20-24, 170 ,6916.87794,316596.06248,562.66870,0.08135,316596.06248,925.59001,72.00000,3085.27963,174966.98394,418.29055,0.13558,174966.98394,688.08795,67.00000,2761.35165,168398.40764,410.36375,0.14861,168398.40764,675.04837,31.00000,1070.24666,50823.00346,225.43958,0.21064,50823.00346,370.84811,0.44605,0.39922,0.15473,0.07958,0.08167,0.04946
40900,"Sacramento--Roseville--Arden-Arcade, CA",16-19, 129 ,4855.79133,237961.54104,487.81302,0.10046,237961.54104,802.45242,34.00000,1407.75811,65926.86443,256.76227,0.18239,65926.86443,422.37394,88.00000,3166.32073,154112.13542,392.57119,0.12398,154112.13542,645.77960,7.00000,281.71249,13012.50653,114.07237,0.40492,13012.50653,187.64906,0.28991,0.65207,0.05802,0.07260,0.07794,0.03744
40900,"Sacramento--Roseville--Arden-Arcade, CA",20-24, 347 ,17332.29775,1060827.99820,1029.96505,0.05942,1060827.99820,1694.29250,113.00000,5414.95879,330895.88236,575.23550,0.10623,330895.88236,946.26240,166.00000,8754.68954,542425.30143,736.49528,0.08413,542425.30143,1211.53474,68.00000,3162.64942,240367.40378,490.27279,0.15502,240367.40378,806.49873,0.31242,0.50511,0.18247,0.04525,0.04948,0.04298
41180,"St. Louis, MO-IL",16-19, 139 ,5772.69479,349251.25301,590.97483,0.10237,349251.25301,972.15360,60.00000,2711.69683,191979.08785,438.15418,0.16158,191979.08785,720.76363,69.00000,2523.99427,141268.72465,375.85732,0.14891,141268.72465,618.28529,10.00000,537.00369,43973.06865,209.69756,0.39050,43973.06865,344.95249,0.46975,0.43723,0.09302,0.09660,0.07778,0.05767
41180,"St. Louis, MO-IL",20-24, 392 ,19465.23344,1566526.63130,1251.60962,0.06430,1566526.63130,2058.89782,115.00000,5069.87481,347485.40680,589.47893,0.11627,347485.40680,969.69284,197.00000,9854.31570,663624.91581,814.63177,0.08267,663624.91581,1340.06926,80.00000,4541.04292,414264.77211,643.63404,0.14174,414264.77211,1058.77799,0.26046,0.50625,0.23329,0.04151,0.04327,0.04847
41620,"Salt Lake City, UT",16-19, 52 ,2240.30460,119134.16851,345.15818,0.15407,119134.16851,567.78520,23.00000,1140.43905,80255.72865,283.29442,0.24841,80255.72865,466.01932,23.00000,873.03909,56269.20505,237.21131,0.27171,56269.20505,390.21260,6.00000,226.82646,11085.95314,105.28985,0.46419,11085.95314,173.20181,0.50906,0.38970,0.10125,0.16317,0.14347,0.07293
41620,"Salt Lake City, UT",20-24, 122 ,7043.07796,545950.53431,738.88466,0.10491,545950.53431,1215.46526,35.00000,2283.18290,159695.41456,399.61909,0.17503,159695.41456,657.37340,59.00000,3169.77727,225510.26800,474.87921,0.14981,225510.26800,781.17631,28.00000,1590.11779,146350.36879,382.55767,0.24058,146350.36879,629.30736,0.32417,0.45006,0.22577,0.07471,0.07918,0.08041
41700,"San Antonio-New Braunfels, TX",16-19, 170 ,6753.48976,421041.95457,648.87746,0.09608,421041.95457,1067.40342,62.00000,2545.59715,164330.35576,405.37681,0.15925,164330.35576,666.84485,93.00000,3684.89227,194036.96136,440.49627,0.11954,194036.96136,724.61636,15.00000,523.00033,26187.52084,161.82559,0.30942,26187.52084,266.20309,0.37693,0.54563,0.07744,0.07874,0.06384,0.03747
41700,"San Antonio-New Braunfels, TX",20-24, 422 ,17920.35301,1192288.81530,1091.91978,0.06093,1192288.81530,1796.20805,115.00000,4972.05421,379725.37606,616.21861,0.12394,379725.37606,1013.67961,228.00000,9844.00639,660916.04837,812.96743,0.08259,660916.04837,1337.33143,79.00000,3104.29240,174856.72188,418.15873,0.13470,174856.72188,687.87111,0.27745,0.54932,0.17323,0.04926,0.05037,0.03423
41740,"San Diego-Carlsbad, CA",16-19, 161 ,6675.64676,341283.92599,584.19511,0.08751,341283.92599,961.00096,40.00000,1809.36677,126041.96963,355.02390,0.19621,126041.96963,584.01432,100.00000,4026.25305,216851.71440,465.67340,0.11566,216851.71440,766.03274,21.00000,840.02695,44126.05965,210.06204,0.25007,44126.05965,345.55205,0.27104,0.60313,0.12583,0.07830,0.07503,0.04849
41740,"San Diego-Carlsbad, CA",20-24, 406 ,19274.07124,1110729.94950,1053.91174,0.05468,1110729.94950,1733.68481,109.00000,4972.69553,332094.69669,576.27658,0.11589,332094.69669,947.97497,192.00000,9359.30762,624501.26426,790.25392,0.08444,624501.26426,1299.96770,105.00000,4942.06810,361799.36001,601.49760,0.12171,361799.36001,989.46355,0.25800,0.48559,0.25641,0.04336,0.05139,0.04586
41860,"San Francisco-Oakland-Hayward, CA",16-19, 138 ,5271.93724,259308.27925,509.22321,0.09659,259308.27925,837.67218,56.00000,1994.00346,121238.80820,348.19364,0.17462,121238.80820,572.77853,69.00000,2675.22503,114469.62632,338.33360,0.12647,114469.62632,556.55878,13.00000,602.70876,26602.83710,163.10376,0.27062,26602.83710,268.30569,0.37823,0.50745,0.11432,0.09051,0.06815,0.04754
41860,"San Francisco-Oakland-Hayward, CA",20-24, 386 ,18257.38867,1068825.70210,1033.84027,0.05663,1068825.70210,1700.66724,123.00000,5628.94140,375612.00450,612.87193,0.10888,375612.00450,1008.17433,163.00000,7936.96356,564221.89808,751.14705,0.09464,564221.89808,1235.63691,100.00000,4691.48372,241092.10166,491.01131,0.10466,241092.10166,807.71360,0.30831,0.43473,0.25696,0.04716,0.05423,0.03721
41940,"San Jose-Sunnyvale-Santa Clara, CA",16-19, 51 ,1903.07559,83762.63484,289.41775,0.15208,83762.63484,476.09220,24.00000,971.03392,48680.61586,220.63684,0.22722,48680.61586,362.94760,19.00000,696.90181,40054.84360,200.13706,0.28718,40054.84360,329.22547,8.00000,235.13986,10792.44475,103.88669,0.44181,10792.44475,170.89361,0.51024,0.36620,0.12356,0.14170,0.14675,0.08431
41940,"San Jose-Sunnyvale-Santa Clara, CA",20-24, 105 ,4027.70339,212655.66721,461.14604,0.11449,212655.66721,758.58523,34.00000,1235.71634,38831.20843,197.05636,0.15947,38831.20843,324.15771,49.00000,1980.95408,116246.09000,340.94881,0.17211,116246.09000,560.86079,22.00000,811.03296,38372.17324,195.88817,0.24153,38372.17324,322.23603,0.30680,0.49183,0.20136,0.05602,0.10397,0.07044
42540,"Scranton--Wilkes-Barre--Hazleton, PA",16-19, 28 ,892.27170,55357.46685,235.28168,0.26369,55357.46685,387.03836,9.00000,391.07736,20028.39696,141.52172,0.36188,20028.39696,232.80323,17.00000,464.37314,18864.24441,137.34717,0.29577,18864.24441,225.93609,,,,,,,,0.43829,0.52044,,0.17869,0.11469,
42540,"Scranton--Wilkes-Barre--Hazleton, PA",20-24, 81 ,3374.26766,197768.76079,444.71200,0.13180,197768.76079,731.55124,18.00000,861.59149,47058.81996,216.93045,0.25178,47058.81996,356.85059,47.00000,1790.32414,142680.95909,377.73133,0.21098,142680.95909,621.36804,16.00000,722.35204,55880.71859,236.39103,0.32725,55880.71859,388.86324,0.25534,0.53058,0.21408,0.09011,0.14380,0.10548
42660,"Seattle-Tacoma-Bellevue, WA",16-19, 139 ,5826.25099,346323.78896,588.49281,0.10101,346323.78896,968.07067,72.00000,3029.11168,154143.84215,392.61157,0.12961,154143.84215,645.84603,58.00000,2161.10871,105138.95159,324.25137,0.15004,105138.95159,533.39351,9.00000,636.03060,61012.50956,247.00710,0.38836,61012.50956,406.32669,0.51991,0.37093,0.10917,0.06947,0.06770,0.06734
42660,"Seattle-Tacoma-Bellevue, WA",20-24, 343 ,15957.82071,1457826.30060,1207.40478,0.07566,1457826.30060,1986.18086,97.00000,4962.31922,470062.96043,685.61138,0.13816,470062.96043,1127.83072,155.00000,7015.62476,620668.35497,787.82508,0.11230,620668.35497,1295.97225,91.00000,3979.87673,316553.69534,562.63105,0.14137,316553.69534,925.52807,0.31096,0.43964,0.24940,0.05914,0.06001,0.04899
44060,"Spokane-Spokane Valley, WA",16-19, 42 ,1329.67192,102709.83365,320.48375,0.24102,102709.83365,527.19577,11.00000,323.62787,13949.66222,118.10869,0.36495,13949.66222,194.28879,23.00000,715.52114,50888.92616,225.58574,0.31527,50888.92616,371.08854,8.00000,290.52292,16070.04845,126.76769,0.43634,16070.04845,208.53286,0.24339,0.53812,0.21849,0.10972,0.17991,0.13073
44060,"Spokane-Spokane Valley, WA",20-24, 116 ,4056.34169,193068.49453,439.39560,0.10832,193068.49453,722.80576,26.00000,861.56339,39966.00142,199.91499,0.23204,39966.00142,328.86015,66.00000,2499.66878,151176.56290,388.81430,0.15555,151176.56290,639.59953,24.00000,695.10952,19687.16339,140.31095,0.20185,19687.16339,230.81152,0.21240,0.61624,0.17136,0.07170,0.11316,0.04801
44140,"Springfield, MA",16-19, 55 ,2373.44930,151441.05345,389.15428,0.16396,151441.05345,640.15879,29.00000,1280.33273,73473.72200,271.06037,0.21171,73473.72200,445.89430,22.00000,882.94717,56284.04379,237.24258,0.26869,56284.04379,390.26405,,,,,,,,0.53944,0.37201,,0.11885,0.13027,
44140,"Springfield, MA",20-24, 104 ,5352.61053,345475.32793,587.77149,0.10981,345475.32793,966.88411,41.00000,2082.29770,129138.20096,359.35804,0.17258,129138.20096,591.14398,45.00000,2649.05747,205996.26080,453.86811,0.17133,205996.26080,746.61304,18.00000,621.25537,30129.51303,173.57855,0.27940,30129.51303,285.53671,0.38902,0.49491,0.11607,0.08520,0.10707,0.04905
44700,"Stockton-Lodi, CA",16-19, 82 ,2928.85608,152081.15195,389.97584,0.13315,152081.15195,641.51025,33.00000,1135.04806,56175.75217,237.01424,0.20881,56175.75217,389.88843,47.00000,1688.80802,107115.28789,327.28472,0.19380,107115.28789,538.38336,,,,,,,,0.38754,0.57661,,0.10255,0.13356,
44700,"Stockton-Lodi, CA",20-24, 176 ,7036.27272,450796.02137,671.41345,0.09542,450796.02137,1104.47513,69.00000,2671.04733,202730.39363,450.25592,0.16857,202730.39363,740.67099,75.00000,2967.19869,127534.81207,357.12016,0.12036,127534.81207,587.46267,32.00000,1398.02670,70765.76216,266.01835,0.19028,70765.76216,437.60018,0.37961,0.42170,0.19869,0.08678,0.05088,0.05381
45060,"Syracuse, NY",16-19, 46 ,1210.84885,64354.70457,253.68229,0.20951,64354.70457,417.30737,25.00000,570.55202,22810.30566,151.03081,0.26471,22810.30566,248.44568,18.00000,526.53129,29416.44261,171.51222,0.32574,29416.44261,282.13761,,,,,,,,0.47120,0.43484,,0.12541,0.17842,
45060,"Syracuse, NY",20-24, 137 ,4573.81795,215815.04427,464.55898,0.10157,215815.04427,764.19952,41.00000,1127.31936,37299.03861,193.12959,0.17132,37299.03861,317.69818,65.00000,2250.99166,121828.52751,349.03944,0.15506,121828.52751,574.16987,31.00000,1195.50693,71049.07061,266.55032,0.22296,71049.07061,438.47527,0.24647,0.49215,0.26138,0.05594,0.09485,0.08534
45300,"Tampa-St. Petersburg-Clearwater, FL",16-19, 207 ,8390.55686,459634.22376,677.96329,0.08080,459634.22376,1115.24961,105.00000,3923.20869,197959.78067,444.92671,0.11341,197959.78067,731.90444,95.00000,4224.73439,293946.43620,542.16827,0.12833,293946.43620,891.86681,7.00000,242.61377,9555.77100,97.75362,0.40292,9555.77100,160.80471,0.46757,0.50351,0.02892,0.06121,0.08258,0.01878
45300,"Tampa-St. Petersburg-Clearwater, FL",20-24, 498 ,20019.38766,1506934.47010,1227.57259,0.06132,1506934.47010,2019.35691,175.00000,6938.00361,464271.90727,681.37501,0.09821,464271.90727,1120.86190,234.00000,9557.95876,633731.85942,796.07277,0.08329,633731.85942,1309.53971,89.00000,3523.42529,208543.10339,456.66520,0.12961,208543.10339,751.21425,0.34656,0.47744,0.17600,0.04373,0.04427,0.03306
45780,"Toledo, OH",16-19, 32 ,1205.60318,77372.24302,278.15867,0.23072,77372.24302,457.57100,15.00000,500.90689,36237.27916,190.36092,0.38003,36237.27916,313.14371,16.00000,683.66875,39840.35331,199.60048,0.29195,39840.35331,328.34280,,,,,,,,0.41548,0.56708,,0.20639,0.16689,
45780,"Toledo, OH",20-24, 135 ,6381.47543,393386.60064,627.20539,0.09829,393386.60064,1031.75287,58.00000,2508.61783,135741.13308,368.43064,0.14687,135741.13308,606.06840,56.00000,2845.78377,208835.91758,456.98569,0.16058,208835.91758,751.74145,21.00000,1027.07383,71443.91002,267.28994,0.26024,71443.91002,439.69195,0.39311,0.44594,0.16095,0.07057,0.09316,0.06380
46060,"Tucson, AZ",16-19, 78 ,3397.77229,216707.06984,465.51807,0.13701,216707.06984,765.77722,38.00000,1791.82999,114488.89279,338.36207,0.18884,114488.89279,556.60561,36.00000,1444.62053,97511.48678,312.26829,0.21616,97511.48678,513.68134,,,,,,,,0.52735,0.42517,,0.11274,0.11694,
46060,"Tucson, AZ",20-24, 203 ,9874.62577,702947.06864,838.41939,0.08491,702947.06864,1379.19989,70.00000,3791.50018,330621.71807,574.99715,0.15165,330621.71807,945.87031,94.00000,4308.21100,202321.59494,449.80173,0.10441,202321.59494,739.92384,39.00000,1774.91458,120195.06769,346.69160,0.19533,120195.06769,570.30769,0.38396,0.43629,0.17974,0.07937,0.04361,0.05201
46140,"Tulsa, OK",16-19, 72 ,2235.54833,101153.36190,318.04616,0.14227,101153.36190,523.18594,39.00000,1000.70441,28515.50767,168.86535,0.16875,28515.50767,277.78351,30.00000,1087.63786,49058.75978,221.49212,0.20365,49058.75978,364.35454,,,,,,,,0.44763,0.48652,,0.06682,0.11661,
46140,"Tulsa, OK",20-24, 164 ,6590.78461,399237.78180,631.85266,0.09587,399237.78180,1039.39762,51.00000,2267.77804,104399.17526,323.10861,0.14248,104399.17526,531.51367,80.00000,3077.56745,212457.44836,460.93107,0.14977,212457.44836,758.23160,33.00000,1245.43912,67694.17469,260.18104,0.20891,67694.17469,427.99781,0.34408,0.46695,0.18897,0.05966,0.08839,0.05770
46520,"Urban Honolulu, HI",16-19, 47 ,1428.14589,79879.75580,282.63007,0.19790,79879.75580,464.92646,10.00000,300.35133,10874.84521,104.28253,0.34720,10874.84521,171.54476,31.00000,952.94519,60604.86156,246.18055,0.25834,60604.86156,404.96700,6.00000,174.84938,6966.34912,83.46466,0.47735,6966.34912,137.29936,0.21031,0.66726,0.12243,0.09869,0.18227,0.08749
46520,"Urban Honolulu, HI",20-24, 127 ,5439.17474,226069.09098,475.46723,0.08742,226069.09098,782.14360,23.00000,913.30031,41203.33700,202.98605,0.22226,41203.33700,333.91205,75.00000,3203.19006,145362.09141,381.26381,0.11903,145362.09141,627.17896,29.00000,1322.68436,99130.94481,314.85067,0.23804,99130.94481,517.92935,0.16791,0.58891,0.24318,0.05644,0.07826,0.08857
47260,"Virginia Beach-Norfolk-Newport News, VA-NC",16-19, 88 ,3977.61517,262685.96974,512.52899,0.12885,262685.96974,843.11020,25.00000,1300.19718,84432.76159,290.57316,0.22348,84432.76159,477.99285,61.00000,2510.85950,167867.07633,409.71585,0.16318,167867.07633,673.98257,,,,,,,,0.32688,0.63125,,0.09819,0.10396,
47260,"Virginia Beach-Norfolk-Newport News, VA-NC",20-24, 234 ,10623.97788,600477.14383,774.90460,0.07294,600477.14383,1274.71807,60.00000,2509.25618,175542.01855,418.97735,0.16697,175542.01855,689.21774,125.00000,6003.04591,386848.04194,621.97109,0.10361,386848.04194,1023.14245,49.00000,2111.67578,120058.11828,346.49404,0.16408,120058.11828,569.98269,0.23619,0.56505,0.19877,0.05836,0.06840,0.04806
47900,"Washington-Arlington-Alexandria, DC-VA-MD-WV",16-19, 178 ,8451.66913,567967.58458,753.63624,0.08917,567967.58458,1239.73162,75.00000,3332.92826,196713.24579,443.52367,0.13307,196713.24579,729.59644,88.00000,4349.45720,350368.79586,591.91959,0.13609,350368.79586,973.70772,15.00000,769.28367,41868.02758,204.61678,0.26598,41868.02758,336.59461,0.39435,0.51463,0.09102,0.06408,0.08703,0.03752
47900,"Washington-Arlington-Alexandria, DC-VA-MD-WV",20-24, 468 ,20892.32395,1752765.51790,1323.92051,0.06337,1752765.51790,2177.84924,123.00000,5553.50165,389232.67314,623.88514,0.11234,389232.67314,1026.29106,250.00000,10756.68423,638713.96518,799.19582,0.07430,638713.96518,1314.67713,95.00000,4582.13808,293473.79386,541.73222,0.11823,293473.79386,891.14950,0.26582,0.51486,0.21932,0.04056,0.03285,0.03601
48620,"Wichita, KS",16-19, 22 ,1286.54648,95381.86582,308.83955,0.24005,95381.86582,508.04105,13.00000,685.49862,54303.11529,233.03029,0.33994,54303.11529,383.33482,7.00000,557.38120,43372.63409,208.26098,0.37364,43372.63409,342.58931,,,,,,,,0.53282,0.43324,,0.21097,0.20406,
48620,"Wichita, KS",20-24, 63 ,3358.37886,272743.11358,522.24813,0.15551,272743.11358,859.09818,17.00000,1207.82360,127463.10475,357.01975,0.29559,127463.10475,587.29750,30.00000,1557.65214,91540.37396,302.55640,0.19424,91540.37396,497.70527,16.00000,592.90311,39512.60030,198.77777,0.33526,39512.60030,326.98943,0.35964,0.46381,0.17654,0.14872,0.08880,0.08626
49180,"Winston-Salem, NC",16-19, 41 ,2297.11627,189924.31387,435.80307,0.18972,189924.31387,716.89605,19.00000,1134.98840,85834.25875,292.97484,0.25813,85834.25875,481.94362,22.00000,1162.12786,84534.15765,290.74758,0.25019,84534.15765,478.27978,,,,,,,,0.49409,0.50591,,0.14227,0.13573,
49180,"Winston-Salem, NC",20-24, 132 ,6495.71288,405361.16715,636.67980,0.09802,405361.16715,1047.33827,36.00000,1859.91295,112007.15035,334.67469,0.17994,112007.15035,550.53987,67.00000,3197.70138,217135.64726,465.97816,0.14572,217135.64726,766.53408,29.00000,1438.09856,116112.86446,340.75338,0.23695,116112.86446,560.53931,0.28633,0.49228,0.22139,0.07108,0.08732,0.07856
49340,"Worcester, MA-CT",16-19, 29 ,1221.89844,57388.97042,239.55995,0.19606,57388.97042,394.07612,15.00000,679.32522,36893.05382,192.07565,0.28274,36893.05382,315.96444,12.00000,466.31239,19003.18529,137.85204,0.29562,19003.18529,226.76661,,,,,,,,0.55596,0.38163,,0.18632,0.13890,
49340,"Worcester, MA-CT",20-24, 79 ,4276.69849,244019.93070,493.98374,0.11551,244019.93070,812.60324,16.00000,774.25950,47582.40466,218.13391,0.28173,47582.40466,358.83029,52.00000,2942.01147,221386.01237,470.51675,0.15993,221386.01237,774.00005,11.00000,560.42752,26911.29518,164.04663,0.29272,26911.29518,269.85670,0.18104,0.68792,0.13104,0.07653,0.12518,0.05798
49660,"Youngstown-Warren-Boardman, OH-PA",16-19, 31 ,951.69801,43944.46987,209.62936,0.22027,43944.46987,344.84030,15.00000,309.29592,13594.98282,116.59752,0.37698,13594.98282,191.80293,14.00000,587.24265,29438.09665,171.57534,0.29217,29438.09665,282.24143,,,,,,,,0.32499,0.61705,,0.16355,0.19484,
49660,"Youngstown-Warren-Boardman, OH-PA",20-24, 116 ,4543.08717,214135.31479,462.74757,0.10186,214135.31479,761.21975,46.00000,1481.67208,81873.54182,286.13553,0.19312,81873.54182,470.69295,58.00000,2598.08181,146108.31113,382.24117,0.14712,146108.31113,628.78672,12.00000,463.33328,29872.50678,172.83665,0.37303,29872.50678,284.31629,0.32614,0.57188,0.10199,0.08802,0.09987,0.06020
