Assigned_CBSA,Assigned_CBSATitle,age_recode, sample_tot ,dy_total,var_tot,se_tot,cv_tot,se2_tot,moe_tot,sample_w,dy_white,var_w,se_w,cv_w,se2_w,moe_w,sample_b,dy_black,var_b,se_b,cv_b,se2_b,moe_b,sample_l,dy_latino,var_l,se_l,cv_l,se2_l,moe_l,sample_a,dy_asian,var_a,se_a,cv_a,se2_a,moe_a,sample_o,dy_other,var_o,se_o,cv_o,se2_o,moe_o,S_White,S_Black,S_Latino,S_Asian,S_Other,MOE_Swhite,MOE_Sblack,MOE_Slatino,MOE_Sasian,MOE_Sother
0,_US total,16-19," 19,771 ",784008.30555,62389273.41800,7898.68808,0.01007,62389273.41800,12993.34190,8446.00000,292073.81542,20188497.90300,4493.16124,0.01538,20188497.90300,7391.25024,4038.00000,188516.75662,15516936.48100,3939.15429,0.02090,15516936.48100,6479.90880,5500.00000,245838.70279,15554173.40200,3943.87796,0.01604,15554173.40200,6487.67925,423.00000,16994.95538,1031063.97990,1015.41321,0.05975,1031063.97990,1670.35472,1364.00000,40584.07534,1926231.34180,1387.88737,0.03420,1926231.34180,2283.07472,0.37254,0.24045,0.31357,0.02168,0.05176,0.00712,0.00724,0.00644,0.00210,0.00278
0,_US total,20-24," 50,398 ",2243041.19990,143872271.20000,11994.67679,0.00535,143872271.20000,19731.24331,22423.00000,901979.48469,48866688.04600,6990.47123,0.00775,48866688.04600,11499.32518,10914.00000,566735.56858,46197045.85500,6796.84087,0.01199,46197045.85500,11180.80324,12757.00000,625582.13475,41173694.78300,6416.67319,0.01026,41173694.78300,10555.42739,1117.00000,48284.32321,3308790.83220,1819.00820,0.03767,3308790.83220,2992.26849,3187.00000,100459.68863,5036565.84050,2244.22945,0.02234,5036565.84050,3691.75745,0.40212,0.25266,0.27890,0.02153,0.04479,0.00371,0.00446,0.00402,0.00132,0.00160
10420,"Akron, OH",16-19, 29 ,1546.68329,126928.50726,356.27027,0.23034,126928.50726,586.06460,20.00000,1047.46008,82202.62543,286.71000,0.27372,82202.62543,471.63795,5.00000,179.27013,9521.40381,97.57768,0.54431,9521.40381,160.51529,,,,,,,,,,,,,,,,,,,,,,0.67723,0.11591,,,,0.16473,0.09403,,,
10420,"Akron, OH",20-24, 85 ,4025.36815,203697.12891,451.32818,0.11212,203697.12891,742.43486,52.00000,2560.66175,152637.74060,390.68880,0.15257,152637.74060,642.68308,20.00000,942.72395,71484.89233,267.36659,0.28361,71484.89233,439.81804,5.00000,196.58859,12722.87977,112.79574,0.57377,12722.87977,185.54900,6.00000,221.39387,10237.47547,101.18041,0.45702,10237.47547,166.44178,,,,,,,,0.63613,0.23420,0.04884,0.05500,,0.10828,0.10036,0.04521,0.04008,
10580,"Albany-Schenectady-Troy, NY",16-19, 34 ,1996.64544,128234.39557,358.09830,0.17935,128234.39557,589.07171,15.00000,506.33210,33157.28249,182.09141,0.35963,33157.28249,299.54037,6.00000,359.45604,29488.71880,171.72280,0.47773,29488.71880,282.48400,,,,,,,,6.00000,595.88686,61997.55061,248.99307,0.41785,61997.55061,409.59361,,,,,,,,0.25359,0.18003,,0.29844,,0.13003,0.13113,,0.18528,
10580,"Albany-Schenectady-Troy, NY",20-24, 68 ,3470.32844,274771.20994,524.18624,0.15105,274771.20994,862.28636,46.00000,2122.63355,132455.65051,363.94457,0.17146,132455.65051,598.68882,10.00000,718.05657,75335.95978,274.47397,0.38225,75335.95978,451.50968,5.00000,191.75621,6390.89809,79.94309,0.41690,6390.89809,131.50639,,,,,,,,,,,,,,,0.61165,0.20691,0.05526,,,0.08163,0.11952,0.03532,,
10740,"Albuquerque, NM",16-19, 71 ,2784.99747,176279.47368,419.85649,0.15076,176279.47368,690.66393,13.00000,582.76846,33094.76637,181.91967,0.31216,33094.76637,299.25786,,,,,,,,32.00000,1655.73418,92608.81312,304.31696,0.18380,92608.81312,500.60140,,,,,,,,22.00000,324.99825,9355.94990,96.72616,0.29762,9355.94990,159.11453,0.20925,,0.59452,,0.11670,0.09409,,0.10282,,0.04926
10740,"Albuquerque, NM",20-24, 163 ,7696.57729,466656.11176,683.12233,0.08876,466656.11176,1123.73623,33.00000,1839.18658,104926.98572,323.92435,0.17612,104926.98572,532.85556,,,,,,,,75.00000,4464.81105,290208.78328,538.71030,0.12066,290208.78328,886.17844,,,,,,,,51.00000,1094.94291,49870.09583,223.31613,0.20395,49870.09583,367.35504,0.23896,,0.58010,,0.14226,0.05980,,0.07800,,0.04297
10900,"Allentown-Bethlehem-Easton, PA-NJ",16-19, 32 ,1860.14131,194733.85908,441.28660,0.23723,194733.85908,725.91645,11.00000,388.51130,20608.08720,143.55517,0.36950,20608.08720,236.14826,,,,,,,,20.00000,1429.05215,166051.25629,407.49387,0.28515,166051.25629,670.32742,,,,,,,,,,,,,,,0.20886,,0.76825,,,0.09733,,0.19994,,
10900,"Allentown-Bethlehem-Easton, PA-NJ",20-24, 81 ,4241.87302,377261.67264,614.21631,0.14480,377261.67264,1010.38583,45.00000,2018.00959,142905.97076,378.02906,0.18733,142905.97076,621.85780,8.00000,361.90172,23859.70310,154.46586,0.42682,23859.70310,254.09635,28.00000,1861.96170,196499.12041,443.28221,0.23807,196499.12041,729.19924,,,,,,,,,,,,,,,0.47574,0.08532,0.43895,,,0.09301,0.05635,0.13645,,
12060,"Atlanta-Sandy Springs-Roswell, GA",16-19, 310 ,14194.81523,753296.39954,867.92649,0.06114,753296.39954,1427.73908,94.00000,3857.89865,159676.69007,399.59566,0.10358,159676.69007,657.33486,147.00000,6929.00829,438631.59936,662.29268,0.09558,438631.59936,1089.47147,44.00000,2290.51704,161112.10629,401.38773,0.17524,161112.10629,660.28281,9.00000,261.98077,12034.29186,109.70092,0.41874,12034.29186,180.45801,16.00000,855.41048,69306.11790,263.26055,0.30776,69306.11790,433.06361,0.27178,0.48814,0.16136,0.01846,0.06026,0.03738,0.05899,0.04359,0.01258,0.02990
12060,"Atlanta-Sandy Springs-Roswell, GA",20-24, 721 ,38685.38067,2448994.69360,1564.92642,0.04045,2448994.69360,2574.30396,223.00000,10828.01662,847247.32172,920.46039,0.08501,847247.32172,1514.15733,362.00000,20488.09140,990616.09878,995.29699,0.04858,990616.09878,1637.26355,95.00000,5904.53509,561394.24351,749.26247,0.12690,561394.24351,1232.53676,23.00000,809.24493,41790.19469,204.42650,0.25261,41790.19469,336.28160,18.00000,655.49263,37545.55547,193.76676,0.29560,37545.55547,318.74631,0.27990,0.52961,0.15263,0.02092,0.01694,0.03442,0.02343,0.03020,0.00858,0.00816
12260,"Augusta-Richmond County, GA-SC",16-19, 46 ,2145.55062,114519.39543,338.40714,0.15773,114519.39543,556.67975,20.00000,1051.81018,60082.04049,245.11638,0.23304,60082.04049,403.21645,24.00000,1017.82388,52985.85543,230.18657,0.22616,52985.85543,378.65690,,,,,,,,,,,,,,,,,,,,,,0.49023,0.47439,,,,0.13835,0.12648,,,
12260,"Augusta-Richmond County, GA-SC",20-24, 97 ,4473.16171,315403.32531,561.60780,0.12555,315403.32531,923.84484,41.00000,1359.44844,60260.50122,245.48014,0.18057,60260.50122,403.81484,48.00000,2695.50829,215552.48021,464.27630,0.17224,215552.48021,763.73451,,,,,,,,,,,,,,,,,,,,,,0.30391,0.60260,,,,0.06488,0.11689,,,
12420,"Austin-Round Rock, TX",16-19, 84 ,3908.88232,242842.84241,492.79087,0.12607,242842.84241,810.64098,30.00000,1212.21780,78268.49329,279.76507,0.23079,78268.49329,460.21354,8.00000,342.42761,19544.32555,139.80102,0.40826,19544.32555,229.97268,43.00000,2228.78808,143160.36031,378.36538,0.16976,143160.36031,622.41105,,,,,,,,,,,,,,,0.31012,0.08760,0.57019,,,0.09862,0.05596,0.10664,,
12420,"Austin-Round Rock, TX",20-24, 201 ,9206.14193,601975.59684,775.87086,0.08428,601975.59684,1276.30757,66.00000,2738.85172,181617.31208,426.16583,0.15560,181617.31208,701.04279,22.00000,919.36385,55032.85294,234.59082,0.25517,55032.85294,385.90190,106.00000,5282.66845,418915.03524,647.23646,0.12252,418915.03524,1064.70398,,,,,,,,,,,,,,,0.29750,0.09986,0.57382,,,0.06401,0.03957,0.08394,,
12540,"Bakersfield, CA",16-19, 83 ,3823.75159,239405.62608,489.29094,0.12796,239405.62608,804.88360,20.00000,772.53749,41358.44856,203.36777,0.26325,41358.44856,334.53998,7.00000,833.48592,88045.30233,296.72429,0.35600,88045.30233,488.11145,52.00000,2088.36983,89193.33561,298.65253,0.14301,89193.33561,491.28342,,,,,,,,,,,,,,,0.20204,0.21798,0.54616,,,0.07646,0.11912,0.05737,,
12540,"Bakersfield, CA",20-24, 242 ,11727.74824,462813.06340,680.30366,0.05801,462813.06340,1119.09951,58.00000,2880.33691,169005.36875,411.10263,0.14273,169005.36875,676.26382,13.00000,1341.63672,159092.13801,398.86356,0.29730,159092.13801,656.13055,165.00000,7211.43457,353331.94849,594.41732,0.08243,353331.94849,977.81649,,,,,,,,,,,,,,,0.24560,0.11440,0.61490,,,0.05269,0.05487,0.05923,,
12580,"Baltimore-Columbia-Towson, MD",16-19, 114 ,5319.98931,406294.00521,637.41196,0.11981,406294.00521,1048.54267,33.00000,1437.72119,93803.96561,306.27433,0.21303,93803.96561,503.82127,66.00000,3156.98881,196772.56135,443.59053,0.14051,196772.56135,729.70643,9.00000,452.79855,30788.64797,175.46694,0.38752,30788.64797,288.64312,,,,,,,,,,,,,,,0.27025,0.59342,0.08511,,,0.07830,0.07165,0.05160,,
12580,"Baltimore-Columbia-Towson, MD",20-24, 300 ,13639.66923,875976.34114,935.93608,0.06862,875976.34114,1539.61485,88.00000,3586.85735,284351.15261,533.24587,0.14867,284351.15261,877.18945,191.00000,8670.96322,425615.01146,652.39176,0.07524,425615.01146,1073.18445,11.00000,746.08549,51529.68746,227.00151,0.30426,51529.68746,373.41749,7.00000,434.21552,27211.49496,164.95907,0.37990,27211.49496,271.35767,,,,,,,,0.26297,0.63572,0.05470,0.03183,,0.05705,0.03227,0.02667,0.01957,
12940,"Baton Rouge, LA",16-19, 46 ,2355.26251,239188.01418,489.06852,0.20765,239188.01418,804.51771,11.00000,684.77406,91876.45709,303.11129,0.44264,91876.45709,498.61808,32.00000,1549.70207,107407.56446,327.73093,0.21148,107407.56446,539.11738,,,,,,,,,,,,,,,,,,,,,,0.29074,0.65797,,,,0.18696,0.04337,,,
12940,"Baton Rouge, LA",20-24, 120 ,7921.59152,633532.50358,795.94755,0.10048,633532.50358,1309.33372,34.00000,2140.61261,201209.96744,448.56434,0.20955,201209.96744,737.88834,82.00000,5643.25087,399682.36434,632.20437,0.11203,399682.36434,1039.97619,,,,,,,,,,,,,,,,,,,,,,0.27023,0.71239,,,,0.08174,0.05806,,,
13820,"Birmingham-Hoover, AL",16-19, 70 ,3566.56421,249330.20286,499.32975,0.14000,249330.20286,821.39744,34.00000,1349.80963,51926.17697,227.87316,0.16882,51926.17697,374.85135,35.00000,2019.85584,214100.63489,462.71010,0.22908,214100.63489,761.15811,,,,,,,,,,,,,,,,,,,,,,0.37846,0.56633,,,,0.05873,0.16892,,,
13820,"Birmingham-Hoover, AL",20-24, 193 ,9534.61881,611104.54156,781.73176,0.08199,611104.54156,1285.94874,89.00000,3484.71592,224121.10313,473.41430,0.13585,224121.10313,778.76653,89.00000,5191.51496,309177.36516,556.03720,0.10710,309177.36516,914.68119,7.00000,549.55094,51249.58642,226.38372,0.41194,51249.58642,372.40121,,,,,,,,6.00000,225.88736,9942.14667,99.71031,0.44142,9942.14667,164.02347,0.36548,0.54449,0.05764,,0.02369,0.06513,0.06173,0.03828,,0.01690
14260,"Boise City, ID",16-19, 30 ,2000.93808,214498.50368,463.13983,0.23146,214498.50368,761.86502,22.00000,1357.10110,153321.79436,391.56327,0.28853,153321.79436,644.12158,,,,,,,,6.00000,513.22500,45407.30114,213.08989,0.41520,45407.30114,350.53287,,,,,,,,,,,,,,,0.67823,,0.25649,,,0.19219,,0.14544,,
14260,"Boise City, ID",20-24, 73 ,4075.91217,388921.53462,623.63574,0.15301,388921.53462,1025.88079,48.00000,2087.97928,144939.61437,380.70936,0.18233,144939.61437,626.26689,,,,,,,,20.00000,1654.65906,197466.62024,444.37216,0.26856,197466.62024,730.99221,,,,,,,,,,,,,,,0.51227,,0.40596,,,0.08357,,0.14739,,
14460,"Boston-Cambridge-Newton, MA-NH",16-19, 115 ,4121.76943,238707.38897,488.57690,0.11854,238707.38897,803.70900,34.00000,1274.34931,56421.88238,237.53291,0.18640,56421.88238,390.74163,22.00000,840.60463,40349.27318,200.87129,0.23896,40349.27318,330.43326,38.00000,1330.29022,77442.68271,278.28525,0.20919,77442.68271,457.77924,9.00000,267.86542,10089.07524,100.44439,0.37498,10089.07524,165.23102,12.00000,408.65985,22584.51356,150.28145,0.36774,22584.51356,247.21298,0.30918,0.20394,0.32275,0.06499,0.09915,0.07316,0.06961,0.09151,0.03803,0.05678
14460,"Boston-Cambridge-Newton, MA-NH",20-24, 319 ,13561.08195,1108629.41690,1052.91472,0.07764,1108629.41690,1732.04472,114.00000,4715.39884,419910.65784,648.00514,0.13742,419910.65784,1065.96845,54.00000,2304.58775,132231.95964,363.63713,0.15779,132231.95964,598.18307,118.00000,5359.66785,368267.13634,606.85018,0.11323,368267.13634,998.26854,16.00000,505.81807,20319.84531,142.54769,0.28182,20319.84531,234.49096,17.00000,675.60944,35401.59426,188.15311,0.27849,35401.59426,309.51187,0.34772,0.16994,0.39522,0.03730,0.04982,0.06486,0.03840,0.05358,0.01662,0.02192
14860,"Bridgeport-Stamford-Norwalk, CT",16-19, 31 ,1609.18625,127925.89475,357.66730,0.22227,127925.89475,588.36270,,,,,,,,11.00000,582.96846,33806.95580,183.86668,0.31540,33806.95580,302.46069,15.00000,664.89335,48104.57588,219.32755,0.32987,48104.57588,360.79383,,,,,,,,,,,,,,,,0.36228,0.41319,,,,0.13335,0.16567,,
14860,"Bridgeport-Stamford-Norwalk, CT",20-24, 63 ,2606.03011,115540.11936,339.91193,0.13043,115540.11936,559.15512,11.00000,368.70032,22679.79116,150.59811,0.40846,22679.79116,247.73389,23.00000,1297.55165,81166.49123,284.89733,0.21957,81166.49123,468.65612,29.00000,939.77814,34741.08894,186.38962,0.19833,34741.08894,306.61092,,,,,,,,,,,,,,,0.14148,0.49790,0.36062,,,0.09008,0.14466,0.08863,,
15380,"Buffalo-Cheektowaga-Niagara Falls, NY",16-19, 70 ,2610.03397,138851.38824,372.62768,0.14277,138851.38824,612.97253,29.00000,1183.71971,60459.39615,245.88492,0.20772,60459.39615,404.48070,24.00000,916.79589,41974.12648,204.87588,0.22347,41974.12648,337.02082,7.00000,302.10673,23133.82785,152.09809,0.50346,23133.82785,250.20135,,,,,,,,8.00000,165.77834,3601.75076,60.01459,0.36202,3601.75076,98.72400,0.45353,0.35126,0.11575,,0.06352,0.11257,0.09934,0.09193,,0.03476
15380,"Buffalo-Cheektowaga-Niagara Falls, NY",20-24, 143 ,6085.04172,336458.40638,580.05035,0.09532,336458.40638,954.18282,74.00000,3026.02301,171924.88144,414.63825,0.13702,171924.88144,682.07993,40.00000,2025.21182,115045.74722,339.18394,0.16748,115045.74722,557.95759,14.00000,520.26916,23210.68205,152.35052,0.29283,23210.68205,250.61661,,,,,,,,12.00000,421.72016,21612.47968,147.01184,0.34860,21612.47968,241.83447,0.49729,0.33282,0.08550,,0.06930,0.08052,0.07539,0.03894,,0.03823
15980,"Cape Coral-Fort Myers, FL",16-19, 34 ,1502.26518,108650.30101,329.62145,0.21942,108650.30101,542.22729,11.00000,470.09796,31083.87382,176.30619,0.37504,31083.87382,290.02369,6.00000,282.47206,19079.02622,138.12685,0.48899,19079.02622,227.21867,16.00000,611.69516,31429.17812,177.28276,0.28982,31429.17812,291.63015,,,,,,,,,,,,,,,0.31293,0.18803,0.40718,,,0.15657,0.13517,0.12683,,
15980,"Cape Coral-Fort Myers, FL",20-24, 97 ,4077.16697,209767.85364,458.00421,0.11233,209767.85364,753.41692,42.00000,1715.72932,89292.19008,298.81799,0.17416,89292.19008,491.55559,26.00000,1026.02638,56468.13205,237.63024,0.23160,56468.13205,390.90175,29.00000,1335.41126,98969.60304,314.59435,0.23558,98969.60304,517.50770,,,,,,,,,,,,,,,0.42081,0.25165,0.32753,,,0.09213,0.08384,0.11157,,
16700,"Charleston-North Charleston, SC",16-19, 28 ,1281.63202,87398.04960,295.63161,0.23067,87398.04960,486.31400,12.00000,385.65106,14819.74489,121.73637,0.31566,14819.74489,200.25634,12.00000,749.91239,58538.18072,241.94665,0.32263,58538.18072,398.00224,,,,,,,,,,,,,,,,,,,,,,0.30091,0.58512,,,,0.10667,0.21712,,,
16700,"Charleston-North Charleston, SC",20-24, 129 ,5560.60643,421825.15744,649.48068,0.11680,421825.15744,1068.39572,52.00000,1654.20642,117288.43309,342.47399,0.20703,117288.43309,563.36971,61.00000,3083.58531,259833.57393,509.73873,0.16531,259833.57393,838.52021,10.00000,621.96921,55010.71780,234.54364,0.37710,55010.71780,385.82428,,,,,,,,6.00000,200.84548,8926.64542,94.48093,0.47042,8926.64542,155.42112,0.29749,0.55454,0.11185,,0.03612,0.08365,0.10671,0.06597,,0.02708
16740,"Charlotte-Concord-Gastonia, NC-SC",16-19, 136 ,4482.82129,211512.37349,459.90474,0.10259,211512.37349,756.54330,63.00000,1979.83686,63260.60322,251.51661,0.12704,63260.60322,413.74482,51.00000,1855.11818,99957.27987,316.16021,0.17043,99957.27987,520.08355,15.00000,505.00071,31258.69167,176.80128,0.35010,31258.69167,290.83810,,,,,,,,5.00000,102.39856,3526.59057,59.38510,0.57994,3526.59057,97.68850,0.44165,0.41383,0.11265,,0.02284,0.05443,0.09264,0.06203,,0.02145
16740,"Charlotte-Concord-Gastonia, NC-SC",20-24, 402 ,17903.85732,1224769.59620,1106.69309,0.06181,1224769.59620,1820.51013,186.00000,7537.75004,381253.62620,617.45739,0.08192,381253.62620,1015.71740,142.00000,6769.31158,380389.06633,616.75689,0.09111,380389.06633,1014.56509,54.00000,2768.38060,149305.63593,386.40087,0.13958,149305.63593,635.62944,8.00000,207.73071,8611.31801,92.79719,0.44672,8611.31801,152.65137,12.00000,620.68439,87109.33622,295.14291,0.47551,87109.33622,485.51008,0.42101,0.37809,0.15462,0.01160,0.03467,0.03723,0.04163,0.03183,0.00844,0.02689
16860,"Chattanooga, TN-GA",16-19, 55 ,1820.24681,67018.18224,258.87870,0.14222,67018.18224,425.85546,35.00000,1046.97853,45992.60867,214.45887,0.20484,45992.60867,352.78485,16.00000,600.07028,23270.80242,152.54771,0.25422,23270.80242,250.94098,,,,,,,,,,,,,,,,,,,,,,0.57518,0.32966,,,,0.13948,0.11427,,,
16860,"Chattanooga, TN-GA",20-24, 98 ,4020.15248,241769.66886,491.70079,0.12231,241769.66886,808.84780,71.00000,2563.02039,145050.59361,380.85508,0.14860,145050.59361,626.50661,19.00000,1011.53317,69489.84138,263.60926,0.26060,69489.84138,433.63723,7.00000,424.80187,18132.14941,134.65567,0.31698,18132.14941,221.50858,,,,,,,,,,,,,,,0.63754,0.25162,0.10567,,,0.08850,0.09525,0.05083,,
16980,"Chicago-Naperville-Elgin, IL-IN-WI",16-19, 461 ,21938.55627,1891921.36040,1375.47132,0.06270,1891921.36040,2262.65033,104.00000,4900.00761,306668.84228,553.77689,0.11302,306668.84228,910.96298,162.00000,7903.54273,493957.71221,702.82125,0.08892,493957.71221,1156.14096,179.00000,8460.35152,626412.41495,791.46220,0.09355,626412.41495,1301.95532,7.00000,331.16577,28158.63187,167.80534,0.50671,28158.63187,276.03978,9.00000,343.48865,16806.52045,129.63996,0.37742,16806.52045,213.25774,0.22335,0.36026,0.38564,0.01510,0.01566,0.03455,0.03737,0.04405,0.01249,0.00959
16980,"Chicago-Naperville-Elgin, IL-IN-WI",20-24," 1,173 ",60496.31424,3521246.20900,1876.49839,0.03102,3521246.20900,3086.83985,222.00000,9963.90067,518669.96984,720.18745,0.07228,518669.96984,1184.70836,560.00000,29571.82943,1706589.57880,1306.36503,0.04418,1706589.57880,2148.97047,348.00000,18736.49991,1411577.96340,1188.09847,0.06341,1411577.96340,1954.42198,20.00000,1050.41695,58921.84931,242.73823,0.23109,58921.84931,399.30439,23.00000,1173.66728,64816.97764,254.59179,0.21692,64816.97764,418.80349,0.16470,0.48882,0.30971,0.01736,0.01940,0.01769,0.02529,0.02818,0.00654,0.00685
17140,"Cincinnati, OH-KY-IN",16-19, 114 ,4591.43771,269319.28909,518.95981,0.11303,269319.28909,853.68889,67.00000,2141.37697,129349.31015,359.65165,0.16795,129349.31015,591.62697,40.00000,2084.00564,125206.65506,353.84552,0.16979,125206.65506,582.07589,,,,,,,,,,,,,,,,,,,,,,0.46638,0.45389,,,,0.09531,0.09460,,,
17140,"Cincinnati, OH-KY-IN",20-24, 267 ,11522.52286,587893.98419,766.74245,0.06654,587893.98419,1261.29133,179.00000,6870.71947,331521.12358,575.77871,0.08380,331521.12358,947.15598,64.00000,3363.41532,216747.05824,465.56101,0.13842,216747.05824,765.84787,11.00000,585.03193,44299.23617,210.47384,0.35976,44299.23617,346.22946,,,,,,,,10.00000,489.60892,34785.28216,186.50813,0.38093,34785.28216,306.80587,0.59629,0.29190,0.05077,,0.04249,0.04997,0.05828,0.02953,,0.02622
17460,"Cleveland-Elyria, OH",16-19, 137 ,5724.73859,218614.03754,467.56180,0.08167,218614.03754,769.13916,48.00000,1801.03028,81275.13460,285.08794,0.15829,81275.13460,468.96966,65.00000,2817.57434,141869.08275,376.65512,0.13368,141869.08275,619.59768,20.00000,867.58843,39289.65211,198.21618,0.22847,39289.65211,326.06561,,,,,,,,,,,,,,,0.31460,0.49218,0.15155,,,0.07017,0.08568,0.05319,,
17460,"Cleveland-Elyria, OH",20-24, 310 ,13717.96803,732979.33153,856.14212,0.06241,732979.33153,1408.35379,107.00000,4095.96178,251689.01759,501.68617,0.12248,251689.01759,825.27376,162.00000,7692.53719,559565.34287,748.04100,0.09724,559565.34287,1230.52745,25.00000,1050.86426,59138.76045,243.18462,0.23141,59138.76045,400.03870,,,,,,,,14.00000,783.11667,52558.85146,229.25717,0.29275,52558.85146,377.12805,0.29858,0.56076,0.07660,,0.05709,0.05176,0.06879,0.02808,,0.02686
17820,"Colorado Springs, CO",16-19, 35 ,1424.59156,46922.25611,216.61546,0.15205,46922.25611,356.33243,22.00000,860.60048,41939.03384,204.79022,0.23796,41939.03384,336.87991,5.00000,299.78811,16802.17821,129.62322,0.43238,16802.17821,213.23019,,,,,,,,,,,,,,,,,,,,,,0.60410,0.21044,,,,0.18190,0.14012,,,
17820,"Colorado Springs, CO",20-24, 82 ,4444.72927,396373.97660,629.58238,0.14165,396373.97660,1035.66302,54.00000,2718.80297,241390.72689,491.31530,0.18071,241390.72689,808.21367,,,,,,,,17.00000,949.44682,64744.26135,254.44894,0.26800,64744.26135,418.56850,,,,,,,,7.00000,304.14226,17203.73985,131.16303,0.43126,17203.73985,215.76318,0.61169,,0.21361,,0.06843,0.11291,,0.07994,,0.04585
17900,"Columbia, SC",16-19, 48 ,2460.10007,219335.14206,468.33230,0.19037,219335.14206,770.40663,16.00000,482.97967,20357.61803,142.68012,0.29542,20357.61803,234.70881,27.00000,1642.57816,108644.63802,329.61286,0.20067,108644.63802,542.21316,,,,,,,,,,,,,,,,,,,,,,0.19633,0.66769,,,,0.07295,0.06969,,,
17900,"Columbia, SC",20-24, 125 ,5544.60761,579135.69652,761.00966,0.13725,579135.69652,1251.86088,51.00000,1775.19821,144590.70062,380.25084,0.21420,144590.70062,625.51263,60.00000,3069.23989,320447.03647,566.08042,0.18444,320447.03647,931.20228,11.00000,588.14278,56259.82984,237.19155,0.40329,56259.82984,390.18009,,,,,,,,,,,,,,,0.32017,0.55355,0.10607,,,0.08661,0.11219,0.06617,,
18140,"Columbus, OH",16-19, 94 ,3067.81783,152986.33600,391.13468,0.12750,152986.33600,643.41654,55.00000,1657.70955,69779.14013,264.15742,0.15935,69779.14013,434.53895,26.00000,941.79676,61418.94580,247.82846,0.26314,61418.94580,407.67782,,,,,,,,5.00000,124.67087,4213.48138,64.91133,0.52066,4213.48138,106.77915,8.00000,343.64065,25195.06643,158.72954,0.46191,25195.06643,261.11009,0.54035,0.30699,,0.04064,0.11201,0.08497,0.11625,,0.03375,0.08181
18140,"Columbus, OH",20-24, 249 ,11534.25972,884613.00513,940.53868,0.08154,884613.00513,1547.18613,154.00000,6629.61469,556962.68756,746.29933,0.11257,556962.68756,1227.66240,72.00000,3709.56728,176170.75303,419.72700,0.11315,176170.75303,690.45091,16.00000,862.67476,56817.72589,238.36469,0.27631,56817.72589,392.10992,,,,,,,,,,,,,,,0.57478,0.32161,0.07479,,,0.07338,0.04150,0.03248,,
19100,"Dallas-Fort Worth-Arlington, TX",16-19, 402 ,17277.98820,865974.22412,930.57736,0.05386,865974.22412,1530.79976,96.00000,3761.46610,209602.28394,457.82342,0.12171,209602.28394,753.11953,90.00000,4275.23584,391820.71480,625.95584,0.14641,391820.71480,1029.69736,206.00000,8940.50879,365265.21761,604.37175,0.06760,365265.21761,994.19154,,,,,,,,7.00000,234.35118,10186.63969,100.92888,0.43067,10186.63969,166.02801,0.21770,0.24744,0.51745,,0.01356,0.03909,0.05542,0.03477,,0.00953
19100,"Dallas-Fort Worth-Arlington, TX",20-24, 938 ,44367.56817,3510624.35390,1873.66602,0.04223,3510624.35390,3082.18060,257.00000,10882.99876,868858.40761,932.12575,0.08565,868858.40761,1533.34685,206.00000,11276.52394,941814.52671,970.47129,0.08606,941814.52671,1596.42527,434.00000,20484.63829,1152763.10510,1073.66806,0.05241,1152763.10510,1766.18396,19.00000,829.16383,47502.41650,217.95049,0.26286,47502.41650,358.52856,22.00000,894.24336,36287.89593,190.49382,0.21302,36287.89593,313.36234,0.24529,0.25416,0.46170,0.01869,0.02016,0.03007,0.03135,0.02358,0.00798,0.00692
19380,"Dayton, OH",16-19, 39 ,1438.14860,63851.73289,252.68900,0.17570,63851.73289,415.67341,27.00000,892.33873,42487.15715,206.12413,0.23099,42487.15715,339.07419,11.00000,483.33633,17121.68154,130.84984,0.27072,17121.68154,215.24799,,,,,,,,,,,,,,,,,,,,,,0.62048,0.33608,,,,0.15305,0.11386,,,
19380,"Dayton, OH",20-24, 103 ,4905.63307,268128.40083,517.81116,0.10555,268128.40083,851.79936,58.00000,2484.13445,132883.19150,364.53147,0.14674,132883.19150,599.65427,39.00000,2151.44000,132960.99308,364.63817,0.16949,132960.99308,599.82979,,,,,,,,,,,,,,,,,,,,,,0.50638,0.43857,,,,0.08492,0.09567,,,
19660,"Deltona-Daytona Beach-Ormond Beach, FL",16-19, 40 ,1482.54480,76239.86133,276.11567,0.18624,76239.86133,454.21027,25.00000,766.42219,40234.82767,200.58621,0.26172,40234.82767,329.96432,5.00000,144.06176,8077.47054,89.87475,0.62386,8077.47054,147.84396,9.00000,553.49597,40060.74606,200.15181,0.36161,40060.74606,329.24972,,,,,,,,,,,,,,,0.51696,0.09717,0.37334,,,0.15637,0.09518,0.19036,,
19660,"Deltona-Daytona Beach-Ormond Beach, FL",20-24, 96 ,4407.62314,244418.38775,494.38688,0.11217,244418.38775,813.26642,65.00000,2493.55633,142635.83661,377.67160,0.15146,142635.83661,621.26978,11.00000,571.15409,51605.55146,227.16855,0.39774,51605.55146,373.69227,16.00000,938.19840,58081.84916,241.00176,0.25688,58081.84916,396.44790,,,,,,,,,,,,,,,0.56574,0.12958,0.21286,,,0.09472,0.08134,0.08092,,
19740,"Denver-Aurora-Lakewood, CO",16-19, 111 ,4875.68897,429753.94515,655.55621,0.13445,429753.94515,1078.38997,42.00000,1450.25632,58639.92936,242.15683,0.16698,58639.92936,398.34798,12.00000,481.72133,29931.80319,173.00810,0.35915,29931.80319,284.59833,52.00000,2710.80830,258036.17241,507.97261,0.18739,258036.17241,835.61494,,,,,,,,5.00000,232.90302,9841.38203,99.20374,0.42594,9841.38203,163.19015,0.29745,0.09880,0.55598,,0.04777,0.04845,0.05413,0.11938,,0.03176
19740,"Denver-Aurora-Lakewood, CO",20-24, 257 ,11748.71397,780522.74195,883.47198,0.07520,780522.74195,1453.31141,101.00000,3766.36919,170672.92194,413.12579,0.10969,170672.92194,679.59193,18.00000,810.86538,40902.12989,202.24275,0.24942,40902.12989,332.68932,123.00000,6501.39328,365737.44577,604.76231,0.09302,365737.44577,994.83399,6.00000,331.98821,15447.34462,124.28735,0.37437,15447.34462,204.45269,9.00000,338.09792,15900.16962,126.09587,0.37296,15900.16962,207.42771,0.32058,0.06902,0.55337,0.02826,0.02878,0.04211,0.02700,0.04984,0.01705,0.01729
19780,"Des Moines-West Des Moines, IA",16-19, 19 ,1132.86032,85336.67309,292.12441,0.25786,85336.67309,480.54466,11.00000,572.25268,50049.33260,223.71708,0.39094,50049.33260,368.01460,,,,,,,,,,,,,,,,,,,,,,,,,,,,,0.50514,,,,,0.24417,,,,
19780,"Des Moines-West Des Moines, IA",20-24, 33 ,2190.46235,220325.73938,469.38869,0.21429,220325.73938,772.14439,20.00000,1313.33573,169525.97574,411.73532,0.31350,169525.97574,677.30461,5.00000,393.64117,45838.31596,214.09885,0.54389,45838.31596,352.19260,,,,,,,,,,,,,,,,,,,,,,0.59957,0.17971,,,,0.22570,0.14778,,,
19820,"Detroit-Warren-Dearborn, MI",16-19, 244 ,12115.25889,822300.77540,906.80801,0.07485,822300.77540,1491.69918,76.00000,3313.04882,216495.06336,465.29030,0.14044,216495.06336,765.40254,132.00000,6887.46721,447010.37193,668.58834,0.09707,447010.37193,1099.82782,20.00000,1270.04497,105181.39373,324.31681,0.25536,105181.39373,533.50115,,,,,,,,12.00000,457.03604,27936.38966,167.14182,0.36571,27936.38966,274.94830,0.27346,0.56850,0.10483,,0.03772,0.05346,0.05781,0.04210,,0.02221
19820,"Detroit-Warren-Dearborn, MI",20-24, 621 ,36461.51850,2192660.23110,1480.76339,0.04061,2192660.23110,2435.85578,235.00000,12592.45278,989886.66209,994.93048,0.07901,989886.66209,1636.66064,315.00000,20130.35714,1341234.18010,1158.11665,0.05753,1341234.18010,1905.10189,38.00000,1945.67335,93136.84384,305.18330,0.15685,93136.84384,502.02652,9.00000,565.60014,48487.80037,220.19946,0.38932,48487.80037,362.22810,24.00000,1227.43509,88972.01148,298.28177,0.24301,88972.01148,490.67350,0.34536,0.55210,0.05336,0.01551,0.03366,0.03850,0.03701,0.01330,0.00988,0.01327
21340,"El Paso, TX",16-19, 85 ,3613.40439,251580.69949,501.57821,0.13881,251580.69949,825.09615,7.00000,356.63915,21794.19159,147.62856,0.41394,21794.19159,242.84898,,,,,,,,74.00000,3096.92082,208679.75599,456.81479,0.14751,208679.75599,751.46034,,,,,,,,,,,,,,,0.09870,,0.85706,,,0.06332,,0.07035,,
21340,"El Paso, TX",20-24, 207 ,9652.80158,755166.02673,869.00289,0.09003,755166.02673,1429.50976,25.00000,1152.92779,71854.48201,268.05686,0.23250,71854.48201,440.95354,,,,,,,,178.00000,8180.85319,589291.22088,767.65306,0.09384,589291.22088,1262.78928,,,,,,,,,,,,,,,0.11944,,0.84751,,,0.04212,,0.03690,,
23420,"Fresno, CA",16-19, 113 ,4024.37545,201191.83286,448.54413,0.11146,201191.83286,737.85509,10.00000,394.18350,20220.49635,142.19879,0.36074,20220.49635,233.91701,10.00000,369.32863,18529.12876,136.12174,0.36857,18529.12876,223.92027,79.00000,2868.90330,138907.36370,372.70278,0.12991,138907.36370,613.09608,11.00000,349.37283,15095.35470,122.86315,0.35167,15095.35470,202.10989,,,,,,,,0.09795,0.09177,0.71288,0.08681,,0.05528,0.05304,0.07827,0.04763,
23420,"Fresno, CA",20-24, 309 ,13610.89019,1033403.55240,1016.56458,0.07469,1033403.55240,1672.24874,43.00000,2001.85065,93849.54054,306.34872,0.15303,93849.54054,503.94365,26.00000,1237.66529,43129.67919,207.67686,0.16780,43129.67919,341.62844,195.00000,8444.62928,573701.54036,757.43088,0.08969,573701.54036,1245.97380,37.00000,1592.67905,89661.00686,299.43448,0.18801,89661.00686,492.56972,8.00000,334.06592,17071.70045,130.65872,0.39112,17071.70045,214.93359,0.14708,0.09093,0.62043,0.11702,0.02454,0.03232,0.02248,0.05069,0.03321,0.01550
24340,"Grand Rapids-Wyoming, MI",16-19, 25 ,1193.74510,73956.69425,271.94980,0.22781,73956.69425,447.35742,10.00000,339.97733,15954.64092,126.31168,0.37153,15954.64092,207.78272,,,,,,,,10.00000,483.24693,30841.82325,175.61840,0.36341,30841.82325,288.89227,,,,,,,,,,,,,,,0.28480,,0.40482,,,0.13750,,0.18855,,
24340,"Grand Rapids-Wyoming, MI",20-24, 75 ,4759.21231,382898.68001,618.78807,0.13002,382898.68001,1017.90638,40.00000,2388.61418,238519.84271,488.38493,0.20446,238519.84271,803.39321,16.00000,1265.47277,122111.92425,349.44517,0.27614,122111.92425,574.83730,14.00000,829.82164,69917.13675,264.41849,0.31864,69917.13675,434.96841,,,,,,,,,,,,,,,0.50189,0.26590,0.17436,,,0.13028,0.10656,0.08344,,
24660,"Greensboro-High Point, NC",16-19, 60 ,2731.66297,161345.36422,401.67818,0.14705,161345.36422,660.76061,31.00000,1436.04532,85230.18618,291.94209,0.20330,85230.18618,480.24474,17.00000,681.49047,36241.31073,190.37151,0.27935,36241.31073,313.16113,6.00000,316.25755,16822.12618,129.70014,0.41011,16822.12618,213.35673,,,,,,,,,,,,,,,0.52570,0.24948,0.11577,,,0.12140,0.09747,0.07291,,
24660,"Greensboro-High Point, NC",20-24, 148 ,6893.94564,410995.04177,641.08895,0.09299,410995.04177,1054.59132,49.00000,2327.65863,102203.25602,319.69244,0.13735,102203.25602,525.89406,67.00000,3259.89304,146768.65067,383.10397,0.11752,146768.65067,630.20603,14.00000,691.31454,51678.49368,227.32904,0.32884,51678.49368,373.95628,5.00000,132.99470,4991.07984,70.64757,0.53121,4991.07984,116.21526,13.00000,482.08472,45416.06941,213.11046,0.44206,45416.06941,350.56671,0.33764,0.47286,0.10028,0.01929,0.06993,0.05614,0.05589,0.05203,0.01660,0.04971
24860,"Greenville-Anderson-Mauldin, SC",16-19, 61 ,2371.45394,147847.53906,384.50948,0.16214,147847.53906,632.51809,44.00000,1660.87159,110295.96570,332.10836,0.19996,110295.96570,546.31826,12.00000,550.78481,30872.25922,175.70503,0.31901,30872.25922,289.03478,5.00000,159.79754,4602.89311,67.84462,0.42457,4602.89311,111.60441,,,,,,,,,,,,,,,0.70036,0.23226,0.06738,,,0.13482,0.10496,0.04349,,
24860,"Greenville-Anderson-Mauldin, SC",20-24, 165 ,7606.38019,494770.99928,703.39960,0.09247,494770.99928,1157.09234,105.00000,4745.93780,300054.30880,547.77213,0.11542,300054.30880,901.08516,41.00000,2098.10856,100501.97063,317.02046,0.15110,100501.97063,521.49865,14.00000,667.53692,44778.74161,211.60988,0.31700,44778.74161,348.09825,,,,,,,,5.00000,94.79692,1995.48433,44.67084,0.47123,1995.48433,73.48354,0.62394,0.27584,0.08776,,0.01246,0.07089,0.05422,0.04377,,0.00947
25420,"Harrisburg-Carlisle, PA",16-19, 27 ,1141.63671,69734.98303,264.07382,0.23131,69734.98303,434.40144,13.00000,383.88340,25178.69932,158.67797,0.41335,25178.69932,261.02527,9.00000,495.91897,32460.90865,180.16911,0.36330,32460.90865,296.37819,5.00000,261.83434,22220.44249,149.06523,0.56931,22220.44249,245.21230,,,,,,,,,,,,,,,0.33626,0.43439,0.22935,,,0.18949,0.20019,0.19626,,
25420,"Harrisburg-Carlisle, PA",20-24, 60 ,2650.84655,169732.85798,411.98648,0.15542,169732.85798,677.71776,34.00000,1316.27028,59264.94047,243.44392,0.18495,59264.94047,400.46524,13.00000,665.29536,44973.35769,212.06923,0.31876,44973.35769,348.85388,11.00000,557.94757,44472.59384,210.88526,0.37797,44472.59384,346.90626,,,,,,,,,,,,,,,0.49655,0.25097,0.21048,,,0.08189,0.11490,0.11929,,
25540,"Hartford-West Hartford-East Hartford, CT",16-19, 41 ,1562.25873,103332.86472,321.45430,0.20576,103332.86472,528.79232,10.00000,430.41439,32943.32912,181.50297,0.42169,32943.32912,298.57239,7.00000,225.48364,10267.62980,101.32931,0.44939,10267.62980,166.68672,22.00000,847.02737,39675.05035,199.18597,0.23516,39675.05035,327.66092,,,,,,,,,,,,,,,0.27551,0.14433,0.54218,,,0.16682,0.09485,0.10154,,
25540,"Hartford-West Hartford-East Hartford, CT",20-24, 131 ,6134.68968,386928.31725,622.03562,0.10140,386928.31725,1023.24860,34.00000,1123.12423,71469.69976,267.33817,0.23803,71469.69976,439.77130,26.00000,1354.85608,94655.74252,307.66173,0.22708,94655.74252,506.10355,66.00000,3440.90074,163536.60535,404.39659,0.11753,163536.60535,665.23240,,,,,,,,,,,,,,,0.18308,0.22085,0.56089,,,0.06486,0.07382,0.05483,,
26420,"Houston-The Woodlands-Sugar Land, TX",16-19, 357 ,17394.15234,1241034.80910,1114.01742,0.06405,1241034.80910,1832.55865,60.00000,2702.99737,184234.11464,429.22502,0.15880,184234.11464,706.07515,77.00000,3615.78167,284464.47168,533.35211,0.14751,284464.47168,877.36422,205.00000,10484.36570,978149.47172,989.01439,0.09433,978149.47172,1626.92868,10.00000,432.13638,26025.23604,161.32339,0.37332,26025.23604,265.37698,5.00000,158.87123,5010.06876,70.78184,0.44553,5010.06876,116.43613,0.15540,0.20787,0.60275,0.02484,0.00913,0.03714,0.04544,0.06867,0.01503,0.00662
26420,"Houston-The Woodlands-Sugar Land, TX",20-24, 850 ,45824.63686,3261666.13610,1806.00834,0.03941,3261666.13610,2970.88372,171.00000,9884.51116,947410.51577,973.35015,0.09847,947410.51577,1601.16100,202.00000,11324.46990,828886.95485,910.43229,0.08040,828886.95485,1497.66112,443.00000,23290.04910,1690059.28590,1300.02280,0.05582,1690059.28590,2138.53751,25.00000,1023.58078,49645.54719,222.81281,0.21768,49645.54719,366.52707,9.00000,302.02591,13845.91502,117.66867,0.38960,13845.91502,193.56496,0.21570,0.24713,0.50824,0.02234,0.00659,0.03202,0.02849,0.03305,0.00787,0.00420
26900,"Indianapolis-Carmel-Anderson, IN",16-19, 87 ,3994.20889,309306.18317,556.15302,0.13924,309306.18317,914.87172,51.00000,2028.55184,133956.74065,366.00101,0.18042,133956.74065,602.07166,26.00000,1369.46352,98729.69380,314.21282,0.22944,98729.69380,516.88008,,,,,,,,,,,,,,,,,,,,,,0.50787,0.34286,,,,0.09586,0.10285,,,
26900,"Indianapolis-Carmel-Anderson, IN",20-24, 283 ,13007.23078,861924.29876,928.39878,0.07138,861924.29876,1527.21600,176.00000,7026.61594,411580.10978,641.54510,0.09130,411580.10978,1055.34168,80.00000,4344.23993,326622.00930,571.50854,0.13156,326622.00930,940.13155,19.00000,1243.06930,74770.35173,273.44168,0.21997,74770.35173,449.81156,,,,,,,,5.00000,214.65927,14078.31203,118.65206,0.55275,14078.31203,195.18264,0.54021,0.33399,0.09557,,0.01650,0.05059,0.06071,0.03271,,0.01488
27140,"Jackson, MS",16-19, 71 ,3038.45567,167104.55838,408.78424,0.13454,167104.55838,672.45008,21.00000,903.26568,60489.66141,245.94646,0.27229,60489.66141,404.58193,47.00000,2018.47528,107638.69361,328.08336,0.16254,107638.69361,539.69713,,,,,,,,,,,,,,,,,,,,,,0.29728,0.66431,,,,0.11576,0.09967,,,
27140,"Jackson, MS",20-24, 126 ,4999.59698,295175.09264,543.30019,0.10867,295175.09264,893.72881,31.00000,1309.31835,113685.17484,337.17232,0.25752,113685.17484,554.64847,93.00000,3615.30745,183347.27020,428.19069,0.11844,183347.27020,704.37369,,,,,,,,,,,,,,,,,,,,,,0.26188,0.72312,,,,0.10058,0.05603,,,
27260,"Jacksonville, FL",16-19, 89 ,3812.27747,310291.78916,557.03841,0.14612,310291.78916,916.32818,33.00000,1295.16825,90782.44476,301.30125,0.23263,90782.44476,495.64056,46.00000,2016.07604,143573.11552,378.91043,0.18794,143573.11552,623.30766,6.00000,285.02836,18762.56452,136.97651,0.48057,18762.56452,225.32636,,,,,,,,,,,,,,,0.33974,0.52884,0.07477,,,0.10117,0.10283,0.05631,,
27260,"Jacksonville, FL",20-24, 247 ,11678.71911,829056.19579,910.52523,0.07796,829056.19579,1497.81400,99.00000,4395.79005,246518.67488,496.50647,0.11295,246518.67488,816.75314,119.00000,5780.26876,366016.76709,604.99320,0.10467,366016.76709,995.21381,17.00000,1062.76225,78753.64329,280.63080,0.26406,78753.64329,461.63766,,,,,,,,8.00000,268.54127,12523.98187,111.91060,0.41674,12523.98187,184.09293,0.37639,0.49494,0.09100,,0.02299,0.05060,0.05685,0.03777,,0.01548
28140,"Kansas City, MO-KS",16-19, 110 ,4481.81720,242006.38176,491.94144,0.10976,242006.38176,809.24367,55.00000,1685.93894,75410.75771,274.61019,0.16288,75410.75771,451.73377,36.00000,1798.11651,101727.75572,318.94789,0.17738,101727.75572,524.66928,13.00000,782.58749,43840.18068,209.38047,0.26755,43840.18068,344.43087,,,,,,,,5.00000,115.63701,4637.87519,68.10195,0.58893,4637.87519,112.02770,0.37617,0.40120,0.17461,,0.02580,0.07447,0.09196,0.07009,,0.02456
28140,"Kansas City, MO-KS",20-24, 246 ,11744.88744,473713.74392,688.26866,0.05860,473713.74392,1132.20194,133.00000,5569.39088,245766.56358,495.74849,0.08901,245766.56358,815.50626,66.00000,3990.05754,251838.55811,501.83519,0.12577,251838.55811,825.51889,29.00000,1481.71288,65146.49809,255.23812,0.17226,65146.49809,419.86671,9.00000,284.77822,14852.53865,121.87099,0.42795,14852.53865,200.47778,9.00000,418.94792,29016.45712,170.34218,0.40660,29016.45712,280.21288,0.47420,0.33973,0.12616,0.02425,0.03567,0.05226,0.06219,0.03362,0.01691,0.02361
28940,"Knoxville, TN",16-19, 73 ,3512.38330,227964.35349,477.45613,0.13594,227964.35349,785.41533,56.00000,2474.71456,187940.06066,433.52054,0.17518,187940.06066,713.14129,5.00000,313.14470,24798.37118,157.47499,0.50288,24798.37118,259.04635,8.00000,457.05744,28828.18731,169.78865,0.37148,28828.18731,279.30234,,,,,,,,,,,,,,,0.70457,0.08915,0.13013,,,0.12807,0.07101,0.07400,,
28940,"Knoxville, TN",20-24, 193 ,9571.61994,506000.33924,711.33701,0.07432,506000.33924,1170.14938,160.00000,7705.60376,435954.40348,660.26843,0.08569,435954.40348,1086.14157,22.00000,1335.64212,34773.70351,186.47709,0.13962,34773.70351,306.75481,8.00000,306.77468,15397.48064,124.08659,0.40449,15397.48064,204.12243,,,,,,,,,,,,,,,0.80505,0.13954,0.03205,,,0.05648,0.02713,0.02096,,
29460,"Lakeland-Winter Haven, FL",16-19, 58 ,1959.33371,76127.01766,275.91125,0.14082,76127.01766,453.87401,31.00000,918.03947,42305.45922,205.68291,0.22405,42305.45922,338.34839,10.00000,320.32551,15958.83142,126.32827,0.39437,15958.83142,207.81000,15.00000,611.94471,33481.92788,182.98068,0.29902,33481.92788,301.00321,,,,,,,,,,,,,,,0.46855,0.16349,0.31232,,,0.13431,0.09907,0.13552,,
29460,"Lakeland-Winter Haven, FL",20-24, 144 ,6206.17287,342851.11784,585.53490,0.09435,342851.11784,963.20491,71.00000,2937.54017,186333.43246,431.66356,0.14695,186333.43246,710.08656,28.00000,1329.36501,67794.05192,260.37291,0.19586,67794.05192,428.31344,38.00000,1606.29241,133561.89296,365.46121,0.22752,133561.89296,601.18368,,,,,,,,5.00000,266.44100,16322.70375,127.76034,0.47951,16322.70375,210.16575,0.47333,0.21420,0.25882,,0.04293,0.08772,0.06048,0.08815,,0.03320
29820,"Las Vegas-Henderson-Paradise, NV",16-19, 171 ,6475.77043,251456.15112,501.45404,0.07744,251456.15112,824.89189,49.00000,1759.12046,71649.14695,267.67358,0.15216,71649.14695,440.32304,25.00000,1179.30642,62606.70205,250.21331,0.21217,62606.70205,411.60090,82.00000,2978.93419,101938.52825,319.27814,0.10718,101938.52825,525.21253,,,,,,,,11.00000,254.16403,7546.56727,86.87098,0.34179,7546.56727,142.90276,0.27165,0.18211,0.46001,,0.03925,0.05853,0.05918,0.05607,,0.02149
29820,"Las Vegas-Henderson-Paradise, NV",20-24, 385 ,17044.53444,948011.90057,973.65903,0.05712,948011.90057,1601.66910,114.00000,4545.76077,203911.16602,451.56524,0.09934,203911.16602,742.82482,75.00000,3744.98478,257721.48515,507.66277,0.13556,257721.48515,835.10525,155.00000,7001.26367,400956.30418,633.21111,0.09044,400956.30418,1041.63227,22.00000,1021.21698,62553.90220,250.10778,0.24491,62553.90220,411.42730,19.00000,731.30824,40461.09411,201.14943,0.27505,40461.09411,330.89082,0.26670,0.21972,0.41076,0.05991,0.04291,0.03565,0.04443,0.04738,0.02347,0.01899
30780,"Little Rock-North Little Rock-Conway, AR",16-19, 40 ,2207.25608,165887.68046,407.29311,0.18452,165887.68046,669.99717,16.00000,617.70185,35782.99061,189.16393,0.30624,35782.99061,311.17466,20.00000,1260.49141,113208.37902,336.46453,0.26693,113208.37902,553.48415,,,,,,,,,,,,,,,,,,,,,,0.27985,0.57107,,,,0.11251,0.18119,,,
30780,"Little Rock-North Little Rock-Conway, AR",20-24, 99 ,5627.35559,450778.62430,671.40049,0.11931,450778.62430,1104.45381,50.00000,2283.75863,122340.56888,349.77217,0.15316,122340.56888,575.37521,33.00000,2405.42249,215509.82589,464.23036,0.19299,215509.82589,763.65894,10.00000,634.56990,49877.00457,223.33160,0.35194,49877.00457,367.38049,,,,,,,,6.00000,303.60457,21839.79124,147.78292,0.48676,21839.79124,243.10290,0.40583,0.42745,0.11277,,0.05395,0.06411,0.10667,0.06142,,0.04188
31080,"Los Angeles-Long Beach-Anaheim, CA",16-19, 994 ,35546.27058,1570592.32020,1253.23275,0.03526,1570592.32020,2061.56787,96.00000,3462.63528,154626.32757,393.22554,0.11356,154626.32757,646.85602,95.00000,3575.17627,135952.51037,368.71739,0.10313,135952.51037,606.54010,731.00000,26266.84054,1312279.34920,1145.54762,0.04361,1312279.34920,1884.42583,56.00000,1722.56441,83831.46572,289.53664,0.16808,83831.46572,476.28777,16.00000,519.05409,21220.47347,145.67249,0.28065,21220.47347,239.63124,0.09741,0.10058,0.73895,0.04846,0.01460,0.01730,0.01604,0.03120,0.01310,0.00669
31080,"Los Angeles-Long Beach-Anaheim, CA",20-24," 2,305 ",89628.86962,5196740.99820,2279.63615,0.02543,5196740.99820,3750.00147,231.00000,8254.97015,339196.10730,582.40545,0.07055,339196.10730,958.05696,250.00000,12319.82945,807904.34584,898.83499,0.07296,807904.34584,1478.58356,1658.00000,63392.67811,3874637.89460,1968.40999,0.03105,3874637.89460,3238.03444,128.00000,4269.35205,209598.28438,457.81905,0.10723,209598.28438,753.11234,38.00000,1392.03985,79461.81658,281.88972,0.20250,79461.81658,463.70860,0.09210,0.13745,0.70728,0.04763,0.01553,0.00997,0.01546,0.02072,0.00816,0.00513
31140,"Louisville/Jefferson County, KY-IN",16-19, 64 ,2335.94965,117317.91555,342.51703,0.14663,117317.91555,563.44051,37.00000,986.36302,27418.76884,165.58614,0.16788,27418.76884,272.38920,19.00000,980.13769,78624.49222,280.40059,0.28608,78624.49222,461.25897,,,,,,,,,,,,,,,,,,,,,,0.42225,0.41959,,,,0.05678,0.16955,,,
31140,"Louisville/Jefferson County, KY-IN",20-24, 174 ,8211.71246,562181.26544,749.78748,0.09131,562181.26544,1233.40040,120.00000,5280.04454,416685.06672,645.51148,0.12225,416685.06672,1061.86638,39.00000,2249.15666,148744.56367,385.67417,0.17148,148744.56367,634.43401,,,,,,,,,,,,,,,7.00000,337.32519,16051.19419,126.69331,0.37558,16051.19419,208.41049,0.64299,0.27390,,,0.04108,0.08599,0.06540,,,0.02462
31540,"Madison, WI",16-19,,,,,,,,,,,,,,,,,,,,,,,,,,,,,,,,,,,,,,,,,,,,,,,,,,,,
31540,"Madison, WI",20-24, 15 ,1266.17194,140239.15949,374.48519,0.29576,140239.15949,616.02814,11.00000,824.46162,77002.34541,277.49296,0.33657,77002.34541,456.47593,,,,,,,,,,,,,,,,,,,,,,,,,,,,,0.65115,,,,,0.17207,,,,
32580,"McAllen-Edinburg-Mission, TX",16-19, 94 ,4790.78197,270851.60780,520.43406,0.10863,270851.60780,856.11402,,,,,,,,,,,,,,,94.00000,4790.78197,270851.60780,520.43406,0.10863,270851.60780,856.11402,,,,,,,,,,,,,,,,,1.00000,,,,,0.25272,,
32580,"McAllen-Edinburg-Mission, TX",20-24, 192 ,11767.85336,849913.03710,921.90728,0.07834,849913.03710,1516.53748,,,,,,,,,,,,,,,187.00000,11572.51990,843364.27330,918.34867,0.07936,843364.27330,1510.68356,,,,,,,,,,,,,,,,,0.98340,,,,,0.02046,,
32820,"Memphis, TN-MS-AR",16-19, 122 ,5366.99780,373270.92166,610.95902,0.11384,373270.92166,1005.02758,18.00000,739.62031,33300.95153,182.48548,0.24673,33300.95153,300.18862,92.00000,4071.98265,292374.66261,540.71680,0.13279,292374.66261,889.47914,11.00000,524.06150,29388.90954,171.43194,0.32712,29388.90954,282.00554,,,,,,,,,,,,,,,0.13781,0.75871,0.09765,,,0.04962,0.08533,0.04926,,
32820,"Memphis, TN-MS-AR",20-24, 271 ,13635.11690,921282.90783,959.83483,0.07039,921282.90783,1578.92830,54.00000,1921.34787,103417.71950,321.58626,0.16738,103417.71950,529.00939,193.00000,10745.86344,747176.80784,864.39390,0.08044,747176.80784,1421.92796,18.00000,639.70281,29869.37056,172.82757,0.27017,29869.37056,284.30136,,,,,,,,,,,,,,,0.14091,0.78810,0.04692,,,0.03520,0.05046,0.02013,,
33100,"Miami-Fort Lauderdale-West Palm Beach, FL",16-19, 297 ,12884.62394,754238.70674,868.46917,0.06740,754238.70674,1428.63179,44.00000,1825.84633,108658.20578,329.63344,0.18054,108658.20578,542.24701,108.00000,4416.19856,205929.06263,453.79408,0.10276,205929.06263,746.49125,138.00000,6365.79061,360023.62638,600.01969,0.09426,360023.62638,987.03239,,,,,,,,6.00000,244.24659,11186.23223,105.76499,0.43303,11186.23223,173.98340,0.14171,0.34275,0.49406,,0.01896,0.03904,0.04373,0.05355,,0.01334
33100,"Miami-Fort Lauderdale-West Palm Beach, FL",20-24, 821 ,38590.72519,3079282.11020,1754.78834,0.04547,3079282.11020,2886.62682,109.00000,4462.33310,261345.74462,511.21986,0.11456,261345.74462,840.95667,340.00000,16256.87679,1040129.36000,1019.86732,0.06273,1040129.36000,1677.68175,354.00000,16996.15221,1436349.62520,1198.47805,0.07051,1436349.62520,1971.49638,7.00000,316.64174,17188.63785,131.10545,0.41405,17188.63785,215.66846,11.00000,558.72135,35095.62054,187.33825,0.33530,35095.62054,308.17142,0.11563,0.42126,0.44042,0.00821,0.01448,0.02000,0.02995,0.03905,0.00555,0.00791
33340,"Milwaukee-Waukesha-West Allis, WI",16-19, 50 ,2871.99884,225165.50661,474.51608,0.16522,225165.50661,780.57895,11.00000,495.67125,32822.62048,181.17014,0.36550,32822.62048,298.02488,25.00000,1348.90779,86432.71710,293.99442,0.21795,86432.71710,483.62082,6.00000,510.01635,35391.84428,188.12720,0.36887,35391.84428,309.46925,,,,,,,,5.00000,240.28329,12252.64667,110.69167,0.46067,12252.64667,182.08780,0.17259,0.46968,0.17758,,0.08366,0.09256,0.10982,0.09634,,0.05918
33340,"Milwaukee-Waukesha-West Allis, WI",20-24, 147 ,10107.93190,917383.11748,957.80119,0.09476,917383.11748,1575.58296,32.00000,2011.74798,191741.99479,437.88354,0.21766,191741.99479,720.31842,77.00000,5564.70367,340625.08411,583.63095,0.10488,340625.08411,960.07291,26.00000,1952.51133,139699.03588,373.76334,0.19143,139699.03588,614.84070,,,,,,,,8.00000,390.50921,24697.45020,157.15422,0.40243,24697.45020,258.51870,0.19903,0.55053,0.19317,,0.03863,0.06416,0.04071,0.05285,,0.02486
33460,"Minneapolis-St. Paul-Bloomington, MN-WI",16-19, 60 ,3535.72559,180818.35071,425.22741,0.12027,180818.35071,699.49909,24.00000,1322.29794,73030.49129,270.24154,0.20437,73030.49129,444.54734,14.00000,1248.84493,136246.68519,369.11609,0.29557,136246.68519,607.19596,11.00000,506.21380,28960.95162,170.17918,0.33618,28960.95162,279.94474,,,,,,,,7.00000,259.11054,16316.88450,127.73756,0.49298,16316.88450,210.12829,0.37398,0.35321,0.14317,,0.07328,0.10166,0.15687,0.07394,,0.05763
33460,"Minneapolis-St. Paul-Bloomington, MN-WI",20-24, 212 ,16271.81979,1548147.22590,1244.24565,0.07647,1548147.22590,2046.78409,95.00000,6245.79840,790684.16300,889.20423,0.14237,790684.16300,1462.74096,42.00000,4138.58857,503311.52893,709.44452,0.17142,503311.52893,1167.03624,37.00000,3476.51417,244363.90720,494.33178,0.14219,244363.90720,813.17578,23.00000,1528.69225,104028.20102,322.53403,0.21099,104028.20102,530.56848,15.00000,882.22640,106287.56624,326.01774,0.36954,106287.56624,536.29918,0.38384,0.25434,0.21365,0.09395,0.05422,0.07583,0.06419,0.04213,0.03039,0.03225
34980,"Nashville-Davidson--Murfreesboro--Franklin, TN",16-19, 106 ,4290.33398,193387.62315,439.75860,0.10250,193387.62315,723.40289,56.00000,1960.78053,81314.15316,285.15637,0.14543,81314.15316,469.08222,31.00000,1417.43180,98486.66920,313.82586,0.22140,98486.66920,516.24354,14.00000,675.97204,34693.94036,186.26309,0.27555,34693.94036,306.40279,,,,,,,,5.00000,236.14960,10485.93905,102.40087,0.43363,10485.93905,168.44944,0.45702,0.33038,0.15756,,0.05504,0.07756,0.10666,0.06629,,0.03815
34980,"Nashville-Davidson--Murfreesboro--Franklin, TN",20-24, 288 ,12743.04100,566428.11271,752.61419,0.05906,566428.11271,1238.05034,169.00000,6561.68750,223822.59380,473.09893,0.07210,223822.59380,778.24773,67.00000,3709.14759,225188.46862,474.54027,0.12794,225188.46862,780.61875,40.00000,2017.08983,89633.05745,299.38780,0.14843,89633.05745,492.49294,,,,,,,,10.00000,400.01263,21084.89122,145.20637,0.36300,21084.89122,238.86449,0.51492,0.29107,0.15829,,0.03139,0.03503,0.05434,0.03546,,0.01849
35300,"New Haven-Milford, CT",16-19, 33 ,1423.99214,91307.62976,302.17152,0.21220,91307.62976,497.07216,8.00000,303.60006,15197.50418,123.27816,0.40605,15197.50418,202.79257,8.00000,440.78087,30519.67106,174.69880,0.39634,30519.67106,287.37953,17.00000,679.61122,38982.77931,197.44057,0.29052,38982.77931,324.78974,,,,,,,,,,,,,,,0.21320,0.30954,0.47726,,,0.12142,0.17045,0.15578,,
35300,"New Haven-Milford, CT",20-24, 93 ,5223.85924,432533.76417,657.67299,0.12590,432533.76417,1081.87207,28.00000,1060.02600,70901.25316,266.27289,0.25119,70901.25316,438.01891,24.00000,1230.07317,67402.88167,259.62065,0.21106,67402.88167,427.07597,38.00000,2695.69503,267491.44514,517.19575,0.19186,267491.44514,850.78701,,,,,,,,,,,,,,,0.20292,0.23547,0.51604,,,0.07256,0.06562,0.12290,,
35380,"New Orleans-Metairie, LA",16-19, 79 ,2931.97996,130478.85248,361.21857,0.12320,130478.85248,594.20454,25.00000,997.40047,71269.51226,266.96350,0.26766,71269.51226,439.15496,43.00000,1432.28028,53387.15381,231.05660,0.16132,53387.15381,380.08811,,,,,,,,,,,,,,,,,,,,,,0.34018,0.48850,,,,0.13297,0.08369,,,
35380,"New Orleans-Metairie, LA",20-24, 221 ,10045.55392,567443.73681,753.28861,0.07499,567443.73681,1239.15977,61.00000,2150.88867,112301.73402,335.11451,0.15580,112301.73402,551.26337,136.00000,6466.77942,296181.61829,544.22571,0.08416,296181.61829,895.25129,14.00000,1180.09800,145253.06545,381.12080,0.32296,145253.06545,626.94372,,,,,,,,7.00000,145.38147,3958.66088,62.91789,0.43278,3958.66088,103.49993,0.21411,0.64375,0.11747,,0.01447,0.04810,0.04045,0.06070,,0.01015
35620,"New York-Newark-Jersey City, NY-NJ-PA",16-19, 875 ,37894.40916,2106586.49950,1451.40845,0.03830,2106586.49950,2387.56691,189.00000,6641.81998,347195.74748,589.23319,0.08872,347195.74748,969.28859,241.00000,10393.97610,556630.29427,746.07660,0.07178,556630.29427,1227.29601,378.00000,18328.36036,1071242.58850,1035.00850,0.05647,1071242.58850,1702.58898,36.00000,1172.60545,55792.06832,236.20345,0.20143,55792.06832,388.55467,31.00000,1357.64727,80166.08808,283.13617,0.20855,80166.08808,465.75899,0.17527,0.27429,0.48367,0.03094,0.03583,0.02307,0.02739,0.03302,0.01007,0.01208
35620,"New York-Newark-Jersey City, NY-NJ-PA",20-24," 2,307 ",113090.44242,7934686.94350,2816.85764,0.02491,7934686.94350,4633.73081,513.00000,19583.12735,1173363.64420,1083.21911,0.05531,1173363.64420,1781.89544,675.00000,33980.07616,1596265.01120,1263.43382,0.03718,1596265.01120,2078.34863,932.00000,51776.21723,2745326.57320,1656.90270,0.03200,2745326.57320,2725.60495,124.00000,5181.46308,317586.57719,563.54820,0.10876,317586.57719,927.03679,63.00000,2569.55860,144400.12382,380.00016,0.14789,144400.12382,625.10027,0.17316,0.30047,0.45783,0.04582,0.02272,0.01407,0.01364,0.01513,0.00798,0.00545
35840,"North Port-Sarasota-Bradenton, FL",16-19, 35 ,1582.33309,78364.54297,279.93668,0.17691,78364.54297,460.49583,17.00000,617.39579,33705.66633,183.59103,0.29736,33705.66633,302.00724,6.00000,270.61854,19696.29970,140.34351,0.51860,19696.29970,230.86507,11.00000,630.62960,36544.41222,191.16593,0.30314,36544.41222,314.46795,,,,,,,,,,,,,,,0.39018,0.17103,0.39854,,,0.15341,0.13715,0.16138,,
35840,"North Port-Sarasota-Bradenton, FL",20-24, 67 ,3153.03862,330472.06332,574.86700,0.18232,330472.06332,945.65621,33.00000,1333.10459,100359.11205,316.79506,0.23764,100359.11205,521.12788,12.00000,476.85458,19221.69685,138.64233,0.29074,19221.69685,228.06664,19.00000,1249.30283,202398.52111,449.88723,0.36011,202398.52111,740.06450,,,,,,,,,,,,,,,0.42280,0.15124,0.39622,,,0.10601,0.05634,0.20241,,
36260,"Ogden-Clearfield, UT",16-19, 27 ,1155.26720,67704.78673,260.20143,0.22523,67704.78673,428.03136,17.00000,713.42180,27779.63036,166.67222,0.23362,27779.63036,274.17581,,,,,,,,8.00000,352.51207,16134.63186,127.02217,0.36033,16134.63186,208.95147,,,,,,,,,,,,,,,0.61754,,0.30513,,,0.06304,,0.14118,,
36260,"Ogden-Clearfield, UT",20-24, 47 ,2166.16598,138878.27857,372.66376,0.17204,138878.27857,613.03189,33.00000,1363.11220,81691.64462,285.81750,0.20968,81691.64462,470.16979,,,,,,,,11.00000,700.98001,49990.33190,223.58518,0.31896,49990.33190,367.79762,,,,,,,,,,,,,,,0.62927,,0.32360,,,0.12408,,0.14298,,
36420,"Oklahoma City, OK",16-19, 83 ,4072.34820,313922.27406,560.28767,0.13758,313922.27406,921.67322,42.00000,2055.99444,177436.44703,421.23206,0.20488,177436.44703,692.92674,5.00000,247.46434,13223.44566,114.99324,0.46469,13223.44566,189.16388,22.00000,1114.14434,99186.54885,314.93896,0.28267,99186.54885,518.07459,,,,,,,,13.00000,635.47990,45660.92143,213.68416,0.33626,45660.92143,351.51045,0.50487,0.06077,0.27359,,0.15605,0.12608,0.04437,0.11113,,0.07876
36420,"Oklahoma City, OK",20-24, 148 ,8482.29079,794559.32302,891.38057,0.10509,794559.32302,1466.32104,69.00000,3804.52399,307654.16997,554.66582,0.14579,307654.16997,912.42527,21.00000,1520.84384,120364.51781,346.93590,0.22812,120364.51781,570.70955,31.00000,1711.09019,135970.04209,368.74116,0.21550,135970.04209,606.57921,,,,,,,,24.00000,1367.21253,109833.06619,331.41072,0.24240,109833.06619,545.17064,0.44853,0.17930,0.20173,,0.16118,0.07456,0.05972,0.06243,,0.05792
36540,"Omaha-Council Bluffs, NE-IA",16-19, 28 ,1357.03586,86025.46213,293.30098,0.21613,86025.46213,482.48010,13.00000,638.39005,36618.55364,191.35975,0.29975,36618.55364,314.78679,6.00000,476.86537,35106.62334,187.36762,0.39292,35106.62334,308.21973,9.00000,241.78045,5898.53136,76.80190,0.31765,5898.53136,126.33912,,,,,,,,,,,,,,,0.47043,0.35140,0.17817,,,0.16073,0.18968,0.06823,,
36540,"Omaha-Council Bluffs, NE-IA",20-24, 84 ,4301.51900,293523.44687,541.77804,0.12595,293523.44687,891.22488,55.00000,2160.99470,123400.64326,351.28428,0.16256,123400.64326,577.86264,11.00000,842.22506,66450.32346,257.77960,0.30607,66450.32346,424.04745,11.00000,962.73082,92815.74944,304.65677,0.31645,92815.74944,501.16039,,,,,,,,5.00000,244.69994,13039.29013,114.18971,0.46665,13039.29013,187.84207,0.50238,0.19580,0.22381,,0.05689,0.08493,0.08985,0.10688,,0.04205
36740,"Orlando-Kissimmee-Sanford, FL",16-19, 119 ,5132.20366,339300.23215,582.49483,0.11350,339300.23215,958.20400,40.00000,1530.69409,139161.03701,373.04294,0.24371,139161.03701,613.65564,25.00000,1070.29631,58140.57862,241.12358,0.22529,58140.57862,396.64828,48.00000,2290.98396,150721.40786,388.22855,0.16946,150721.40786,638.63597,,,,,,,,6.00000,240.22929,12932.93135,113.72305,0.47339,12932.93135,187.07441,0.29825,0.20855,0.44639,,0.04681,0.10581,0.06676,0.09240,,0.03539
36740,"Orlando-Kissimmee-Sanford, FL",20-24, 245 ,14461.93813,1310260.55150,1144.66613,0.07915,1310260.55150,1882.97579,69.00000,3505.22669,339330.75543,582.52103,0.16619,339330.75543,958.24710,59.00000,3450.29688,198629.83437,445.67907,0.12917,198629.83437,733.14207,108.00000,7094.47994,752719.41469,867.59404,0.12229,752719.41469,1427.19219,,,,,,,,6.00000,231.60128,10389.05754,101.92673,0.44010,10389.05754,167.66946,0.24238,0.23858,0.49056,,0.01601,0.05826,0.04006,0.07523,,0.01140
37100,"Oxnard-Thousand Oaks-Ventura, CA",16-19, 35 ,1330.88348,67120.53099,259.07630,0.19466,67120.53099,426.18052,,,,,,,,,,,,,,,29.00000,1061.62261,58694.14796,242.26875,0.22821,58694.14796,398.53210,,,,,,,,,,,,,,,,,0.79768,,,,,0.15627,,
37100,"Oxnard-Thousand Oaks-Ventura, CA",20-24, 107 ,4539.35979,310639.14541,557.35011,0.12278,310639.14541,916.84093,23.00000,1074.01209,80811.14461,284.27301,0.26468,80811.14461,467.62910,,,,,,,,81.00000,3344.19315,220443.49616,469.51411,0.14040,220443.49616,772.35071,,,,,,,,,,,,,,,0.23660,,0.73671,,,0.09126,,0.08251,,
37340,"Palm Bay-Melbourne-Titusville, FL",16-19, 26 ,1198.35007,105682.39812,325.08829,0.27128,105682.39812,534.77024,17.00000,821.65061,70849.71412,266.17610,0.32395,70849.71412,437.85968,5.00000,297.94916,26429.88140,162.57270,0.54564,26429.88140,267.43208,,,,,,,,,,,,,,,,,,,,,,0.68565,0.24863,,,,0.19971,0.19363,,,
37340,"Palm Bay-Melbourne-Titusville, FL",20-24, 57 ,3517.95623,291775.61278,540.16258,0.15354,291775.61278,888.56744,41.00000,2512.04081,226751.73663,476.18456,0.18956,226751.73663,783.32360,7.00000,480.10846,43538.70143,208.65930,0.43461,43538.70143,343.24454,5.00000,321.12719,19712.39031,140.40082,0.43721,19712.39031,230.95935,,,,,,,,,,,,,,,0.71406,0.13647,0.09128,,,0.13058,0.09128,0.06147,,
37980,"Philadelphia-Camden-Wilmington, PA-NJ-DE-MD",16-19, 219 ,13101.80745,987245.89007,993.60248,0.07584,987245.89007,1634.47608,64.00000,2882.13496,167719.40110,409.53559,0.14209,167719.40110,673.68605,85.00000,5678.58581,438197.31283,661.96474,0.11657,438197.31283,1088.93199,53.00000,3504.41163,233602.28335,483.32420,0.13792,233602.28335,795.06831,8.00000,431.97421,29049.84901,170.44016,0.39456,29049.84901,280.37407,9.00000,604.70085,52315.60833,228.72606,0.37825,52315.60833,376.25436,0.21998,0.43342,0.26748,0.03297,0.04615,0.04348,0.06312,0.05069,0.02100,0.02813
37980,"Philadelphia-Camden-Wilmington, PA-NJ-DE-MD",20-24, 637 ,40642.03153,3936121.49110,1983.96610,0.04882,3936121.49110,3263.62424,174.00000,7279.51092,576109.66233,759.01888,0.10427,576109.66233,1248.58606,288.00000,21272.45679,2074391.50840,1440.27480,0.06771,2074391.50840,2369.25205,128.00000,9646.17815,762465.76749,873.19286,0.09052,762465.76749,1436.40225,21.00000,1097.39384,73902.58218,271.85029,0.24772,73902.58218,447.19373,26.00000,1346.49183,70670.77713,265.83976,0.19743,70670.77713,437.30640,0.17911,0.52341,0.23734,0.02700,0.03313,0.02715,0.04040,0.02976,0.01079,0.01043
38060,"Phoenix-Mesa-Scottsdale, AZ",16-19, 306 ,12577.33209,745934.45695,863.67497,0.06867,745934.45695,1420.74533,79.00000,2504.47836,117109.80573,342.21310,0.13664,117109.80573,562.94055,18.00000,876.57077,54156.31408,232.71509,0.26548,54156.31408,382.81633,184.00000,7906.66544,487530.95537,698.23417,0.08831,487530.95537,1148.59521,,,,,,,,24.00000,1254.61751,72855.56907,269.91771,0.21514,72855.56907,444.01463,0.19913,0.06969,0.62864,,0.09975,0.03870,0.02940,0.05742,,0.03346
38060,"Phoenix-Mesa-Scottsdale, AZ",20-24, 817 ,39128.95468,2135792.77610,1461.43518,0.03735,2135792.77610,2404.06087,237.00000,9510.19686,471499.31831,686.65808,0.07220,471499.31831,1129.55254,44.00000,2397.31765,154060.31450,392.50518,0.16373,154060.31450,645.67102,469.00000,24149.26894,1646293.79330,1283.07981,0.05313,1646293.79330,2110.66628,7.00000,229.83567,10741.11169,103.63933,0.45093,10741.11169,170.48671,60.00000,2842.33556,170716.76781,413.17886,0.14537,170716.76781,679.67922,0.24305,0.06127,0.61717,0.00587,0.07264,0.02471,0.01607,0.03836,0.00434,0.01679
38300,"Pittsburgh, PA",16-19, 78 ,2871.86091,175073.77367,418.41818,0.14570,175073.77367,688.29791,57.00000,1936.65413,94397.18541,307.24125,0.15865,94397.18541,505.41186,14.00000,543.89543,23181.54594,152.25487,0.27993,23181.54594,250.45926,,,,,,,,,,,,,,,,,,,,,,0.67436,0.18939,,,,0.06964,0.07447,,,
38300,"Pittsburgh, PA",20-24, 264 ,10997.60584,490927.89606,700.66247,0.06371,490927.89606,1152.58976,196.00000,6815.29344,283980.25166,532.89797,0.07819,283980.25166,876.61717,54.00000,3530.14006,213782.41726,462.36611,0.13098,213782.41726,760.59225,,,,,,,,,,,,,,,12.00000,613.45294,51045.92277,225.93345,0.36830,51045.92277,371.66052,0.61971,0.32099,,,0.05578,0.04621,0.06043,,,0.03329
38900,"Portland-Vancouver-Hillsboro, OR-WA",16-19, 119 ,5497.56392,444210.82039,666.49143,0.12123,444210.82039,1096.37840,82.00000,3270.11344,200082.01310,447.30528,0.13679,200082.01310,735.81718,,,,,,,,23.00000,1560.65622,187219.20910,432.68835,0.27725,187219.20910,711.77234,,,,,,,,8.00000,217.17360,7267.62062,85.25034,0.39254,7267.62062,140.23681,0.59483,,0.28388,,0.03950,0.06198,,0.11644,,0.02426
38900,"Portland-Vancouver-Hillsboro, OR-WA",20-24, 307 ,15428.66829,994112.91911,997.05211,0.06462,994112.91911,1640.15073,216.00000,9704.11265,528327.42686,726.86135,0.07490,528327.42686,1195.68693,11.00000,1073.69364,119712.92629,345.99556,0.32225,119712.92629,569.16269,47.00000,3292.65968,268716.32279,518.37855,0.15743,268716.32279,852.73272,14.00000,545.92766,28486.71973,168.78009,0.30916,28486.71973,277.64325,19.00000,812.27467,48146.05686,219.42210,0.27013,48146.05686,360.94935,0.62897,0.06959,0.21341,0.03538,0.05265,0.03918,0.03614,0.05040,0.01760,0.02272
39300,"Providence-Warwick, RI-MA",16-19, 87 ,3853.94295,264398.64908,514.19709,0.13342,264398.64908,845.85422,39.00000,1309.76814,74995.49823,273.85306,0.20909,74995.49823,450.48828,,,,,,,,37.00000,2100.48174,158057.98066,397.56506,0.18927,158057.98066,653.99453,,,,,,,,5.00000,224.67260,13523.61191,116.29107,0.51760,13523.61191,191.29880,0.33985,,0.54502,,0.05830,0.09000,,0.12036,,0.04796
39300,"Providence-Warwick, RI-MA",20-24, 228 ,10197.16387,459686.63350,678.00194,0.06649,459686.63350,1115.31319,120.00000,4854.95195,232999.65577,482.70038,0.09942,232999.65577,794.04212,20.00000,971.67001,59493.60762,243.91311,0.25102,59493.60762,401.23707,68.00000,3300.36524,185949.16551,431.21823,0.13066,185949.16551,709.35400,,,,,,,,16.00000,925.60328,79070.90401,281.19549,0.30380,79070.90401,462.56658,0.47611,0.09529,0.32366,,0.09077,0.05790,0.03794,0.05988,,0.04426
39340,"Provo-Orem, UT",16-19, 24 ,835.48095,62180.75689,249.36070,0.29846,62180.75689,410.19835,13.00000,504.45081,39515.79508,198.78580,0.39406,39515.79508,327.00264,,,,,,,,7.00000,202.62699,7898.08076,88.87115,0.43859,7898.08076,146.19304,,,,,,,,,,,,,,,0.60378,,0.24253,,,0.25556,,0.12822,,
39340,"Provo-Orem, UT",20-24, 59 ,2935.72066,249238.53788,499.23796,0.17006,249238.53788,821.24644,45.00000,1928.36169,183653.29524,428.54789,0.22223,183653.29524,704.96128,,,,,,,,9.00000,657.81657,49015.56331,221.39459,0.33656,49015.56331,364.19410,,,,,,,,,,,,,,,0.65686,,0.22407,,,0.15459,,0.10706,,
39580,"Raleigh, NC",16-19, 47 ,2008.77115,156278.93145,395.32130,0.19680,156278.93145,650.30354,18.00000,777.87081,47952.43813,218.98045,0.28151,47952.43813,360.22284,16.00000,739.04057,63279.97531,251.55511,0.34038,63279.97531,413.80816,9.00000,409.87494,26276.36437,162.09986,0.39549,26276.36437,266.65427,,,,,,,,,,,,,,,0.38724,0.36791,0.20404,,,0.12823,0.16808,0.11514,,
39580,"Raleigh, NC",20-24, 120 ,6187.12408,504678.08171,710.40698,0.11482,504678.08171,1168.61949,45.00000,2305.91550,203825.38060,451.47024,0.19579,203825.38060,742.66855,43.00000,1970.30842,115178.52095,339.37961,0.17225,115178.52095,558.27946,24.00000,1629.62035,120373.25895,346.94850,0.21290,120373.25895,570.73028,,,,,,,,7.00000,238.60176,11004.81908,104.90386,0.43966,11004.81908,172.56684,0.37270,0.31845,0.26339,,0.03856,0.09723,0.06726,0.07768,,0.02692
40060,"Richmond, VA",16-19, 57 ,2529.73313,117699.92340,343.07422,0.13562,117699.92340,564.35710,17.00000,695.56942,30211.29901,173.81398,0.24989,30211.29901,285.92399,31.00000,1363.49796,60438.23653,245.84189,0.18030,60438.23653,404.40991,6.00000,411.04429,27232.54437,165.02286,0.40147,27232.54437,271.46260,,,,,,,,,,,,,,,0.27496,0.53899,0.16249,,,0.09493,0.10535,0.10100,,
40060,"Richmond, VA",20-24, 160 ,7597.49802,476453.38875,690.25603,0.09085,476453.38875,1135.47117,60.00000,2430.74711,147266.68241,383.75341,0.15787,147266.68241,631.27437,86.00000,4619.53748,279559.77288,528.73412,0.11446,279559.77288,869.76763,8.00000,336.10805,21106.66278,145.28132,0.43225,21106.66278,238.98778,,,,,,,,,,,,,,,0.31994,0.60803,0.04424,,,0.06795,0.06963,0.03075,,
40140,"Riverside-San Bernardino-Ontario, CA",16-19, 383 ,15898.95333,855216.87826,924.77937,0.05817,855216.87826,1521.26206,73.00000,3269.10800,292999.89982,541.29465,0.16558,292999.89982,890.42970,29.00000,1315.56147,74571.97251,273.07869,0.20758,74571.97251,449.21445,260.00000,10691.40112,542696.66357,736.67948,0.06890,542696.66357,1211.83775,5.00000,135.07318,3700.52438,60.83194,0.45036,3700.52438,100.06853,16.00000,487.80955,33123.15597,181.99768,0.37309,33123.15597,299.38619,0.20562,0.08275,0.67246,0.00850,0.03068,0.05244,0.02712,0.04086,0.00624,0.01860
40140,"Riverside-San Bernardino-Ontario, CA",20-24, 961 ,43857.98754,1994030.24360,1412.10136,0.03220,1994030.24360,2322.90673,191.00000,8110.75801,439851.83934,663.21327,0.08177,439851.83934,1090.98583,85.00000,5029.81958,447975.66141,669.30984,0.13307,447975.66141,1101.01469,624.00000,28118.83240,1455866.02590,1206.59273,0.04291,1455866.02590,1984.84505,21.00000,914.28497,71953.54587,268.24158,0.29339,71953.54587,441.25740,40.00000,1684.29258,103794.17663,322.17104,0.19128,103794.17663,529.97135,0.18493,0.11468,0.64113,0.02085,0.03840,0.02287,0.02436,0.02992,0.01000,0.01191
40380,"Rochester, NY",16-19, 71 ,2180.34230,77163.48806,277.78317,0.12740,77163.48806,456.95331,40.00000,973.25171,29948.11136,173.05523,0.17781,29948.11136,284.67585,18.00000,712.05219,36690.66439,191.54807,0.26901,36690.66439,315.09658,12.00000,403.03840,14526.92551,120.52770,0.29905,14526.92551,198.26806,,,,,,,,,,,,,,,0.44638,0.32658,0.18485,,,0.09108,0.12728,0.08227,,
40380,"Rochester, NY",20-24, 170 ,6916.87794,316596.06248,562.66870,0.08135,316596.06248,925.59001,81.00000,2799.00131,126754.39877,356.02584,0.12720,126754.39877,585.66251,50.00000,2507.26526,106908.94866,326.96934,0.13041,106908.94866,537.86456,30.00000,1190.86660,52357.18238,228.81692,0.19214,52357.18238,376.40383,,,,,,,,8.00000,318.45921,15234.96214,123.42999,0.38758,15234.96214,203.04233,0.40466,0.36249,0.17217,,0.04604,0.06509,0.06078,0.04930,,0.02870
40900,"Sacramento--Roseville--Arden-Arcade, CA",16-19, 129 ,4855.79133,237961.54104,487.81302,0.10046,237961.54104,802.45242,40.00000,1516.73615,57164.31868,239.09061,0.15763,57164.31868,393.30405,14.00000,535.99541,23577.60016,153.54999,0.28648,23577.60016,252.58974,57.00000,2241.38425,96355.72114,310.41218,0.13849,96355.72114,510.62804,14.00000,374.07163,16046.10950,126.67324,0.33863,16046.10950,208.37748,,,,,,,,0.31236,0.11038,0.46159,0.07704,,0.06242,0.04871,0.07238,0.04098,
40900,"Sacramento--Roseville--Arden-Arcade, CA",20-24, 347 ,17332.29775,1060827.99820,1029.96505,0.05942,1060827.99820,1694.29250,129.00000,6395.77952,461256.07953,679.15836,0.10619,461256.07953,1117.21550,49.00000,2550.53370,123632.70659,351.61443,0.13786,123632.70659,578.40574,103.00000,5495.46839,262993.43139,512.82885,0.09332,262993.43139,843.60346,44.00000,1777.20553,115138.30589,339.32036,0.19093,115138.30589,558.18199,22.00000,1113.31061,54611.03026,233.69003,0.20991,54611.03026,384.42010,0.36901,0.14715,0.31707,0.10254,0.06423,0.05342,0.03011,0.03753,0.03061,0.02127
41180,"St. Louis, MO-IL",16-19, 139 ,5772.69479,349251.25301,590.97483,0.10237,349251.25301,972.15360,81.00000,2594.18771,133013.61187,364.71031,0.14059,133013.61187,599.94846,52.00000,2808.46624,179983.45368,424.24457,0.15106,179983.45368,697.88231,,,,,,,,,,,,,,,,,,,,,,0.44939,0.48651,,,,0.07123,0.08890,,,
41180,"St. Louis, MO-IL",20-24, 392 ,19465.23344,1566526.63130,1251.60962,0.06430,1566526.63130,2058.89782,194.00000,7832.30905,552769.05600,743.48440,0.09493,552769.05600,1223.03184,175.00000,10128.48660,861536.20828,928.18975,0.09164,861536.20828,1526.87214,14.00000,989.70450,87129.82156,295.17761,0.29825,87129.82156,485.56717,,,,,,,,7.00000,335.19059,25540.34772,159.81348,0.47678,25540.34772,262.89317,0.40237,0.52034,0.05084,,0.01722,0.04622,0.05589,0.02436,,0.01338
41620,"Salt Lake City, UT",16-19, 52 ,2240.30460,119134.16851,345.15818,0.15407,119134.16851,567.78520,26.00000,1050.30770,64395.13703,253.76197,0.24161,64395.13703,417.43844,,,,,,,,14.00000,636.42228,41393.31775,203.45348,0.31968,41393.31775,334.68097,5.00000,228.24834,8906.50742,94.37429,0.41347,8906.50742,155.24571,5.00000,281.62688,17438.70852,132.05570,0.46890,17438.70852,217.23163,0.46882,,0.28408,0.10188,0.12571,0.14353,,0.13090,0.06431,0.09158
41620,"Salt Lake City, UT",20-24, 122 ,7043.07796,545950.53431,738.88466,0.10491,545950.53431,1215.46526,69.00000,4109.12146,280359.35484,529.48971,0.12886,280359.35484,871.01058,,,,,,,,28.00000,1818.19735,188176.51947,433.79318,0.23858,188176.51947,713.58977,9.00000,459.03018,47431.60726,217.78799,0.47445,47431.60726,358.26124,15.00000,527.77767,23022.65204,151.73217,0.28749,23022.65204,249.59942,0.58343,,0.25815,0.06517,0.07494,0.07181,,0.09100,0.04961,0.03300
41700,"San Antonio-New Braunfels, TX",16-19, 170 ,6753.48976,421041.95457,648.87746,0.09608,421041.95457,1067.40342,19.00000,712.56859,33521.42762,183.08858,0.25694,33521.42762,301.18071,13.00000,584.60600,44036.76052,209.84938,0.35896,44036.76052,345.20222,135.00000,5350.19647,335548.93506,579.26586,0.10827,335548.93506,952.89234,,,,,,,,,,,,,,,0.10551,0.08656,0.79221,,,0.04136,0.04925,0.06504,,
41700,"San Antonio-New Braunfels, TX",20-24, 422 ,17920.35301,1192288.81530,1091.91978,0.06093,1192288.81530,1796.20805,67.00000,2929.65867,191198.18410,437.26215,0.14925,191198.18410,719.29623,19.00000,928.05130,53445.14483,231.18206,0.24910,53445.14483,380.29449,328.00000,13772.60708,874895.18562,935.35832,0.06791,874895.18562,1538.66444,,,,,,,,6.00000,222.37609,9189.51804,95.86197,0.43108,9189.51804,157.69295,0.16348,0.05179,0.76855,,0.01241,0.03664,0.02058,0.03792,,0.00871
41740,"San Diego-Carlsbad, CA",16-19, 161 ,6675.64676,341283.92599,584.19511,0.08751,341283.92599,961.00096,39.00000,1640.96284,109039.79722,330.21175,0.20123,109039.79722,543.19832,13.00000,531.45369,30011.24367,173.23754,0.32597,30011.24367,284.97575,93.00000,3913.39892,186822.50645,432.22969,0.11045,186822.50645,711.01784,8.00000,265.38652,9375.11257,96.82516,0.36485,9375.11257,159.27740,8.00000,324.44479,21365.13907,146.16819,0.45052,21365.13907,240.44667,0.24581,0.07961,0.58622,0.03975,0.04860,0.07327,0.04112,0.06498,0.02316,0.03533
41740,"San Diego-Carlsbad, CA",20-24, 406 ,19274.07124,1110729.94950,1053.91174,0.05468,1110729.94950,1733.68481,108.00000,4659.82003,318087.71296,563.99265,0.12103,318087.71296,927.76791,25.00000,1504.99526,120415.45496,347.00930,0.23057,120415.45496,570.83030,231.00000,11894.48663,842275.56414,917.75572,0.07716,842275.56414,1509.70816,17.00000,636.00650,34605.75340,186.02622,0.29249,34605.75340,306.01313,25.00000,578.76282,22116.50123,148.71618,0.25696,22116.50123,244.63811,0.24177,0.07808,0.61712,0.03300,0.03003,0.04294,0.02877,0.05526,0.01560,0.01240
41860,"San Francisco-Oakland-Hayward, CA",16-19, 138 ,5271.93724,259308.27925,509.22321,0.09659,259308.27925,837.67218,22.00000,790.24740,31394.33602,177.18447,0.22421,31394.33602,291.46845,24.00000,1131.75167,57895.27377,240.61437,0.21260,57895.27377,395.81063,62.00000,2523.72198,142214.38494,377.11323,0.14943,142214.38494,620.35126,20.00000,571.97033,19386.40565,139.23507,0.24343,19386.40565,229.04170,10.00000,254.24587,9196.37959,95.89776,0.37719,9196.37959,157.75181,0.14990,0.21467,0.47871,0.10849,0.04823,0.04989,0.06688,0.08978,0.03988,0.02893
41860,"San Francisco-Oakland-Hayward, CA",20-24, 386 ,18257.38867,1068825.70210,1033.84027,0.05663,1068825.70210,1700.66724,71.00000,3222.51598,167128.74594,408.81383,0.12686,167128.74594,672.49875,89.00000,4613.27961,322590.43513,567.97045,0.12312,322590.43513,934.31139,151.00000,7275.25586,405831.89667,637.04937,0.08756,405831.89667,1047.94621,47.00000,1831.64605,92713.70772,304.48926,0.16624,92713.70772,500.88483,28.00000,1314.69117,65699.15139,256.31846,0.19496,65699.15139,421.64386,0.17650,0.25268,0.39848,0.10032,0.07201,0.03296,0.04544,0.04378,0.02579,0.02210
41940,"San Jose-Sunnyvale-Santa Clara, CA",16-19, 51 ,1903.07559,83762.63484,289.41775,0.15208,83762.63484,476.09220,5.00000,262.55532,14545.21914,120.60356,0.45935,14545.21914,198.39286,,,,,,,,31.00000,1279.90520,57643.81888,240.09127,0.18759,57643.81888,394.95014,12.00000,244.61506,7384.43452,85.93273,0.35130,7384.43452,141.35934,,,,,,,,0.13796,,0.67255,0.12854,,0.09837,,0.12150,0.06696,
41940,"San Jose-Sunnyvale-Santa Clara, CA",20-24, 105 ,4027.70339,212655.66721,461.14604,0.11449,212655.66721,758.58523,15.00000,522.43461,33992.94420,184.37176,0.35291,33992.94420,303.29154,5.00000,317.41080,26851.46728,163.86417,0.51625,26851.46728,269.55657,60.00000,2487.54166,106822.91646,326.83775,0.13139,106822.91646,537.64810,16.00000,499.41497,19851.26893,140.89453,0.28212,19851.26893,231.77150,9.00000,200.90136,8425.69935,91.79161,0.45690,8425.69935,150.99720,0.12971,0.07881,0.61761,0.12399,0.04988,0.07123,0.06526,0.06548,0.05259,0.03629
42540,"Scranton--Wilkes-Barre--Hazleton, PA",16-19, 28 ,892.27170,55357.46685,235.28168,0.26369,55357.46685,387.03836,24.00000,759.53756,47178.81801,217.20686,0.28597,47178.81801,357.30528,,,,,,,,,,,,,,,,,,,,,,,,,,,,,0.85124,,,,,0.15498,,,,
42540,"Scranton--Wilkes-Barre--Hazleton, PA",20-24, 81 ,3374.26766,197768.76079,444.71200,0.13180,197768.76079,731.55124,64.00000,2322.99045,134668.60675,366.97222,0.15797,134668.60675,603.66929,,,,,,,,13.00000,875.39252,52797.32880,229.77669,0.26248,52797.32880,377.98266,,,,,,,,,,,,,,,0.68844,,0.25943,,,0.09864,,0.09687,,
42660,"Seattle-Tacoma-Bellevue, WA",16-19, 139 ,5826.25099,346323.78896,588.49281,0.10101,346323.78896,968.07067,67.00000,2421.15137,133165.67415,364.91872,0.15072,133165.67415,600.29130,15.00000,944.15662,113778.83827,337.31119,0.35726,113778.83827,554.87691,18.00000,846.50296,42939.22770,207.21783,0.24479,42939.22770,340.87332,15.00000,906.52916,55308.99305,235.17864,0.25943,55308.99305,386.86886,24.00000,707.91089,51344.77300,226.59385,0.32009,51344.77300,372.74688,0.41556,0.16205,0.14529,0.15559,0.12150,0.07647,0.09135,0.05329,0.06116,0.06071
42660,"Seattle-Tacoma-Bellevue, WA",20-24, 343 ,15957.82071,1457826.30060,1207.40478,0.07566,1457826.30060,1986.18086,185.00000,7905.92715,592637.98543,769.82984,0.09737,592637.98543,1266.37009,28.00000,1526.64640,125394.77220,354.11124,0.23195,125394.77220,582.51299,50.00000,2745.77843,214900.77307,463.57391,0.16883,214900.77307,762.57909,28.00000,1487.13554,123291.45748,351.12883,0.23611,123291.45748,577.60693,52.00000,2292.33319,154835.48981,393.49141,0.17166,154835.48981,647.29337,0.49543,0.09567,0.17206,0.09319,0.14365,0.04995,0.03451,0.04272,0.03429,0.03641
44060,"Spokane-Spokane Valley, WA",16-19, 42 ,1329.67192,102709.83365,320.48375,0.24102,102709.83365,527.19577,29.00000,894.79243,47190.70016,217.23421,0.24278,47190.70016,357.35027,,,,,,,,5.00000,164.70872,7447.87054,86.30105,0.52396,7447.87054,141.96522,,,,,,,,8.00000,270.17077,27736.82409,166.54376,0.61644,27736.82409,273.96449,0.67294,,0.12387,,0.20319,0.03222,,0.09480,,0.18964
44060,"Spokane-Spokane Valley, WA",20-24, 116 ,4056.34169,193068.49453,439.39560,0.10832,193068.49453,722.80576,81.00000,2923.84320,112257.22138,335.04809,0.11459,112257.22138,551.15411,,,,,,,,9.00000,376.18253,24337.38251,156.00443,0.41470,24337.38251,256.62729,,,,,,,,20.00000,396.56183,11606.71851,107.73448,0.27167,11606.71851,177.22322,0.72081,,0.09274,,0.09776,0.04432,,0.06107,,0.04007
44140,"Springfield, MA",16-19, 55 ,2373.44930,151441.05345,389.15428,0.16396,151441.05345,640.15879,15.00000,496.60062,30688.18765,175.18044,0.35276,30688.18765,288.17183,10.00000,435.90784,25757.36454,160.49101,0.36818,25757.36454,264.00771,28.00000,1346.17882,85642.64061,292.64764,0.21739,85642.64061,481.40537,,,,,,,,,,,,,,,0.20923,0.18366,0.56718,,,0.10750,0.09959,0.13318,,
44140,"Springfield, MA",20-24, 104 ,5352.61053,345475.32793,587.77149,0.10981,345475.32793,966.88411,31.00000,1223.72506,84701.95483,291.03600,0.23783,84701.95483,478.75422,11.00000,779.09252,55945.54173,236.52810,0.30359,55945.54173,389.08872,58.00000,3204.50142,210561.27343,458.86956,0.14320,210561.27343,754.84043,,,,,,,,,,,,,,,0.22862,0.14555,0.59868,,,0.07934,0.06777,0.09051,,
44700,"Stockton-Lodi, CA",16-19, 82 ,2928.85608,152081.15195,389.97584,0.13315,152081.15195,641.51025,17.00000,689.76150,36507.52040,191.06941,0.27701,36507.52040,314.30918,5.00000,214.33606,9617.40435,98.06837,0.45754,9617.40435,161.32246,45.00000,1604.56427,67035.96760,258.91305,0.16136,67035.96760,425.91197,11.00000,290.50514,11162.89356,105.65460,0.36369,11162.89356,173.80181,,,,,,,,0.23551,0.07318,0.54785,0.09919,,0.09410,0.05270,0.08215,0.05522,
44700,"Stockton-Lodi, CA",20-24, 176 ,7036.27272,450796.02137,671.41345,0.09542,450796.02137,1104.47513,39.00000,1739.19857,76385.89607,276.37998,0.15891,76385.89607,454.64508,25.00000,893.09833,48982.27426,221.31939,0.24781,48982.27426,364.07040,80.00000,3177.28103,173710.35691,416.78574,0.13118,173710.35691,685.61255,21.00000,833.38218,71560.43472,267.50782,0.32099,71560.43472,440.05037,11.00000,393.31261,15686.05428,125.24398,0.31843,15686.05428,206.02635,0.24718,0.12693,0.45156,0.11844,0.05590,0.05167,0.04775,0.06686,0.05971,0.02794
45060,"Syracuse, NY",16-19, 46 ,1210.84885,64354.70457,253.68229,0.20951,64354.70457,417.30737,30.00000,849.15020,41696.71004,204.19772,0.24047,41696.71004,335.90525,8.00000,149.85017,4079.90274,63.87412,0.42625,4079.90274,105.07292,,,,,,,,,,,,,,,,,,,,,,0.70129,0.12376,,,,0.13617,0.07557,,,
45060,"Syracuse, NY",20-24, 137 ,4573.81795,215815.04427,464.55898,0.10157,215815.04427,764.19952,87.00000,3226.97020,171830.97006,414.52499,0.12846,171830.97006,681.89361,26.00000,593.47010,20781.24795,144.15703,0.24291,20781.24795,237.13831,6.00000,170.06275,6882.09345,82.95838,0.48781,6882.09345,136.46654,10.00000,188.48262,5187.68016,72.02555,0.38213,5187.68016,118.48203,8.00000,394.83228,35992.35323,189.71651,0.48050,35992.35323,312.08365,0.70553,0.12975,0.03718,0.04121,0.08632,0.09127,0.04710,0.02918,0.02497,0.06669
45300,"Tampa-St. Petersburg-Clearwater, FL",16-19, 207 ,8390.55686,459634.22376,677.96329,0.08080,459634.22376,1115.24961,85.00000,2912.75434,125019.77153,353.58135,0.12139,125019.77153,581.64132,54.00000,2396.94129,138436.52134,372.07059,0.15523,138436.52134,612.05611,56.00000,2699.32459,201439.50173,448.82012,0.16627,201439.50173,738.30910,,,,,,,,12.00000,381.53664,12492.08974,111.76802,0.29294,12492.08974,183.85839,0.34715,0.28567,0.32171,,0.04547,0.05173,0.06228,0.07690,,0.02106
45300,"Tampa-St. Petersburg-Clearwater, FL",20-24, 498 ,20019.38766,1506934.47010,1227.57259,0.06132,1506934.47010,2019.35691,245.00000,8908.81369,484340.00140,695.94540,0.07812,484340.00140,1144.83018,120.00000,5571.97477,418336.41051,646.78931,0.11608,418336.41051,1063.96841,116.00000,4888.36746,326857.35473,571.71440,0.11695,326857.35473,940.47019,,,,,,,,13.00000,473.59319,24912.42685,157.83671,0.33327,24912.42685,259.64139,0.44501,0.27833,0.24418,,0.02366,0.03543,0.04513,0.04000,,0.01275
45780,"Toledo, OH",16-19, 32 ,1205.60318,77372.24302,278.15867,0.23072,77372.24302,457.57100,12.00000,308.88363,11564.58898,107.53878,0.34815,11564.58898,176.90129,11.00000,499.77006,39270.76157,198.16852,0.39652,39270.76157,325.98721,7.00000,335.33750,13118.01842,114.53392,0.34155,13118.01842,188.40830,,,,,,,,,,,,,,,0.25621,0.41454,0.27815,,,0.10989,0.21991,0.11523,,
45780,"Toledo, OH",20-24, 135 ,6381.47543,393386.60064,627.20539,0.09829,393386.60064,1031.75287,72.00000,3030.73019,153038.82071,391.20176,0.12908,153038.82071,643.52690,39.00000,2061.24558,115076.09182,339.22867,0.16457,115076.09182,558.03117,18.00000,912.37366,81541.05582,285.55395,0.31298,81541.05582,469.73624,,,,,,,,5.00000,300.39543,26949.53693,164.16314,0.54649,26949.53693,270.04837,0.47493,0.32300,0.14297,,0.04707,0.06537,0.07014,0.06989,,0.04163
46060,"Tucson, AZ",16-19, 78 ,3397.77229,216707.06984,465.51807,0.13701,216707.06984,765.77722,12.00000,503.67618,28088.38107,167.59589,0.33275,28088.38107,275.69523,5.00000,164.40540,6734.23758,82.06240,0.49915,6734.23758,134.99265,48.00000,2341.38437,160020.49816,400.02562,0.17085,160020.49816,658.04215,,,,,,,,11.00000,324.63968,12522.78277,111.90524,0.34471,12522.78277,184.08412,0.14824,0.04839,0.68909,,0.09554,0.07394,0.03820,0.11571,,0.04971
46060,"Tucson, AZ",20-24, 203 ,9874.62577,702947.06864,838.41939,0.08491,702947.06864,1379.19989,52.00000,2803.42131,177623.64380,421.45420,0.15034,177623.64380,693.29216,7.00000,287.00421,15176.47041,123.19282,0.42924,15176.47041,202.65219,100.00000,5151.82619,345012.02079,587.37724,0.11401,345012.02079,966.23556,,,,,,,,40.00000,1373.86517,65534.57089,255.99721,0.18633,65534.57089,421.11541,0.28390,0.02906,0.52172,,0.13913,0.05794,0.02012,0.06530,,0.03796
46140,"Tulsa, OK",16-19, 72 ,2235.54833,101153.36190,318.04616,0.14227,101153.36190,523.18594,21.00000,651.68135,27345.86300,165.36585,0.25375,27345.86300,272.02682,15.00000,485.96996,16854.17592,129.82363,0.26714,16854.17592,213.55988,23.00000,622.04204,21559.02858,146.82993,0.23605,21559.02858,241.53524,,,,,,,,13.00000,475.85498,27469.35028,165.73880,0.34830,27469.35028,272.64033,0.29151,0.21738,0.27825,,0.21286,0.10076,0.08086,0.08621,,0.11132
46140,"Tulsa, OK",20-24, 164 ,6590.78461,399237.78180,631.85266,0.09587,399237.78180,1039.39762,74.00000,3258.92754,148536.24791,385.40401,0.11826,148536.24791,633.98959,31.00000,1385.10643,96973.25319,311.40529,0.22482,96973.25319,512.26170,19.00000,598.62050,22585.63681,150.28518,0.25105,22585.63681,247.21913,,,,,,,,37.00000,1264.61951,68945.96506,262.57564,0.20763,68945.96506,431.93692,0.49447,0.21016,0.09083,,0.19188,0.05632,0.07030,0.03467,,0.05813
46520,"Urban Honolulu, HI",16-19, 47 ,1428.14589,79879.75580,282.63007,0.19790,79879.75580,464.92646,,,,,,,,,,,,,,,10.00000,270.47553,15732.04535,125.42745,0.46373,15732.04535,206.32816,26.00000,921.23493,44512.66477,210.98025,0.22902,44512.66477,347.06251,8.00000,163.01352,4641.98687,68.13213,0.41795,4641.98687,112.07735,,,0.18939,0.64506,0.11414,,,0.13066,0.12231,0.06912
46520,"Urban Honolulu, HI",20-24, 127 ,5439.17474,226069.09098,475.46723,0.08742,226069.09098,782.14360,24.00000,1241.95180,88213.10121,297.00690,0.23915,88213.10121,488.57636,,,,,,,,18.00000,838.90136,63116.39966,251.22977,0.29947,63116.39966,413.27298,54.00000,1962.00903,102554.52618,320.24136,0.16322,102554.52618,526.79703,27.00000,1120.43559,69586.89074,263.79327,0.23544,69586.89074,433.93993,0.22833,,0.15423,0.36072,0.20599,0.08361,,0.07267,0.08179,0.07408
47260,"Virginia Beach-Norfolk-Newport News, VA-NC",16-19, 88 ,3977.61517,262685.96974,512.52899,0.12885,262685.96974,843.11020,28.00000,1004.71288,57814.48743,240.44643,0.23932,57814.48743,395.53438,43.00000,2291.28819,169568.37765,411.78681,0.17972,169568.37765,677.38930,7.00000,242.47228,14291.15226,119.54561,0.49303,14291.15226,196.65252,,,,,,,,7.00000,354.53071,21227.63684,145.69707,0.41096,21227.63684,239.67168,0.25259,0.57605,0.06096,,0.08913,0.08380,0.11872,0.04772,,0.05722
47260,"Virginia Beach-Norfolk-Newport News, VA-NC",20-24, 234 ,10623.97788,600477.14383,774.90460,0.07294,600477.14383,1274.71807,79.00000,2884.19095,133077.47694,364.79786,0.12648,133077.47694,600.09248,121.00000,6028.40147,405347.66211,636.66919,0.10561,405347.66211,1047.32082,18.00000,1128.82433,91612.46010,302.67550,0.26813,91612.46010,497.90120,7.00000,249.22033,11691.11482,108.12546,0.43385,11691.11482,177.86638,9.00000,333.34080,25337.94347,159.17897,0.47753,25337.94347,261.84940,0.27148,0.56743,0.10625,0.02346,0.03138,0.04615,0.07129,0.04510,0.01650,0.02436
47900,"Washington-Arlington-Alexandria, DC-VA-MD-WV",16-19, 178 ,8451.66913,567967.58458,753.63624,0.08917,567967.58458,1239.73162,42.00000,1641.66630,84922.76558,291.41511,0.17751,84922.76558,479.37785,89.00000,4576.56778,301939.01690,549.48978,0.12007,301939.01690,903.91069,33.00000,1767.00006,107368.49294,327.67132,0.18544,107368.49294,539.01932,12.00000,402.43499,15167.08469,123.15472,0.30602,15167.08469,202.58951,,,,,,,,0.19424,0.54150,0.20907,0.04762,,0.04904,0.07162,0.05592,0.02293,
47900,"Washington-Arlington-Alexandria, DC-VA-MD-WV",20-24, 468 ,20892.32395,1752765.51790,1323.92051,0.06337,1752765.51790,2177.84924,89.00000,3397.79952,182631.02364,427.35351,0.12577,182631.02364,702.99653,280.00000,12201.64377,896993.45056,947.09738,0.07762,896993.45056,1557.97519,78.00000,4398.21351,360769.97272,600.64130,0.13656,360769.97272,988.05494,9.00000,395.84854,22277.99729,149.25816,0.37706,22277.99729,245.52967,12.00000,498.81862,29585.27140,172.00370,0.34482,29585.27140,282.94608,0.16263,0.58403,0.21052,0.01895,0.02388,0.02907,0.04306,0.04189,0.01158,0.01331
48620,"Wichita, KS",16-19, 22 ,1286.54648,95381.86582,308.83955,0.24005,95381.86582,508.04105,9.00000,360.37733,18020.42356,134.24017,0.37250,18020.42356,220.82508,,,,,,,,7.00000,508.38613,39830.40266,199.57556,0.39257,39830.40266,328.30179,,,,,,,,,,,,,,,0.28011,,0.39516,,,0.13125,,0.20191,,
48620,"Wichita, KS",20-24, 63 ,3358.37886,272743.11358,522.24813,0.15551,272743.11358,859.09818,39.00000,1983.19390,172687.90058,415.55734,0.20954,172687.90058,683.59182,9.00000,599.44313,44190.05163,210.21430,0.35068,44190.05163,345.80252,10.00000,586.42336,45417.80789,213.11454,0.36341,45417.80789,350.57342,,,,,,,,,,,,,,,0.59052,0.17849,0.17462,,,0.13643,0.09229,0.09435,,
49180,"Winston-Salem, NC",16-19, 41 ,2297.11627,189924.31387,435.80307,0.18972,189924.31387,716.89605,24.00000,1254.89015,62277.11230,249.55383,0.19887,62277.11230,410.51604,10.00000,518.33624,37271.33824,193.05786,0.37246,37271.33824,317.58018,7.00000,523.88988,52576.75267,229.29621,0.43768,52576.75267,377.19227,,,,,,,,,,,,,,,0.54629,0.22565,0.22806,,,0.05358,0.11897,0.14797,,
49180,"Winston-Salem, NC",20-24, 132 ,6495.71288,405361.16715,636.67980,0.09802,405361.16715,1047.33827,65.00000,2987.02793,151177.13931,388.81505,0.13017,151177.13931,639.60075,49.00000,2583.94276,161670.80833,402.08309,0.15561,161670.80833,661.42668,12.00000,740.91914,41885.37668,204.65917,0.27622,41885.37668,336.66434,,,,,,,,5.00000,146.48972,3981.95419,63.10273,0.43077,3981.95419,103.80399,0.45985,0.39779,0.11406,,0.02255,0.06479,0.07909,0.04846,,0.01556
49340,"Worcester, MA-CT",16-19, 29 ,1221.89844,57388.97042,239.55995,0.19606,57388.97042,394.07612,18.00000,821.52889,46225.01422,215.00003,0.26171,46225.01422,353.67505,,,,,,,,10.00000,374.60622,19115.39534,138.25844,0.36908,19115.39534,227.43513,,,,,,,,,,,,,,,0.67234,,0.30658,,,0.19173,,0.15770,,
49340,"Worcester, MA-CT",20-24, 79 ,4276.69849,244019.93070,493.98374,0.11551,244019.93070,812.60324,45.00000,2323.07510,136849.23458,369.93139,0.15924,136849.23458,608.53714,5.00000,299.65778,18137.70941,134.67631,0.44943,18137.70941,221.54254,25.00000,1304.70853,70089.18861,264.74363,0.20291,70089.18861,435.50327,,,,,,,,,,,,,,,0.54319,0.07007,0.30507,,,0.09795,0.05006,0.08372,,
49660,"Youngstown-Warren-Boardman, OH-PA",16-19, 31 ,951.69801,43944.46987,209.62936,0.22027,43944.46987,344.84030,20.00000,607.14981,28299.86685,168.22564,0.27707,28299.86685,276.73118,5.00000,157.04409,6382.17434,79.88851,0.50870,6382.17434,131.41660,,,,,,,,,,,,,,,,,,,,,,0.63796,0.16501,,,,0.17639,0.12447,,,
49660,"Youngstown-Warren-Boardman, OH-PA",20-24, 116 ,4543.08717,214135.31479,462.74757,0.10186,214135.31479,761.21975,78.00000,2925.83742,148239.89955,385.01935,0.13159,148239.89955,633.35683,22.00000,995.78234,35587.98088,188.64777,0.18945,35587.98088,310.32558,9.00000,408.65067,16888.45101,129.95557,0.31801,16888.45101,213.77692,,,,,,,,6.00000,139.91300,4872.08943,69.80035,0.49888,4872.08943,114.82158,0.64402,0.21919,0.08995,,0.03080,0.08827,0.05759,0.04458,,0.02474
