Assigned_CBSA,Assigned_CBSATitle,age_recode, sample_tot ,dy_total,var_tot,se_tot,cv_tot,se2_tot,moe_tot,sample_m,dy_male,var_m,se_m,cv_m,se2_m,moe_m,sample_f,dy_female,var_f,se_f,cv_f,se2_f,moe_f,S_male,S_female,MOE_Smale,MOE_Sfemale
0,_US total,16-19," 19,771 ",784008.30555,62389273.41800,7898.68808,0.01007,62389273.41800,12993.34190,10003.00000,396278.66317,24260872.24200,4925.53269,0.01243,24260872.24200,8102.50127,9768.00000,387729.64238,25034550.82900,5003.45389,0.01290,25034550.82900,8230.68165,0.50545,0.49455,0.00605,0.00656
0,_US total,20-24," 50,398 ",2243041.19990,143872271.20000,11994.67679,0.00535,143872271.20000,19731.24331,21972.00000,999742.82730,68994419.13100,8306.28793,0.00831,68994419.13100,13663.84364,28426.00000,1243298.37260,62302413.93700,7893.18782,0.00635,62302413.93700,12984.29396,0.44571,0.55429,0.00466,0.00312
10420,"Akron, OH",16-19, 29 ,1546.68329,126928.50726,356.27027,0.23034,126928.50726,586.06460,17.00000,593.70869,43524.13654,208.62439,0.35139,43524.13654,343.18712,12.00000,952.97460,83411.25809,288.81007,0.30306,83411.25809,475.09257,0.38386,0.61614,0.16756,0.19961
10420,"Akron, OH",20-24, 85 ,4025.36815,203697.12891,451.32818,0.11212,203697.12891,742.43486,39.00000,1957.58181,131750.61625,362.97468,0.18542,131750.61625,597.09334,46.00000,2067.78635,87747.52431,296.22209,0.14326,87747.52431,487.28533,0.48631,0.51369,0.11814,0.07535
10580,"Albany-Schenectady-Troy, NY",16-19, 34 ,1996.64544,128234.39557,358.09830,0.17935,128234.39557,589.07171,13.00000,739.19508,33968.94343,184.30666,0.24933,33968.94343,303.18445,21.00000,1257.45036,102856.88177,320.71308,0.25505,102856.88177,527.57302,0.37022,0.62978,0.10549,0.18787
10580,"Albany-Schenectady-Troy, NY",20-24, 68 ,3470.32844,274771.20994,524.18624,0.15105,274771.20994,862.28636,32.00000,1594.39913,126425.79677,355.56405,0.22301,126425.79677,584.90287,36.00000,1875.92931,104964.42475,323.98214,0.17270,104964.42475,532.95061,0.45944,0.54056,0.12400,0.07446
10740,"Albuquerque, NM",16-19, 71 ,2784.99747,176279.47368,419.85649,0.15076,176279.47368,690.66393,35.00000,1497.27212,94973.48910,308.17769,0.20583,94973.48910,506.95230,36.00000,1287.72535,80890.34971,284.41229,0.22086,80890.34971,467.85821,0.53762,0.46238,0.12393,0.12277
10740,"Albuquerque, NM",20-24, 163 ,7696.57729,466656.11176,683.12233,0.08876,466656.11176,1123.73623,61.00000,2786.54618,142132.61250,377.00479,0.13529,142132.61250,620.17288,102.00000,4910.03111,334079.29855,577.99593,0.11772,334079.29855,950.80331,0.36205,0.63795,0.06082,0.08115
10900,"Allentown-Bethlehem-Easton, PA-NJ",16-19, 32 ,1860.14131,194733.85908,441.28660,0.23723,194733.85908,725.91645,15.00000,528.97242,28376.20759,168.45239,0.31845,28376.20759,277.10418,17.00000,1331.16889,145180.57104,381.02568,0.28623,145180.57104,626.78725,0.28437,0.71563,0.09938,0.18854
10900,"Allentown-Bethlehem-Easton, PA-NJ",20-24, 81 ,4241.87302,377261.67264,614.21631,0.14480,377261.67264,1010.38583,38.00000,2073.03863,138086.84554,371.60038,0.17925,138086.84554,611.28263,43.00000,2168.83438,169910.60844,412.20215,0.19006,169910.60844,678.07253,0.48871,0.51129,0.08495,0.10354
12060,"Atlanta-Sandy Springs-Roswell, GA",16-19, 310 ,14194.81523,753296.39954,867.92649,0.06114,753296.39954,1427.73908,154.00000,6995.12329,377756.01508,614.61859,0.08786,377756.01508,1011.04759,156.00000,7199.69194,386538.63110,621.72231,0.08635,386538.63110,1022.73320,0.49279,0.50721,0.05115,0.05088
12060,"Atlanta-Sandy Springs-Roswell, GA",20-24, 721 ,38685.38067,2448994.69360,1564.92642,0.04045,2448994.69360,2574.30396,313.00000,17019.95803,1164657.21460,1079.19285,0.06341,1164657.21460,1775.27224,408.00000,21665.42264,1270918.69520,1127.35030,0.05203,1270918.69520,1854.49124,0.43996,0.56004,0.03534,0.03015
12260,"Augusta-Richmond County, GA-SC",16-19, 46 ,2145.55062,114519.39543,338.40714,0.15773,114519.39543,556.67975,21.00000,1267.31675,87777.04539,296.27191,0.23378,87777.04539,487.36729,25.00000,878.23388,30177.07594,173.71550,0.19780,30177.07594,285.76200,0.59067,0.40933,0.16766,0.08037
12260,"Augusta-Richmond County, GA-SC",20-24, 97 ,4473.16171,315403.32531,561.60780,0.12555,315403.32531,923.84484,38.00000,2340.10000,181013.77369,425.45713,0.18181,181013.77369,699.87699,59.00000,2133.06171,137103.17616,370.27446,0.17359,137103.17616,609.10149,0.52314,0.47686,0.11317,0.09403
12420,"Austin-Round Rock, TX",16-19, 84 ,3908.88232,242842.84241,492.79087,0.12607,242842.84241,810.64098,39.00000,1826.52245,127817.32931,357.51550,0.19574,127817.32931,588.11299,45.00000,2082.35987,124862.54189,353.35894,0.16969,124862.54189,581.27546,0.46727,0.53273,0.11509,0.09954
12420,"Austin-Round Rock, TX",20-24, 201 ,9206.14193,601975.59684,775.87086,0.08428,601975.59684,1276.30757,79.00000,3441.94217,291649.73543,540.04605,0.15690,291649.73543,888.37575,122.00000,5764.19976,338960.34175,582.20301,0.10100,338960.34175,957.72395,0.37387,0.62613,0.08140,0.05734
12540,"Bakersfield, CA",16-19, 83 ,3823.75159,239405.62608,489.29094,0.12796,239405.62608,804.88360,43.00000,2136.40534,133611.23043,365.52870,0.17110,133611.23043,601.29471,40.00000,1687.34624,99212.97741,314.98092,0.18667,99212.97741,518.14361,0.55872,0.44128,0.10439,0.09866
12540,"Bakersfield, CA",20-24, 242 ,11727.74824,462813.06340,680.30366,0.05801,462813.06340,1119.09951,107.00000,5224.69049,334840.36518,578.65393,0.11075,334840.36518,951.88571,135.00000,6503.05775,336068.47272,579.71413,0.08914,336068.47272,953.62974,0.44550,0.55450,0.06914,0.06174
12580,"Baltimore-Columbia-Towson, MD",16-19, 114 ,5319.98931,406294.00521,637.41196,0.11981,406294.00521,1048.54267,62.00000,2931.75999,190798.50376,436.80488,0.14899,190798.50376,718.54403,52.00000,2388.22933,195739.60236,442.42469,0.18525,195739.60236,727.78861,0.55108,0.44892,0.08028,0.10434
12580,"Baltimore-Columbia-Towson, MD",20-24, 300 ,13639.66923,875976.34114,935.93608,0.06862,875976.34114,1539.61485,144.00000,6590.60325,409333.10241,639.79145,0.09708,409333.10241,1052.45694,156.00000,7049.06598,499548.43744,706.78741,0.10027,499548.43744,1162.66528,0.48319,0.51681,0.05458,0.06215
12940,"Baton Rouge, LA",16-19, 46 ,2355.26251,239188.01418,489.06852,0.20765,239188.01418,804.51771,23.00000,1216.85371,90915.59932,301.52214,0.24779,90915.59932,496.00392,23.00000,1138.40880,92282.77132,303.78079,0.26685,92282.77132,499.71941,0.51665,0.48335,0.11491,0.13326
12940,"Baton Rouge, LA",20-24, 120 ,7921.59152,633532.50358,795.94755,0.10048,633532.50358,1309.33372,55.00000,3533.96631,304633.69600,551.93632,0.15618,304633.69600,907.93524,65.00000,4387.62521,326237.92776,571.17242,0.13018,326237.92776,939.57862,0.44612,0.55388,0.08775,0.07541
13820,"Birmingham-Hoover, AL",16-19, 70 ,3566.56421,249330.20286,499.32975,0.14000,249330.20286,821.39744,32.00000,1912.02237,169485.61756,411.68631,0.21531,169485.61756,677.22398,38.00000,1654.54185,81583.17236,285.62768,0.17263,81583.17236,469.85754,0.53610,0.46390,0.14426,0.07708
13820,"Birmingham-Hoover, AL",20-24, 193 ,9534.61881,611104.54156,781.73176,0.08199,611104.54156,1285.94874,94.00000,5213.64137,350759.35858,592.24941,0.11360,350759.35858,974.25027,99.00000,4320.97744,165702.89759,407.06621,0.09421,165702.89759,669.62391,0.54681,0.45319,0.07072,0.03459
14260,"Boise City, ID",16-19, 30 ,2000.93808,214498.50368,463.13983,0.23146,214498.50368,761.86502,17.00000,1204.34421,99187.28549,314.94013,0.26150,99187.28549,518.07651,13.00000,796.59387,95475.45007,308.99102,0.38789,95475.45007,508.29023,0.60189,0.39811,0.12049,0.20384
14260,"Boise City, ID",20-24, 73 ,4075.91217,388921.53462,623.63574,0.15301,388921.53462,1025.88079,27.00000,1456.85410,83279.05851,288.58111,0.19809,83279.05851,474.71593,46.00000,2619.05807,285585.34389,534.40186,0.20404,285585.34389,879.09105,0.35743,0.64257,0.07397,0.14269
14460,"Boston-Cambridge-Newton, MA-NH",16-19, 115 ,4121.76943,238707.38897,488.57690,0.11854,238707.38897,803.70900,78.00000,2772.79998,154708.72317,393.33030,0.14185,154708.72317,647.02834,37.00000,1348.96945,65809.57214,256.53376,0.19017,65809.57214,421.99804,0.67272,0.32728,0.08623,0.08006
14460,"Boston-Cambridge-Newton, MA-NH",20-24, 319 ,13561.08195,1108629.41690,1052.91472,0.07764,1108629.41690,1732.04472,156.00000,6970.06414,529462.47458,727.64172,0.10440,529462.47458,1196.97063,163.00000,6591.01781,241679.42858,491.60902,0.07459,241679.42858,808.69684,0.51398,0.48602,0.05900,0.08608
14860,"Bridgeport-Stamford-Norwalk, CT",16-19, 31 ,1609.18625,127925.89475,357.66730,0.22227,127925.89475,588.36270,20.00000,1052.33227,74134.93827,272.27732,0.25874,74134.93827,447.89619,11.00000,556.85397,40144.63017,200.36125,0.35981,40144.63017,329.59425,0.65395,0.34605,0.14248,0.16107
14860,"Bridgeport-Stamford-Norwalk, CT",20-24, 63 ,2606.03011,115540.11936,339.91193,0.13043,115540.11936,559.15512,25.00000,996.68091,41427.00224,203.53624,0.20421,41427.00224,334.81712,38.00000,1609.34920,65940.67698,256.78917,0.15956,65940.67698,422.41818,0.38245,0.61755,0.09886,0.09337
15380,"Buffalo-Cheektowaga-Niagara Falls, NY",16-19, 70 ,2610.03397,138851.38824,372.62768,0.14277,138851.38824,612.97253,36.00000,1502.76368,74395.49986,272.75538,0.18150,74395.49986,448.68261,34.00000,1107.27030,57655.86026,240.11635,0.21685,57655.86026,394.99139,0.57576,0.42424,0.10615,0.11391
15380,"Buffalo-Cheektowaga-Niagara Falls, NY",20-24, 143 ,6085.04172,336458.40638,580.05035,0.09532,336458.40638,954.18282,70.00000,2896.35176,162787.44640,403.46926,0.13930,162787.44640,663.70694,73.00000,3188.68996,131120.32080,362.10540,0.11356,131120.32080,595.66338,0.47598,0.52402,0.07954,0.05320
15980,"Cape Coral-Fort Myers, FL",16-19, 34 ,1502.26518,108650.30101,329.62145,0.21942,108650.30101,542.22729,15.00000,738.09040,63956.85801,252.89693,0.34264,63956.85801,416.01545,19.00000,764.17478,47330.33253,217.55536,0.28469,47330.33253,357.87856,0.49132,0.50868,0.21270,0.15179
15980,"Cape Coral-Fort Myers, FL",20-24, 97 ,4077.16697,209767.85364,458.00421,0.11233,209767.85364,753.41692,49.00000,1998.03269,91945.12766,303.22455,0.15176,91945.12766,498.80438,48.00000,2079.13428,121857.18963,349.08049,0.16790,121857.18963,574.23741,0.49005,0.50995,0.08226,0.10467
16700,"Charleston-North Charleston, SC",16-19, 28 ,1281.63202,87398.04960,295.63161,0.23067,87398.04960,486.31400,12.00000,538.84085,43591.44491,208.78564,0.38747,43591.44491,343.45238,16.00000,742.79118,40301.70892,200.75286,0.27027,40301.70892,330.23845,0.42043,0.57957,0.21532,0.13428
16700,"Charleston-North Charleston, SC",20-24, 129 ,5560.60643,421825.15744,649.48068,0.11680,421825.15744,1068.39572,48.00000,2206.65798,187274.52345,432.75227,0.19611,187274.52345,711.87748,81.00000,3353.94844,164510.30130,405.59869,0.12093,164510.30130,667.20985,0.39684,0.60316,0.10284,0.03110
16740,"Charlotte-Concord-Gastonia, NC-SC",16-19, 136 ,4482.82129,211512.37349,459.90474,0.10259,211512.37349,756.54330,72.00000,2389.08290,76864.16900,277.24388,0.11605,76864.16900,456.06618,64.00000,2093.73839,102789.31965,320.60773,0.15313,102789.31965,527.39972,0.53294,0.46706,0.04755,0.08734
16740,"Charlotte-Concord-Gastonia, NC-SC",20-24, 402 ,17903.85732,1224769.59620,1106.69309,0.06181,1224769.59620,1820.51013,165.00000,7255.51315,506432.68511,711.64084,0.09808,506432.68511,1170.64918,237.00000,10648.34417,549925.24245,741.56945,0.06964,549925.24245,1219.88174,0.40525,0.59475,0.05077,0.03139
16860,"Chattanooga, TN-GA",16-19, 55 ,1820.24681,67018.18224,258.87870,0.14222,67018.18224,425.85546,29.00000,763.80641,30934.21736,175.88126,0.23027,30934.21736,289.32467,26.00000,1056.44039,39029.14959,197.55797,0.18700,39029.14959,324.98285,0.41962,0.58038,0.12501,0.11593
16860,"Chattanooga, TN-GA",20-24, 98 ,4020.15248,241769.66886,491.70079,0.12231,241769.66886,808.84780,44.00000,1952.85683,133147.32280,364.89358,0.18685,133147.32280,600.24993,54.00000,2067.29565,91794.26138,302.97568,0.14656,91794.26138,498.39499,0.48577,0.51423,0.11288,0.06830
16980,"Chicago-Naperville-Elgin, IL-IN-WI",16-19, 461 ,21938.55627,1891921.36040,1375.47132,0.06270,1891921.36040,2262.65033,248.00000,11315.74637,861821.19718,928.34325,0.08204,861821.19718,1527.12465,213.00000,10622.80990,704635.00189,839.42540,0.07902,704635.00189,1380.85478,0.51579,0.48421,0.04489,0.03831
16980,"Chicago-Naperville-Elgin, IL-IN-WI",20-24," 1,173 ",60496.31424,3521246.20900,1876.49839,0.03102,3521246.20900,3086.83985,580.00000,30113.40953,1618171.45160,1272.07368,0.04224,1618171.45160,2092.56121,593.00000,30382.90471,1767907.27710,1329.62674,0.04376,1767907.27710,2187.23599,0.49777,0.50223,0.02348,0.02550
17140,"Cincinnati, OH-KY-IN",16-19, 114 ,4591.43771,269319.28909,518.95981,0.11303,269319.28909,853.68889,64.00000,2240.57327,130268.93704,360.92788,0.16109,130268.93704,593.72637,50.00000,2350.86444,106418.45426,326.21841,0.13877,106418.45426,536.62929,0.48799,0.51201,0.09214,0.06780
17140,"Cincinnati, OH-KY-IN",20-24, 267 ,11522.52286,587893.98419,766.74245,0.06654,587893.98419,1261.29133,107.00000,5076.52756,358015.39294,598.34388,0.11786,358015.39294,984.27567,160.00000,6445.99530,253295.93205,503.28514,0.07808,253295.93205,827.90406,0.44057,0.55943,0.07051,0.03759
17460,"Cleveland-Elyria, OH",16-19, 137 ,5724.73859,218614.03754,467.56180,0.08167,218614.03754,769.13916,56.00000,2638.07303,116605.74881,341.47584,0.12944,116605.74881,561.72776,81.00000,3086.66555,127129.78758,356.55264,0.11551,127129.78758,586.52910,0.46082,0.53918,0.07612,0.07245
17460,"Cleveland-Elyria, OH",20-24, 310 ,13717.96803,732979.33153,856.14212,0.06241,732979.33153,1408.35379,150.00000,6535.42428,383287.14918,619.10189,0.09473,383287.14918,1018.42261,160.00000,7182.54374,434580.55024,659.22724,0.09178,434580.55024,1084.42881,0.47641,0.52359,0.05585,0.05796
17820,"Colorado Springs, CO",16-19, 35 ,1424.59156,46922.25611,216.61546,0.15205,46922.25611,356.33243,20.00000,891.10549,48365.64993,219.92192,0.24680,48365.64993,361.77155,15.00000,533.48608,27781.70788,166.67846,0.31243,27781.70788,274.18606,0.62552,0.37448,0.20002,0.16813
17820,"Colorado Springs, CO",20-24, 82 ,4444.72927,396373.97660,629.58238,0.14165,396373.97660,1035.66302,35.00000,2205.51346,260653.32426,510.54219,0.23148,260653.32426,839.84190,47.00000,2239.21581,142018.55576,376.85349,0.16830,142018.55576,619.92400,0.49621,0.50379,0.14945,0.07532
17900,"Columbia, SC",16-19, 48 ,2460.10007,219335.14206,468.33230,0.19037,219335.14206,770.40663,31.00000,1952.67161,200134.98222,447.36448,0.22910,200134.98222,735.91458,17.00000,507.42846,22188.17009,148.95694,0.29355,22188.17009,245.03417,0.79374,0.20626,0.16643,0.07582
17900,"Columbia, SC",20-24, 125 ,5544.60761,579135.69652,761.00966,0.13725,579135.69652,1251.86088,64.00000,2806.39873,270281.90712,519.88644,0.18525,270281.90712,855.21319,61.00000,2738.20889,193452.86661,439.83277,0.16063,193452.86661,723.52491,0.50615,0.49385,0.10359,0.06779
18140,"Columbus, OH",16-19, 94 ,3067.81783,152986.33600,391.13468,0.12750,152986.33600,643.41654,52.00000,1687.05379,67903.23579,260.58249,0.15446,67903.23579,428.65820,42.00000,1380.76404,79034.01798,281.12990,0.20360,79034.01798,462.45868,0.54992,0.45008,0.07888,0.11753
18140,"Columbus, OH",20-24, 249 ,11534.25972,884613.00513,940.53868,0.08154,884613.00513,1547.18613,120.00000,5491.11376,488580.11208,698.98506,0.12729,488580.11208,1149.83042,129.00000,6043.14595,450524.95329,671.21156,0.11107,450524.95329,1104.14301,0.47607,0.52393,0.07655,0.06500
19100,"Dallas-Fort Worth-Arlington, TX",16-19, 402 ,17277.98820,865974.22412,930.57736,0.05386,865974.22412,1530.79976,190.00000,7727.56813,400678.07783,632.99137,0.08191,400678.07783,1041.27081,212.00000,9550.42007,545618.00931,738.65960,0.07734,545618.00931,1215.09505,0.44725,0.55275,0.04541,0.05047
19100,"Dallas-Fort Worth-Arlington, TX",20-24, 938 ,44367.56817,3510624.35390,1873.66602,0.04223,3510624.35390,3082.18060,348.00000,16051.50083,1060397.35400,1029.75597,0.06415,1060397.35400,1693.94857,590.00000,28316.06734,1976180.85120,1405.76700,0.04965,1976180.85120,2312.48671,0.36178,0.63822,0.02874,0.02740
19380,"Dayton, OH",16-19, 39 ,1438.14860,63851.73289,252.68900,0.17570,63851.73289,415.67341,20.00000,791.23054,37529.40112,193.72507,0.24484,37529.40112,318.67773,19.00000,646.91807,34180.75761,184.88039,0.28579,34180.75761,304.12824,0.55017,0.44983,0.15432,0.16678
19380,"Dayton, OH",20-24, 103 ,4905.63307,268128.40083,517.81116,0.10555,268128.40083,851.79936,58.00000,2676.29386,153002.67023,391.15556,0.14616,153002.67023,643.45089,45.00000,2229.33921,122411.95210,349.87419,0.15694,122411.95210,575.54305,0.54556,0.45444,0.09072,0.08682
19660,"Deltona-Daytona Beach-Ormond Beach, FL",16-19, 40 ,1482.54480,76239.86133,276.11567,0.18624,76239.86133,454.21027,19.00000,739.07141,37752.26204,194.29941,0.26290,37752.26204,319.62253,21.00000,743.47339,48639.08269,220.54270,0.29664,48639.08269,362.79274,0.49852,0.50148,0.15216,0.19047
19660,"Deltona-Daytona Beach-Ormond Beach, FL",20-24, 96 ,4407.62314,244418.38775,494.38688,0.11217,244418.38775,813.26642,44.00000,2241.13838,159384.73609,399.23018,0.17814,159384.73609,656.73365,52.00000,2166.48476,104424.53537,323.14785,0.14916,104424.53537,531.57822,0.50847,0.49153,0.11575,0.07950
19740,"Denver-Aurora-Lakewood, CO",16-19, 111 ,4875.68897,429753.94515,655.55621,0.13445,429753.94515,1078.38997,61.00000,2538.67809,118976.87576,344.93025,0.13587,118976.87576,567.41026,50.00000,2337.01088,214853.71754,463.52316,0.19834,214853.71754,762.49559,0.52068,0.47932,0.01676,0.11497
19740,"Denver-Aurora-Lakewood, CO",20-24, 257 ,11748.71397,780522.74195,883.47198,0.07520,780522.74195,1453.31141,116.00000,4842.60311,198585.23460,445.62903,0.09202,198585.23460,733.05976,141.00000,6906.11086,528367.16337,726.88869,0.10525,528367.16337,1195.73189,0.41218,0.58782,0.03596,0.07121
19780,"Des Moines-West Des Moines, IA",16-19, 19 ,1132.86032,85336.67309,292.12441,0.25786,85336.67309,480.54466,10.00000,705.32420,56812.80324,238.35436,0.33794,56812.80324,392.09293,9.00000,427.53612,32631.89959,180.64302,0.42252,32631.89959,297.15776,0.62260,0.37740,0.22370,0.20779
19780,"Des Moines-West Des Moines, IA",20-24, 33 ,2190.46235,220325.73938,469.38869,0.21429,220325.73938,772.14439,13.00000,880.82819,65262.70782,255.46567,0.29003,65262.70782,420.24102,20.00000,1309.63416,109075.44611,330.26572,0.25218,109075.44611,543.28711,0.40212,0.59788,0.12928,0.13076
19820,"Detroit-Warren-Dearborn, MI",16-19, 244 ,12115.25889,822300.77540,906.80801,0.07485,822300.77540,1491.69918,117.00000,5514.84497,356489.68884,597.06757,0.10827,356489.68884,982.17616,127.00000,6600.41391,498258.33608,705.87416,0.10694,498258.33608,1161.16300,0.45520,0.54480,0.05857,0.06846
19820,"Detroit-Warren-Dearborn, MI",20-24, 621 ,36461.51850,2192660.23110,1480.76339,0.04061,2192660.23110,2435.85578,290.00000,17894.30997,1074808.61900,1036.72977,0.05794,1074808.61900,1705.42047,331.00000,18567.20854,1132811.35520,1064.33611,0.05732,1132811.35520,1750.83290,0.49077,0.50923,0.03336,0.03389
21340,"El Paso, TX",16-19, 85 ,3613.40439,251580.69949,501.57821,0.13881,251580.69949,825.09615,33.00000,1602.35296,119798.75694,346.11957,0.21601,119798.75694,569.36669,52.00000,2011.05143,112793.65958,335.84767,0.16700,112793.65958,552.46942,0.44345,0.55655,0.12073,0.08501
21340,"El Paso, TX",20-24, 207 ,9652.80158,755166.02673,869.00289,0.09003,755166.02673,1429.50976,81.00000,3902.53564,294720.42451,542.88159,0.13911,294720.42451,893.04022,126.00000,5750.26594,372063.21428,609.96985,0.10608,372063.21428,1003.40040,0.40429,0.59571,0.07053,0.05498
23420,"Fresno, CA",16-19, 113 ,4024.37545,201191.83286,448.54413,0.11146,201191.83286,737.85509,64.00000,2363.56077,125414.57031,354.13920,0.14983,125414.57031,582.55898,49.00000,1660.81468,61116.64656,247.21781,0.14885,61116.64656,406.67330,0.58731,0.41269,0.09674,0.06698
23420,"Fresno, CA",20-24, 309 ,13610.89019,1033403.55240,1016.56458,0.07469,1033403.55240,1672.24874,137.00000,5551.12588,276572.61710,525.90172,0.09474,276572.61710,865.10833,172.00000,8059.76431,580747.40676,762.06785,0.09455,580747.40676,1253.60161,0.40784,0.59216,0.03910,0.05648
24340,"Grand Rapids-Wyoming, MI",16-19, 25 ,1193.74510,73956.69425,271.94980,0.22781,73956.69425,447.35742,12.00000,771.80217,58321.94039,241.49936,0.31290,58321.94039,397.26645,13.00000,421.94293,20122.63972,141.85429,0.33619,20122.63972,233.35031,0.64654,0.35346,0.22813,0.14376
24340,"Grand Rapids-Wyoming, MI",20-24, 75 ,4759.21231,382898.68001,618.78807,0.13002,382898.68001,1017.90638,37.00000,2452.79339,246198.73619,496.18418,0.20229,246198.73619,816.22297,38.00000,2306.41891,132546.28221,364.06906,0.15785,132546.28221,598.89361,0.51538,0.48462,0.13139,0.07136
24660,"Greensboro-High Point, NC",16-19, 60 ,2731.66297,161345.36422,401.67818,0.14705,161345.36422,660.76061,31.00000,1544.58149,109719.39658,331.23918,0.21445,109719.39658,544.88846,29.00000,1187.08147,51013.67297,225.86207,0.19027,51013.67297,371.54310,0.56544,0.43456,0.14520,0.08631
24660,"Greensboro-High Point, NC",20-24, 148 ,6893.94564,410995.04177,641.08895,0.09299,410995.04177,1054.59132,62.00000,2303.57225,91246.72761,302.07073,0.13113,91246.72761,496.90636,86.00000,4590.37339,297514.80487,545.44918,0.11882,297514.80487,897.26390,0.33414,0.66586,0.05082,0.08102
24860,"Greenville-Anderson-Mauldin, SC",16-19, 61 ,2371.45394,147847.53906,384.50948,0.16214,147847.53906,632.51809,31.00000,1210.69410,72755.96024,269.73313,0.22279,72755.96024,443.71100,30.00000,1160.75984,52443.33892,229.00511,0.19729,52443.33892,376.71340,0.51053,0.48947,0.12832,0.09050
24860,"Greenville-Anderson-Mauldin, SC",20-24, 165 ,7606.38019,494770.99928,703.39960,0.09247,494770.99928,1157.09234,74.00000,3429.35234,264533.30756,514.32802,0.14998,264533.30756,846.06959,91.00000,4177.02786,287068.98134,535.78819,0.12827,287068.98134,881.37157,0.45085,0.54915,0.08757,0.08030
25420,"Harrisburg-Carlisle, PA",16-19, 27 ,1141.63671,69734.98303,264.07382,0.23131,69734.98303,434.40144,14.00000,690.22294,43653.70416,208.93469,0.30271,43653.70416,343.69756,13.00000,451.41377,29264.31369,171.06816,0.37896,29264.31369,281.40712,0.60459,0.39541,0.19419,0.19525
25420,"Harrisburg-Carlisle, PA",20-24, 60 ,2650.84655,169732.85798,411.98648,0.15542,169732.85798,677.71776,24.00000,900.87321,54554.08014,233.56815,0.25927,54554.08014,384.21960,36.00000,1749.97333,110690.29679,332.70151,0.19012,110690.29679,547.29399,0.33984,0.66016,0.11601,0.11891
25540,"Hartford-West Hartford-East Hartford, CT",16-19, 41 ,1562.25873,103332.86472,321.45430,0.20576,103332.86472,528.79232,22.00000,1045.23751,62146.26534,249.29153,0.23850,62146.26534,410.08456,19.00000,517.02122,19321.34741,139.00125,0.26885,19321.34741,228.65706,0.66906,0.33094,0.13274,0.09420
25540,"Hartford-West Hartford-East Hartford, CT",20-24, 131 ,6134.68968,386928.31725,622.03562,0.10140,386928.31725,1023.24860,67.00000,2939.47855,153771.73348,392.13739,0.13340,153771.73348,645.06601,64.00000,3195.21113,194573.06585,441.10437,0.13805,194573.06585,725.61669,0.47916,0.52084,0.06833,0.08027
26420,"Houston-The Woodlands-Sugar Land, TX",16-19, 357 ,17394.15234,1241034.80910,1114.01742,0.06405,1241034.80910,1832.55865,168.00000,8215.88856,683965.18860,827.02188,0.10066,683965.18860,1360.45099,189.00000,9178.26378,421699.07636,649.38361,0.07075,421699.07636,1068.23604,0.47234,0.52766,0.06034,0.02610
26420,"Houston-The Woodlands-Sugar Land, TX",20-24, 850 ,45824.63686,3261666.13610,1806.00834,0.03941,3261666.13610,2970.88372,322.00000,18421.36077,1676907.69390,1294.95471,0.07030,1676907.69390,2130.20049,528.00000,27403.27610,2040962.66500,1428.62265,0.05213,2040962.66500,2350.08425,0.40200,0.59800,0.03849,0.03357
26900,"Indianapolis-Carmel-Anderson, IN",16-19, 87 ,3994.20889,309306.18317,556.15302,0.13924,309306.18317,914.87172,45.00000,2033.01420,124218.97516,352.44712,0.17336,124218.97516,579.77552,42.00000,1961.19468,153789.85856,392.16050,0.19996,153789.85856,645.10402,0.50899,0.49101,0.08647,0.11592
26900,"Indianapolis-Carmel-Anderson, IN",20-24, 283 ,13007.23078,861924.29876,928.39878,0.07138,861924.29876,1527.21600,113.00000,5239.19885,365818.22250,604.82909,0.11544,365818.22250,994.94385,170.00000,7768.03194,441525.13345,664.47358,0.08554,441525.13345,1093.05903,0.40279,0.59721,0.06012,0.04631
27140,"Jackson, MS",16-19, 71 ,3038.45567,167104.55838,408.78424,0.13454,167104.55838,672.45008,34.00000,1645.70635,103204.49012,321.25456,0.19521,103204.49012,528.46375,37.00000,1392.74931,62432.64984,249.86526,0.17940,62432.64984,411.02836,0.54163,0.45837,0.12602,0.08949
27140,"Jackson, MS",20-24, 126 ,4999.59698,295175.09264,543.30019,0.10867,295175.09264,893.72881,57.00000,2398.74187,117441.03530,342.69671,0.14287,117441.03530,563.73609,69.00000,2600.85511,149230.09757,386.30312,0.14853,149230.09757,635.46863,0.47979,0.52021,0.07320,0.08665
27260,"Jacksonville, FL",16-19, 89 ,3812.27747,310291.78916,557.03841,0.14612,310291.78916,916.32818,38.00000,1415.98051,90410.55724,300.68348,0.21235,90410.55724,494.62433,51.00000,2396.29696,184217.16223,429.20527,0.17911,184217.16223,706.04267,0.37143,0.62857,0.09415,0.10711
27260,"Jacksonville, FL",20-24, 247 ,11678.71911,829056.19579,910.52523,0.07796,829056.19579,1497.81400,106.00000,4414.70529,253342.51915,503.33142,0.11401,253342.51915,827.98019,141.00000,7264.01382,462783.76842,680.28212,0.09365,462783.76842,1119.06409,0.37801,0.62199,0.05173,0.05309
28140,"Kansas City, MO-KS",16-19, 110 ,4481.81720,242006.38176,491.94144,0.10976,242006.38176,809.24367,56.00000,2300.01494,116307.47121,341.03881,0.14828,116307.47121,561.00885,54.00000,2181.80226,110716.33570,332.74064,0.15251,110716.33570,547.35836,0.51319,0.48681,0.08416,0.08479
28140,"Kansas City, MO-KS",20-24, 246 ,11744.88744,473713.74392,688.26866,0.05860,473713.74392,1132.20194,99.00000,4761.26371,295199.53138,543.32268,0.11411,295199.53138,893.76580,147.00000,6983.62372,252273.55305,502.26841,0.07192,252273.55305,826.23153,0.40539,0.59461,0.06530,0.04078
28940,"Knoxville, TN",16-19, 73 ,3512.38330,227964.35349,477.45613,0.13594,227964.35349,785.41533,34.00000,1736.59760,135470.98008,368.06383,0.21195,135470.98008,605.46499,39.00000,1775.78569,91774.02063,302.94227,0.17060,91774.02063,498.34004,0.49442,0.50558,0.13226,0.08573
28940,"Knoxville, TN",20-24, 193 ,9571.61994,506000.33924,711.33701,0.07432,506000.33924,1170.14938,74.00000,3365.88130,216126.14767,464.89370,0.13812,216126.14767,764.75013,119.00000,6205.73863,294679.48560,542.84389,0.08747,294679.48560,892.97819,0.35165,0.64835,0.06735,0.04921
29460,"Lakeland-Winter Haven, FL",16-19, 58 ,1959.33371,76127.01766,275.91125,0.14082,76127.01766,453.87401,29.00000,922.09983,51870.74181,227.75149,0.24699,51870.74181,374.65120,29.00000,1037.23388,43551.34936,208.68960,0.20120,43551.34936,343.29439,0.47062,0.52938,0.15709,0.12514
29460,"Lakeland-Winter Haven, FL",20-24, 144 ,6206.17287,342851.11784,585.53490,0.09435,342851.11784,963.20491,74.00000,2916.18079,117981.91221,343.48495,0.11779,117981.91221,565.03275,70.00000,3289.99207,175125.28335,418.47973,0.12720,175125.28335,688.39915,0.46988,0.53012,0.05450,0.07439
29820,"Las Vegas-Henderson-Paradise, NV",16-19, 171 ,6475.77043,251456.15112,501.45404,0.07744,251456.15112,824.89189,97.00000,3661.74577,146327.44986,382.52771,0.10447,146327.44986,629.25808,74.00000,2814.02466,137029.48425,370.17494,0.13155,137029.48425,608.93777,0.56545,0.43455,0.06522,0.07602
29820,"Las Vegas-Henderson-Paradise, NV",20-24, 385 ,17044.53444,948011.90057,973.65903,0.05712,948011.90057,1601.66910,172.00000,7676.97849,338607.97964,581.90032,0.07580,338607.97964,957.22602,213.00000,9367.55595,614424.27444,783.85220,0.08368,614424.27444,1289.43687,0.45041,0.54959,0.03691,0.05528
30780,"Little Rock-North Little Rock-Conway, AR",16-19, 40 ,2207.25608,165887.68046,407.29311,0.18452,165887.68046,669.99717,24.00000,1120.86409,59886.31720,244.71681,0.21833,59886.31720,402.55915,16.00000,1086.39199,91851.74743,303.07053,0.27897,91851.74743,498.55103,0.50781,0.49219,0.09748,0.16940
30780,"Little Rock-North Little Rock-Conway, AR",20-24, 99 ,5627.35559,450778.62430,671.40049,0.11931,450778.62430,1104.45381,31.00000,1590.11108,123189.95882,350.98427,0.22073,123189.95882,577.36913,68.00000,4037.24451,289009.69346,537.59622,0.13316,289009.69346,884.34578,0.28257,0.71743,0.08632,0.06978
31080,"Los Angeles-Long Beach-Anaheim, CA",16-19, 994 ,35546.27058,1570592.32020,1253.23275,0.03526,1570592.32020,2061.56787,491.00000,17654.95445,850372.81867,922.15661,0.05223,850372.81867,1516.94763,503.00000,17891.31614,574534.22641,757.98036,0.04237,574534.22641,1246.87769,0.49668,0.50332,0.03149,0.01945
31080,"Los Angeles-Long Beach-Anaheim, CA",20-24," 2,305 ",89628.86962,5196740.99820,2279.63615,0.02543,5196740.99820,3750.00147,1056.00000,41244.18501,1852401.35850,1361.02952,0.03300,1852401.35850,2238.89356,1249.00000,48384.68461,2131983.19730,1460.13123,0.03018,2131983.19730,2401.91587,0.46017,0.53983,0.01592,0.01442
31140,"Louisville/Jefferson County, KY-IN",16-19, 64 ,2335.94965,117317.91555,342.51703,0.14663,117317.91555,563.44051,32.00000,1200.83904,71687.92606,267.74601,0.22297,71687.92606,440.44219,32.00000,1135.11062,44839.21459,211.75272,0.18655,44839.21459,348.33323,0.51407,0.48593,0.14204,0.09219
31140,"Louisville/Jefferson County, KY-IN",20-24, 174 ,8211.71246,562181.26544,749.78748,0.09131,562181.26544,1233.40040,80.00000,3803.59650,291013.02430,539.45623,0.14183,291013.02430,887.40550,94.00000,4408.11597,319760.26989,565.47349,0.12828,319760.26989,930.20389,0.46319,0.53681,0.08269,0.07957
31540,"Madison, WI",16-19,,,,,,,,,,,,,,,,,,,,,,,,,
31540,"Madison, WI",20-24, 15 ,1266.17194,140239.15949,374.48519,0.29576,140239.15949,616.02814,8.00000,764.41517,101685.83622,318.88217,0.41716,101685.83622,524.56116,7.00000,501.75676,45224.80382,212.66124,0.42383,45224.80382,349.82774,0.60372,0.39628,0.29216,0.19790
32580,"McAllen-Edinburg-Mission, TX",16-19, 94 ,4790.78197,270851.60780,520.43406,0.10863,270851.60780,856.11402,44.00000,2175.47997,123982.49786,352.11148,0.16185,123982.49786,579.22339,50.00000,2615.30200,177276.04776,421.04162,0.16099,177276.04776,692.61347,0.45410,0.54590,0.08963,0.10670
32580,"McAllen-Edinburg-Mission, TX",20-24, 192 ,11767.85336,849913.03710,921.90728,0.07834,849913.03710,1516.53748,79.00000,4503.28880,252440.77751,502.43485,0.11157,252440.77751,826.50533,113.00000,7264.56456,555894.37747,745.58325,0.10263,555894.37747,1226.48444,0.38268,0.61732,0.05001,0.06733
32820,"Memphis, TN-MS-AR",16-19, 122 ,5366.99780,373270.92166,610.95902,0.11384,373270.92166,1005.02758,65.00000,2862.26455,182596.86409,427.31354,0.14929,182596.86409,702.93078,57.00000,2504.73325,163084.66873,403.83743,0.16123,163084.66873,664.31257,0.53331,0.46669,0.08474,0.08765
32820,"Memphis, TN-MS-AR",20-24, 271 ,13635.11690,921282.90783,959.83483,0.07039,921282.90783,1578.92830,125.00000,6465.13104,380658.50959,616.97529,0.09543,380658.50959,1014.92435,146.00000,7169.98586,413905.93536,643.35522,0.08973,413905.93536,1058.31933,0.47415,0.52585,0.05026,0.04813
33100,"Miami-Fort Lauderdale-West Palm Beach, FL",16-19, 297 ,12884.62394,754238.70674,868.46917,0.06740,754238.70674,1428.63179,157.00000,6613.88045,354855.30092,595.69732,0.09007,354855.30092,979.92210,140.00000,6270.74350,380474.36673,616.82604,0.09837,380474.36673,1014.67884,0.51332,0.48668,0.05045,0.05736
33100,"Miami-Fort Lauderdale-West Palm Beach, FL",20-24, 821 ,38590.72519,3079282.11020,1754.78834,0.04547,3079282.11020,2886.62682,408.00000,20013.94664,1884543.63540,1372.78681,0.06859,1884543.63540,2258.23431,413.00000,18576.77854,1066034.84580,1032.48963,0.05558,1066034.84580,1698.44545,0.51862,0.48138,0.04381,0.02531
33340,"Milwaukee-Waukesha-West Allis, WI",16-19, 50 ,2871.99884,225165.50661,474.51608,0.16522,225165.50661,780.57895,25.00000,1387.05815,98827.55841,314.36851,0.22664,98827.55841,517.13619,25.00000,1484.94069,117236.74243,342.39851,0.23058,117236.74243,563.24556,0.48296,0.51704,0.12326,0.13680
33340,"Milwaukee-Waukesha-West Allis, WI",20-24, 147 ,10107.93190,917383.11748,957.80119,0.09476,917383.11748,1575.58296,67.00000,4422.63228,313686.93843,560.07762,0.12664,313686.93843,921.32768,80.00000,5685.29963,433042.51189,658.05966,0.11575,433042.51189,1082.50814,0.43754,0.56246,0.06047,0.06150
33460,"Minneapolis-St. Paul-Bloomington, MN-WI",16-19, 60 ,3535.72559,180818.35071,425.22741,0.12027,180818.35071,699.49909,37.00000,2317.12010,149784.24942,387.01970,0.16703,149784.24942,636.64741,23.00000,1218.60550,96628.54237,310.85132,0.25509,96628.54237,511.35042,0.65535,0.34465,0.12495,0.12754
33460,"Minneapolis-St. Paul-Bloomington, MN-WI",20-24, 212 ,16271.81979,1548147.22590,1244.24565,0.07647,1548147.22590,2046.78409,93.00000,6801.58308,791831.40204,889.84909,0.13083,791831.40204,1463.80175,119.00000,9470.23671,961678.91984,980.65229,0.10355,961678.91984,1613.17302,0.41800,0.58200,0.07299,0.06685
34980,"Nashville-Davidson--Murfreesboro--Franklin, TN",16-19, 106 ,4290.33398,193387.62315,439.75860,0.10250,193387.62315,723.40289,50.00000,2070.93790,97609.91314,312.42585,0.15086,97609.91314,513.94053,56.00000,2219.39608,112402.74453,335.26519,0.15106,112402.74453,551.51123,0.48270,0.51730,0.08790,0.09443
34980,"Nashville-Davidson--Murfreesboro--Franklin, TN",20-24, 288 ,12743.04100,566428.11271,752.61419,0.05906,566428.11271,1238.05034,134.00000,5621.14021,243731.34720,493.69155,0.08783,243731.34720,812.12260,154.00000,7121.90078,389698.63152,624.25847,0.08765,389698.63152,1026.90518,0.44111,0.55889,0.04717,0.05955
35300,"New Haven-Milford, CT",16-19, 33 ,1423.99214,91307.62976,302.17152,0.21220,91307.62976,497.07216,18.00000,834.76960,57959.07931,240.74692,0.28840,57959.07931,396.02868,15.00000,589.22254,39317.97839,198.28762,0.33652,39317.97839,326.18313,0.58622,0.41378,0.18834,0.17778
35300,"New Haven-Milford, CT",20-24, 93 ,5223.85924,432533.76417,657.67299,0.12590,432533.76417,1081.87207,46.00000,2473.65116,186923.85556,432.34692,0.17478,186923.85556,711.21068,47.00000,2750.20808,193993.03291,440.44640,0.16015,193993.03291,724.53433,0.47353,0.52647,0.09444,0.08572
35380,"New Orleans-Metairie, LA",16-19, 79 ,2931.97996,130478.85248,361.21857,0.12320,130478.85248,594.20454,39.00000,1642.54626,75166.77819,274.16560,0.16691,75166.77819,451.00242,40.00000,1289.43370,53339.50714,230.95347,0.17911,53339.50714,379.91846,0.56022,0.43978,0.10378,0.09406
35380,"New Orleans-Metairie, LA",20-24, 221 ,10045.55392,567443.73681,753.28861,0.07499,567443.73681,1239.15977,93.00000,4453.86793,226310.00780,475.72051,0.10681,226310.00780,782.56025,128.00000,5591.68598,206817.58321,454.77201,0.08133,206817.58321,748.09996,0.44337,0.55663,0.05547,0.02883
35620,"New York-Newark-Jersey City, NY-NJ-PA",16-19, 875 ,37894.40916,2106586.49950,1451.40845,0.03830,2106586.49950,2387.56691,450.00000,19170.51666,1067889.25250,1033.38727,0.05391,1067889.25250,1699.92206,425.00000,18723.89251,837824.97736,915.32780,0.04889,837824.97736,1505.71423,0.50589,0.49411,0.03157,0.02469
35620,"New York-Newark-Jersey City, NY-NJ-PA",20-24," 2,307 ",113090.44242,7934686.94350,2816.85764,0.02491,7934686.94350,4633.73081,1118.00000,56155.98535,3791991.43090,1947.30363,0.03468,3791991.43090,3203.31447,1189.00000,56934.45707,3312218.66280,1819.95018,0.03197,3312218.66280,2993.81805,0.49656,0.50344,0.01971,0.01659
35840,"North Port-Sarasota-Bradenton, FL",16-19, 35 ,1582.33309,78364.54297,279.93668,0.17691,78364.54297,460.49583,21.00000,1016.06402,51338.51110,226.58003,0.22300,51338.51110,372.72415,14.00000,566.26908,38787.10825,196.94443,0.34779,38787.10825,323.97359,0.64213,0.35787,0.14340,0.17628
35840,"North Port-Sarasota-Bradenton, FL",20-24, 67 ,3153.03862,330472.06332,574.86700,0.18232,330472.06332,945.65621,26.00000,1685.78080,212011.26779,460.44681,0.27314,212011.26779,757.43501,41.00000,1467.25783,81567.56464,285.60036,0.19465,81567.56464,469.81259,0.53465,0.46535,0.17887,0.05218
36260,"Ogden-Clearfield, UT",16-19, 27 ,1155.26720,67704.78673,260.20143,0.22523,67704.78673,428.03136,10.00000,342.37216,16938.77360,130.14904,0.38014,16938.77360,214.09518,17.00000,812.89504,34169.33916,184.84950,0.22740,34169.33916,304.07743,0.29636,0.70364,0.14929,0.03624
36260,"Ogden-Clearfield, UT",20-24, 47 ,2166.16598,138878.27857,372.66376,0.17204,138878.27857,613.03189,16.00000,701.03259,37161.69083,192.77368,0.27499,37161.69083,317.11270,31.00000,1465.13339,83688.66855,289.28994,0.19745,83688.66855,475.88195,0.32363,0.67637,0.11420,0.10781
36420,"Oklahoma City, OK",16-19, 83 ,4072.34820,313922.27406,560.28767,0.13758,313922.27406,921.67322,49.00000,2672.20038,213044.14263,461.56705,0.17273,213044.14263,759.27780,34.00000,1400.14782,86093.26621,293.41654,0.20956,86093.26621,482.67021,0.65618,0.34382,0.11273,0.08940
36420,"Oklahoma City, OK",20-24, 148 ,8482.29079,794559.32302,891.38057,0.10509,794559.32302,1466.32104,45.00000,2500.15438,237581.02128,487.42284,0.19496,237581.02128,801.81057,103.00000,5982.13641,460849.85640,678.85923,0.11348,460849.85640,1116.72344,0.29475,0.70525,0.07962,0.04969
36540,"Omaha-Council Bluffs, NE-IA",16-19, 28 ,1357.03586,86025.46213,293.30098,0.21613,86025.46213,482.48010,19.00000,899.50414,54172.08815,232.74898,0.25875,54172.08815,382.87207,9.00000,457.53173,27960.84892,167.21498,0.36547,27960.84892,275.06864,0.66284,0.33716,0.15512,0.16345
36540,"Omaha-Council Bluffs, NE-IA",20-24, 84 ,4301.51900,293523.44687,541.77804,0.12595,293523.44687,891.22488,31.00000,1345.60546,93855.58348,306.35859,0.22767,93855.58348,503.95987,53.00000,2955.91354,254091.81363,504.07521,0.17053,254091.81363,829.20371,0.31282,0.68718,0.09760,0.12996
36740,"Orlando-Kissimmee-Sanford, FL",16-19, 119 ,5132.20366,339300.23215,582.49483,0.11350,339300.23215,958.20400,54.00000,2366.91256,150151.40818,387.49375,0.16371,150151.40818,637.42722,65.00000,2765.29109,153081.78313,391.25667,0.14149,153081.78313,643.61722,0.46119,0.53881,0.08951,0.07488
36740,"Orlando-Kissimmee-Sanford, FL",20-24, 245 ,14461.93813,1310260.55150,1144.66613,0.07915,1310260.55150,1882.97579,96.00000,6058.98771,586118.41328,765.58371,0.12636,586118.41328,1259.38520,149.00000,8402.95042,745758.05438,863.57284,0.10277,745758.05438,1420.57733,0.41896,0.58104,0.06788,0.06265
37100,"Oxnard-Thousand Oaks-Ventura, CA",16-19, 35 ,1330.88348,67120.53099,259.07630,0.19466,67120.53099,426.18052,21.00000,876.97202,48356.79212,219.90178,0.25075,48356.79212,361.73843,14.00000,453.91147,18299.98695,135.27744,0.29803,18299.98695,222.53140,0.65894,0.34106,0.17133,0.12661
37100,"Oxnard-Thousand Oaks-Ventura, CA",20-24, 107 ,4539.35979,310639.14541,557.35011,0.12278,310639.14541,916.84093,41.00000,1631.96961,92417.11149,304.00183,0.18628,92417.11149,500.08301,66.00000,2907.39018,168954.71704,411.04102,0.14138,168954.71704,676.16247,0.35952,0.64048,0.08285,0.07385
37340,"Palm Bay-Melbourne-Titusville, FL",16-19, 26 ,1198.35007,105682.39812,325.08829,0.27128,105682.39812,534.77024,14.00000,671.99256,62428.02474,249.85601,0.37181,62428.02474,411.01313,12.00000,526.35751,35595.39885,188.66743,0.35844,35595.39885,310.35792,0.56076,0.43924,0.23455,0.16928
37340,"Palm Bay-Melbourne-Titusville, FL",20-24, 57 ,3517.95623,291775.61278,540.16258,0.15354,291775.61278,888.56744,25.00000,1823.26186,163155.32808,403.92490,0.22154,163155.32808,664.45647,32.00000,1694.69437,153464.03597,391.74486,0.23116,153464.03597,644.42030,0.51827,0.48173,0.13615,0.13693
37980,"Philadelphia-Camden-Wilmington, PA-NJ-DE-MD",16-19, 219 ,13101.80745,987245.89007,993.60248,0.07584,987245.89007,1634.47608,114.00000,6913.30726,489430.18621,699.59287,0.10120,489430.18621,1150.83027,105.00000,6188.50019,498144.77190,705.79372,0.11405,498144.77190,1161.03067,0.52766,0.47234,0.05816,0.06619
37980,"Philadelphia-Camden-Wilmington, PA-NJ-DE-MD",20-24, 637 ,40642.03153,3936121.49110,1983.96610,0.04882,3936121.49110,3263.62424,301.00000,19219.58406,2256097.68290,1502.03119,0.07815,2256097.68290,2470.84130,336.00000,21422.44747,1427857.66270,1194.92998,0.05578,1427857.66270,1965.65982,0.47290,0.52710,0.04748,0.02340
38060,"Phoenix-Mesa-Scottsdale, AZ",16-19, 306 ,12577.33209,745934.45695,863.67497,0.06867,745934.45695,1420.74533,153.00000,6266.92961,387196.62921,622.25126,0.09929,387196.62921,1023.60332,153.00000,6310.40248,216466.09354,465.25917,0.07373,216466.09354,765.35133,0.49827,0.50173,0.05878,0.02215
38060,"Phoenix-Mesa-Scottsdale, AZ",20-24, 817 ,39128.95468,2135792.77610,1461.43518,0.03735,2135792.77610,2404.06087,353.00000,16787.77010,844175.56246,918.79027,0.05473,844175.56246,1511.41000,464.00000,22341.18458,1208142.09570,1099.15517,0.04920,1208142.09570,1808.11026,0.42904,0.57096,0.02823,0.03008
38300,"Pittsburgh, PA",16-19, 78 ,2871.86091,175073.77367,418.41818,0.14570,175073.77367,688.29791,42.00000,1367.00183,56584.59991,237.87518,0.17401,56584.59991,391.30467,36.00000,1504.85908,96654.04669,310.89234,0.20659,96654.04669,511.41790,0.47600,0.52400,0.07450,0.12625
38300,"Pittsburgh, PA",20-24, 264 ,10997.60584,490927.89606,700.66247,0.06371,490927.89606,1152.58976,117.00000,5241.70483,292568.01548,540.89557,0.10319,292568.01548,889.77321,147.00000,5755.90101,296897.77769,544.88327,0.09467,296897.77769,896.33298,0.47662,0.52338,0.06364,0.06028
38900,"Portland-Vancouver-Hillsboro, OR-WA",16-19, 119 ,5497.56392,444210.82039,666.49143,0.12123,444210.82039,1096.37840,59.00000,2844.21163,218351.00570,467.28044,0.16429,218351.00570,768.67632,60.00000,2653.35229,152738.27291,390.81744,0.14729,152738.27291,642.89469,0.51736,0.48264,0.09436,0.06641
38900,"Portland-Vancouver-Hillsboro, OR-WA",20-24, 307 ,15428.66829,994112.91911,997.05211,0.06462,994112.91911,1640.15073,138.00000,6769.05926,435932.11515,660.25155,0.09754,435932.11515,1086.11381,169.00000,8659.60903,525803.31645,725.12297,0.08374,525803.31645,1192.82728,0.43873,0.56127,0.05273,0.04917
39300,"Providence-Warwick, RI-MA",16-19, 87 ,3853.94295,264398.64908,514.19709,0.13342,264398.64908,845.85422,51.00000,1844.12605,100167.46360,316.49244,0.17162,100167.46360,520.63006,36.00000,2009.81690,152974.53662,391.11959,0.19460,152974.53662,643.39173,0.47850,0.52150,0.08497,0.12153
39300,"Providence-Warwick, RI-MA",20-24, 228 ,10197.16387,459686.63350,678.00194,0.06649,459686.63350,1115.31319,109.00000,5025.05849,245850.06820,495.83270,0.09867,245850.06820,815.64479,119.00000,5172.10538,276949.99185,526.26038,0.10175,276949.99185,865.69833,0.49279,0.50721,0.05910,0.06426
39340,"Provo-Orem, UT",16-19, 24 ,835.48095,62180.75689,249.36070,0.29846,62180.75689,410.19835,11.00000,299.80638,10531.80253,102.62457,0.34230,10531.80253,168.81742,13.00000,535.67457,41252.50220,203.10712,0.37916,41252.50220,334.11121,0.35884,0.64116,0.09894,0.24664
39340,"Provo-Orem, UT",20-24, 59 ,2935.72066,249238.53788,499.23796,0.17006,249238.53788,821.24644,19.00000,1113.26626,90814.77072,301.35489,0.27069,90814.77072,495.72880,40.00000,1822.45439,92389.43493,303.95630,0.16678,92389.43493,500.00812,0.37921,0.62079,0.13138,0.24324
39580,"Raleigh, NC",16-19, 47 ,2008.77115,156278.93145,395.32130,0.19680,156278.93145,650.30354,31.00000,1423.05373,101791.08583,319.04715,0.22420,101791.08583,524.83257,16.00000,585.71742,40972.42357,202.41646,0.34559,40972.42357,332.97508,0.70842,0.29158,0.12516,0.13626
39580,"Raleigh, NC",20-24, 120 ,6187.12408,504678.08171,710.40698,0.11482,504678.08171,1168.61949,52.00000,2860.67026,163632.49167,404.51513,0.14141,163632.49167,665.42739,68.00000,3326.45382,278485.49882,527.71725,0.15864,278485.49882,868.09488,0.46236,0.53764,0.06277,0.09682
40060,"Richmond, VA",16-19, 57 ,2529.73313,117699.92340,343.07422,0.13562,117699.92340,564.35710,34.00000,1439.09519,69847.67004,264.28710,0.18365,69847.67004,434.75228,23.00000,1090.63795,64876.43284,254.70853,0.23354,64876.43284,418.99552,0.56887,0.43113,0.11588,0.13484
40060,"Richmond, VA",20-24, 160 ,7597.49802,476453.38875,690.25603,0.09085,476453.38875,1135.47117,79.00000,3491.30173,163314.96810,404.12247,0.11575,163314.96810,664.78146,81.00000,4106.19629,238734.91144,488.60507,0.11899,238734.91144,803.75534,0.45953,0.54047,0.05422,0.06832
40140,"Riverside-San Bernardino-Ontario, CA",16-19, 383 ,15898.95333,855216.87826,924.77937,0.05817,855216.87826,1521.26206,182.00000,7504.90907,373379.18042,611.04761,0.08142,373379.18042,1005.17332,201.00000,8394.04425,379107.35001,615.71694,0.07335,379107.35001,1012.85437,0.47204,0.52796,0.04424,0.03881
40140,"Riverside-San Bernardino-Ontario, CA",20-24, 961 ,43857.98754,1994030.24360,1412.10136,0.03220,1994030.24360,2322.90673,401.00000,18596.14053,918526.52395,958.39789,0.05154,918526.52395,1576.56454,560.00000,25261.84701,1366992.32620,1169.18447,0.04628,1366992.32620,1923.30845,0.42401,0.57599,0.02807,0.03150
40380,"Rochester, NY",16-19, 71 ,2180.34230,77163.48806,277.78317,0.12740,77163.48806,456.95331,39.00000,1225.47013,46769.61519,216.26284,0.17647,46769.61519,355.75237,32.00000,954.87218,36269.90769,190.44660,0.19945,36269.90769,313.28466,0.56205,0.43795,0.11290,0.11055
40380,"Rochester, NY",20-24, 170 ,6916.87794,316596.06248,562.66870,0.08135,316596.06248,925.59001,78.00000,3257.18525,200744.17414,448.04483,0.13756,200744.17414,737.03375,92.00000,3659.69269,190803.91189,436.81107,0.11936,190803.91189,718.55421,0.47090,0.52910,0.08593,0.07602
40900,"Sacramento--Roseville--Arden-Arcade, CA",16-19, 129 ,4855.79133,237961.54104,487.81302,0.10046,237961.54104,802.45242,60.00000,2222.74215,112869.83450,335.96106,0.15115,112869.83450,552.65595,69.00000,2633.04918,103512.21790,321.73315,0.12219,103512.21790,529.25103,0.45775,0.54225,0.08504,0.06205
40900,"Sacramento--Roseville--Arden-Arcade, CA",20-24, 347 ,17332.29775,1060827.99820,1029.96505,0.05942,1060827.99820,1694.29250,149.00000,8336.82171,484076.60911,695.75614,0.08346,484076.60911,1144.51885,198.00000,8995.47604,568352.86221,753.89181,0.08381,568352.86221,1240.15203,0.48100,0.51900,0.04636,0.05045
41180,"St. Louis, MO-IL",16-19, 139 ,5772.69479,349251.25301,590.97483,0.10237,349251.25301,972.15360,72.00000,3115.72067,189102.13721,434.85876,0.13957,189102.13721,715.34265,67.00000,2656.97412,133898.66097,365.92166,0.13772,133898.66097,601.94113,0.53973,0.46027,0.08423,0.06975
41180,"St. Louis, MO-IL",20-24, 392 ,19465.23344,1566526.63130,1251.60962,0.06430,1566526.63130,2058.89782,200.00000,10379.20850,767120.93576,875.85440,0.08439,767120.93576,1440.78049,192.00000,9086.02493,504117.51536,710.01233,0.07814,504117.51536,1167.97029,0.53322,0.46678,0.04793,0.03410
41620,"Salt Lake City, UT",16-19, 52 ,2240.30460,119134.16851,345.15818,0.15407,119134.16851,567.78520,26.00000,1080.96918,45701.67712,213.77951,0.19777,45701.67712,351.66729,26.00000,1159.33542,62529.52957,250.05905,0.21569,62529.52957,411.34714,0.48251,0.51749,0.09842,0.12850
41620,"Salt Lake City, UT",20-24, 122 ,7043.07796,545950.53431,738.88466,0.10491,545950.53431,1215.46526,46.00000,2723.18132,267595.52474,517.29636,0.18996,267595.52474,850.95251,76.00000,4319.89664,249902.28194,499.90227,0.11572,249902.28194,822.33924,0.38665,0.61335,0.10072,0.04928
41700,"San Antonio-New Braunfels, TX",16-19, 170 ,6753.48976,421041.95457,648.87746,0.09608,421041.95457,1067.40342,94.00000,3621.27256,220826.15434,469.92143,0.12977,220826.15434,773.02076,76.00000,3132.21720,154828.11352,393.48204,0.12562,154828.11352,647.27795,0.53621,0.46379,0.07694,0.06175
41700,"San Antonio-New Braunfels, TX",20-24, 422 ,17920.35301,1192288.81530,1091.91978,0.06093,1192288.81530,1796.20805,161.00000,7263.81916,523081.34330,723.24363,0.09957,523081.34330,1189.73577,261.00000,10656.53385,543532.48368,737.24656,0.06918,543532.48368,1212.77058,0.40534,0.59466,0.05251,0.03205
41740,"San Diego-Carlsbad, CA",16-19, 161 ,6675.64676,341283.92599,584.19511,0.08751,341283.92599,961.00096,87.00000,3784.00264,175441.25841,418.85709,0.11069,175441.25841,689.01991,74.00000,2891.64413,116503.51728,341.32612,0.11804,116503.51728,561.48146,0.56684,0.43316,0.06320,0.05644
41740,"San Diego-Carlsbad, CA",20-24, 406 ,19274.07124,1110729.94950,1053.91174,0.05468,1110729.94950,1733.68481,167.00000,7934.29928,507140.26533,712.13781,0.08975,507140.26533,1171.46670,239.00000,11339.77197,660432.67215,812.67009,0.07167,660432.67215,1336.84230,0.41166,0.58834,0.04820,0.04483
41860,"San Francisco-Oakland-Hayward, CA",16-19, 138 ,5271.93724,259308.27925,509.22321,0.09659,259308.27925,837.67218,80.00000,2955.84296,160619.43446,400.77355,0.13559,160619.43446,659.27248,58.00000,2316.09428,131665.70972,362.85770,0.15667,131665.70972,596.90091,0.56067,0.43933,0.08776,0.08914
41860,"San Francisco-Oakland-Hayward, CA",20-24, 386 ,18257.38867,1068825.70210,1033.84027,0.05663,1068825.70210,1700.66724,177.00000,8622.95718,535680.90646,731.90225,0.08488,535680.90646,1203.97920,209.00000,9634.43149,444301.64211,666.55956,0.06919,444301.64211,1096.49047,0.47230,0.52770,0.04912,0.03451
41940,"San Jose-Sunnyvale-Santa Clara, CA",16-19, 51 ,1903.07559,83762.63484,289.41775,0.15208,83762.63484,476.09220,27.00000,1132.65482,55647.07700,235.89633,0.20827,55647.07700,388.04946,24.00000,770.42077,37444.19553,193.50503,0.25117,37444.19553,318.31577,0.59517,0.40483,0.13931,0.13312
41940,"San Jose-Sunnyvale-Santa Clara, CA",20-24, 105 ,4027.70339,212655.66721,461.14604,0.11449,212655.66721,758.58523,45.00000,1576.81792,60617.60546,246.20643,0.15614,60617.60546,405.00957,60.00000,2450.88547,136595.77196,369.58865,0.15080,136595.77196,607.97333,0.39149,0.60851,0.06837,0.09824
42540,"Scranton--Wilkes-Barre--Hazleton, PA",16-19, 28 ,892.27170,55357.46685,235.28168,0.26369,55357.46685,387.03836,16.00000,576.11166,40858.10063,202.13387,0.35086,40858.10063,332.51021,12.00000,316.16004,11058.15371,105.15776,0.33261,11058.15371,172.98451,0.64567,0.35433,0.24583,0.11816
42540,"Scranton--Wilkes-Barre--Hazleton, PA",20-24, 81 ,3374.26766,197768.76079,444.71200,0.13180,197768.76079,731.55124,42.00000,1954.34410,125213.40030,353.85506,0.18106,125213.40030,582.09157,39.00000,1419.92356,71190.54584,266.81557,0.18791,71190.54584,438.91160,0.57919,0.42081,0.11829,0.09272
42660,"Seattle-Tacoma-Bellevue, WA",16-19, 139 ,5826.25099,346323.78896,588.49281,0.10101,346323.78896,968.07067,67.00000,2693.83991,155344.87919,394.13815,0.14631,155344.87919,648.35725,72.00000,3132.41108,184942.45114,430.04936,0.13729,184942.45114,707.43120,0.46236,0.53764,0.08051,0.08224
42660,"Seattle-Tacoma-Bellevue, WA",20-24, 343 ,15957.82071,1457826.30060,1207.40478,0.07566,1457826.30060,1986.18086,156.00000,7146.90960,582224.40033,763.03630,0.10676,582224.40033,1255.19472,187.00000,8810.91111,685428.27153,827.90596,0.09396,685428.27153,1361.90530,0.44786,0.55214,0.05549,0.05061
44060,"Spokane-Spokane Valley, WA",16-19, 42 ,1329.67192,102709.83365,320.48375,0.24102,102709.83365,527.19577,27.00000,774.89697,43560.71772,208.71204,0.26934,43560.71772,343.33131,15.00000,554.77495,28876.19784,169.92998,0.30630,28876.19784,279.53482,0.58277,0.41723,0.11525,0.12973
44060,"Spokane-Spokane Valley, WA",20-24, 116 ,4056.34169,193068.49453,439.39560,0.10832,193068.49453,722.80576,44.00000,1541.04304,64020.11253,253.02196,0.16419,64020.11253,416.22113,72.00000,2515.29865,126674.82434,355.91407,0.14150,126674.82434,585.47864,0.37991,0.62009,0.07711,0.09287
44140,"Springfield, MA",16-19, 55 ,2373.44930,151441.05345,389.15428,0.16396,151441.05345,640.15879,37.00000,1554.75326,74460.64681,272.87478,0.17551,74460.64681,448.87902,18.00000,818.69605,65166.45758,255.27722,0.31181,65166.45758,419.93102,0.65506,0.34494,0.06747,0.15049
44140,"Springfield, MA",20-24, 104 ,5352.61053,345475.32793,587.77149,0.10981,345475.32793,966.88411,53.00000,2668.31475,151071.57368,388.67927,0.14566,151071.57368,639.37740,51.00000,2684.29578,164595.65021,405.70389,0.15114,164595.65021,667.38291,0.49851,0.50149,0.07848,0.08567
44700,"Stockton-Lodi, CA",16-19, 82 ,2928.85608,152081.15195,389.97584,0.13315,152081.15195,641.51025,43.00000,1551.19446,77902.57794,279.11033,0.17993,77902.57794,459.13650,39.00000,1377.66162,38006.68360,194.95303,0.14151,38006.68360,320.69773,0.52962,0.47038,0.10544,0.03708
44700,"Stockton-Lodi, CA",20-24, 176 ,7036.27272,450796.02137,671.41345,0.09542,450796.02137,1104.47513,80.00000,3243.00962,193229.06295,439.57828,0.13555,193229.06295,723.10627,96.00000,3793.26310,189806.08123,435.66740,0.11485,189806.08123,716.67287,0.46090,0.53910,0.07299,0.05669
45060,"Syracuse, NY",16-19, 46 ,1210.84885,64354.70457,253.68229,0.20951,64354.70457,417.30737,21.00000,468.87438,9821.35612,99.10276,0.21136,9821.35612,163.02403,25.00000,741.97448,44585.95509,211.15387,0.28458,44585.95509,347.34811,0.38723,0.61277,0.01780,0.19414
45060,"Syracuse, NY",20-24, 137 ,4573.81795,215815.04427,464.55898,0.10157,215815.04427,764.19952,63.00000,2049.55850,98809.27809,314.33943,0.15337,98809.27809,517.08836,74.00000,2524.25945,128681.52041,358.72207,0.14211,128681.52041,590.09780,0.44811,0.55189,0.08471,0.09024
45300,"Tampa-St. Petersburg-Clearwater, FL",16-19, 207 ,8390.55686,459634.22376,677.96329,0.08080,459634.22376,1115.24961,107.00000,4677.40159,268600.31581,518.26665,0.11080,268600.31581,852.54863,100.00000,3713.15527,212915.48974,461.42766,0.12427,212915.48974,759.04851,0.55746,0.44254,0.06953,0.06873
45300,"Tampa-St. Petersburg-Clearwater, FL",20-24, 498 ,20019.38766,1506934.47010,1227.57259,0.06132,1506934.47010,2019.35691,242.00000,9707.57644,653276.76599,808.25538,0.08326,653276.76599,1329.58011,256.00000,10311.81121,620227.51088,787.54524,0.07637,620227.51088,1295.51193,0.48491,0.51509,0.04493,0.03858
45780,"Toledo, OH",16-19, 32 ,1205.60318,77372.24302,278.15867,0.23072,77372.24302,457.57100,16.00000,598.98186,40053.04486,200.13257,0.33412,40053.04486,329.21807,16.00000,606.62133,28201.51328,167.93306,0.27683,28201.51328,276.24989,0.49683,0.50317,0.19751,0.12663
45780,"Toledo, OH",20-24, 135 ,6381.47543,393386.60064,627.20539,0.09829,393386.60064,1031.75287,54.00000,2619.31147,144237.27563,379.78583,0.14499,144237.27563,624.74769,81.00000,3762.16395,266309.56356,516.05190,0.13717,266309.56356,848.90538,0.41046,0.58954,0.07198,0.09279
46060,"Tucson, AZ",16-19, 78 ,3397.77229,216707.06984,465.51807,0.13701,216707.06984,765.77722,39.00000,1635.53473,97470.27365,312.20230,0.19089,97470.27365,513.57278,39.00000,1762.23756,87422.06277,295.67222,0.16778,87422.06277,486.38080,0.48136,0.51864,0.10525,0.08263
46060,"Tucson, AZ",20-24, 203 ,9874.62577,702947.06864,838.41939,0.08491,702947.06864,1379.19989,89.00000,3972.42694,341102.62683,584.03992,0.14702,341102.62683,960.74567,114.00000,5902.19883,345675.87193,587.94207,0.09961,345675.87193,967.16470,0.40229,0.59771,0.07943,0.05122
46140,"Tulsa, OK",16-19, 72 ,2235.54833,101153.36190,318.04616,0.14227,101153.36190,523.18594,37.00000,1129.57817,44581.44999,211.14320,0.18692,44581.44999,347.33056,35.00000,1105.97015,48732.08581,220.75345,0.19960,48732.08581,363.13943,0.50528,0.49472,0.10078,0.11394
46140,"Tulsa, OK",20-24, 164 ,6590.78461,399237.78180,631.85266,0.09587,399237.78180,1039.39762,70.00000,2916.61558,199042.57640,446.14188,0.15297,199042.57640,733.90339,94.00000,3674.16903,125501.18069,354.26146,0.09642,125501.18069,582.76010,0.44253,0.55747,0.08677,0.00943
46520,"Urban Honolulu, HI",16-19, 47 ,1428.14589,79879.75580,282.63007,0.19790,79879.75580,464.92646,24.00000,741.87804,36793.51535,191.81636,0.25856,36793.51535,315.53791,23.00000,686.26785,26061.04835,161.43435,0.23524,26061.04835,265.55950,0.51947,0.48053,0.14219,0.10052
46520,"Urban Honolulu, HI",20-24, 127 ,5439.17474,226069.09098,475.46723,0.08742,226069.09098,782.14360,52.00000,2734.03911,167572.69534,409.35644,0.14973,167572.69534,673.39134,75.00000,2705.13563,136135.59569,368.96558,0.13639,136135.59569,606.94837,0.50266,0.49734,0.10051,0.08566
47260,"Virginia Beach-Norfolk-Newport News, VA-NC",16-19, 88 ,3977.61517,262685.96974,512.52899,0.12885,262685.96974,843.11020,47.00000,2179.03334,136749.91321,369.79712,0.16971,136749.91321,608.31627,41.00000,1798.58183,130269.27111,360.92835,0.20067,130269.27111,593.72713,0.54782,0.45218,0.09953,0.11443
47260,"Virginia Beach-Norfolk-Newport News, VA-NC",20-24, 234 ,10623.97788,600477.14383,774.90460,0.07294,600477.14383,1274.71807,83.00000,3989.16566,228077.63626,477.57474,0.11972,228077.63626,785.61045,151.00000,6634.81222,351913.79203,593.22322,0.08941,351913.79203,975.85220,0.37549,0.62451,0.05864,0.05313
47900,"Washington-Arlington-Alexandria, DC-VA-MD-WV",16-19, 178 ,8451.66913,567967.58458,753.63624,0.08917,567967.58458,1239.73162,88.00000,4340.53598,309461.58541,556.29272,0.12816,309461.58541,915.10152,90.00000,4111.13315,244408.62646,494.37701,0.12025,244408.62646,813.25018,0.51357,0.48643,0.07777,0.06456
47900,"Washington-Arlington-Alexandria, DC-VA-MD-WV",20-24, 468 ,20892.32395,1752765.51790,1323.92051,0.06337,1752765.51790,2177.84924,215.00000,9386.06921,641325.31144,800.82789,0.08532,641325.31144,1317.36188,253.00000,11506.25474,729090.02459,853.86769,0.07421,729090.02459,1404.61234,0.44926,0.55074,0.04222,0.03499
48620,"Wichita, KS",16-19, 22 ,1286.54648,95381.86582,308.83955,0.24005,95381.86582,508.04105,14.00000,811.88744,65075.55862,255.09912,0.31421,65075.55862,419.63804,8.00000,474.65904,36028.26775,189.81114,0.39989,36028.26775,312.23932,0.63106,0.36894,0.21045,0.19410
48620,"Wichita, KS",20-24, 63 ,3358.37886,272743.11358,522.24813,0.15551,272743.11358,859.09818,23.00000,1300.04218,84135.77078,290.06167,0.22312,84135.77078,477.15144,40.00000,2058.33668,153344.38241,391.59211,0.19025,153344.38241,644.16902,0.38710,0.61290,0.10188,0.11050
49180,"Winston-Salem, NC",16-19, 41 ,2297.11627,189924.31387,435.80307,0.18972,189924.31387,716.89605,24.00000,1321.57809,88246.23186,297.06267,0.22478,88246.23186,488.66810,17.00000,975.53818,58245.30527,241.34064,0.24739,58245.30527,397.00536,0.57532,0.42468,0.11409,0.11092
49180,"Winston-Salem, NC",20-24, 132 ,6495.71288,405361.16715,636.67980,0.09802,405361.16715,1047.33827,60.00000,3091.60475,195544.49262,442.20413,0.14303,195544.49262,727.42579,72.00000,3404.10813,212467.26178,460.94171,0.13541,212467.26178,758.24912,0.47595,0.52405,0.08156,0.08054
49340,"Worcester, MA-CT",16-19, 29 ,1221.89844,57388.97042,239.55995,0.19606,57388.97042,394.07612,16.00000,762.55369,41985.49069,204.90361,0.26871,41985.49069,337.06644,13.00000,459.34475,17209.48120,131.18491,0.28559,17209.48120,215.79918,0.62407,0.37593,0.18864,0.12842
49340,"Worcester, MA-CT",20-24, 79 ,4276.69849,244019.93070,493.98374,0.11551,244019.93070,812.60324,44.00000,2594.87928,161720.31126,402.14464,0.15498,161720.31126,661.52793,35.00000,1681.81921,68407.52727,261.54833,0.15552,68407.52727,430.24700,0.60675,0.39325,0.10313,0.06736
49660,"Youngstown-Warren-Boardman, OH-PA",16-19, 31 ,951.69801,43944.46987,209.62936,0.22027,43944.46987,344.84030,20.00000,594.08741,29814.55882,172.66893,0.29065,29814.55882,284.04039,11.00000,357.61060,14264.13520,119.43256,0.33397,14264.13520,196.46655,0.62424,0.37576,0.19472,0.15517
49660,"Youngstown-Warren-Boardman, OH-PA",20-24, 116 ,4543.08717,214135.31479,462.74757,0.10186,214135.31479,761.21975,53.00000,2124.70867,78292.81231,279.80853,0.13169,78292.81231,460.28503,63.00000,2418.37850,111092.04015,333.30473,0.13782,111092.04015,548.28627,0.46768,0.53232,0.06422,0.08130
