Assigned_CBSA,Assigned_CBSATitle,age_recode,fb_recode,fb_label,sample_n,DY,var_n,se_n,cv_n,se2_n,moe_n,sample_d,denom,var_d,se_d,cv_d,se2_d,moe_d,ShareDY,MOE_ShareDY
0,_US total,16-19,0,NB,17851.00000,696590.61909,56002848.77800,7483.50511,0.01074,56002848.77800,12310.36591,482588.00000,15869067.86900,410365042.21000,20257.46880,0.00128,410365042.21000,33323.53618,0.04390,0.00077
0,_US total,16-19,1,FB,1920.00000,87417.68647,5035483.06110,2243.98820,0.02567,5035483.06110,3691.36060,34268.00000,1271570.88820,73433377.72100,8569.32773,0.00674,73433377.72100,14096.54411,0.06875,0.00280
0,_US total,20-24,0,NB,44792.00000,1964791.53890,114157276.55000,10684.44086,0.00544,114157276.55000,17575.90522,519527.00000,20285209.94800,375149270.50000,19368.77050,0.00095,375149270.50000,31861.62747,0.09686,0.00085
0,_US total,20-24,1,FB,5606.00000,278249.66101,19176645.37300,4379.11468,0.01574,19176645.37300,7203.64365,56614.00000,2429089.36300,236409392.25000,15375.61031,0.00633,236409392.25000,25292.87895,0.11455,0.00272
10420,"Akron, OH",16-19,0,NB,28.00000,1377.34996,106221.81384,325.91688,0.23663,106221.81384,536.13327,1108.00000,39245.78689,712627.81563,844.17286,0.02151,712627.81563,1388.66435,0.03510,0.01360
10420,"Akron, OH",16-19,1,FB,,,,,,,,47.00000,1592.24911,120616.83254,347.29934,0.21812,120616.83254,571.30742,,
10420,"Akron, OH",20-24,0,NB,77.00000,3683.30762,211187.58283,459.55150,0.12477,211187.58283,755.96222,1201.00000,53029.45915,481843.44242,694.14944,0.01309,481843.44242,1141.87583,0.06946,0.01418
10420,"Akron, OH",20-24,1,FB,8.00000,342.06054,19286.70913,138.87660,0.40600,19286.70913,228.45200,89.00000,3187.93827,142190.21063,377.08117,0.11828,142190.21063,620.29853,0.10730,0.06855
10580,"Albany-Schenectady-Troy, NY",16-19,0,NB,27.00000,1500.10068,106526.22611,326.38356,0.21757,106526.22611,536.90095,1521.00000,45883.57404,930950.62151,964.85782,0.02103,930950.62151,1587.19112,0.03269,0.01165
10580,"Albany-Schenectady-Troy, NY",16-19,1,FB,7.00000,496.54476,33913.59611,184.15644,0.37088,33913.59611,302.93735,102.00000,3512.09203,243818.87043,493.78018,0.14059,243818.87043,812.26840,0.14138,0.07982
10580,"Albany-Schenectady-Troy, NY",20-24,0,NB,62.00000,2855.66371,191350.60769,437.43640,0.15318,191350.60769,719.58288,1678.00000,62610.52388,1049811.03910,1024.60287,0.01636,1049811.03910,1685.47172,0.04561,0.01143
10580,"Albany-Schenectady-Troy, NY",20-24,1,FB,6.00000,614.66473,81061.17703,284.71245,0.46320,81061.17703,468.35197,117.00000,4654.82814,320923.26882,566.50090,0.12170,320923.26882,931.89398,0.13205,0.09708
10740,"Albuquerque, NM",16-19,0,NB,66.00000,2483.38819,160807.45044,401.00804,0.16148,160807.45044,659.65823,1054.00000,43197.14190,1334315.89890,1155.12592,0.02674,1334315.89890,1900.18214,0.05749,0.01506
10740,"Albuquerque, NM",16-19,1,FB,5.00000,301.60928,19168.53497,138.45048,0.45904,19168.53497,227.75104,66.00000,3426.65948,296389.52414,544.41668,0.15888,296389.52414,895.56544,0.08802,0.06236
10740,"Albuquerque, NM",20-24,0,NB,146.00000,6844.51769,458486.48495,677.11630,0.09893,458486.48495,1113.85632,1171.00000,56623.26910,1994363.08230,1412.21920,0.02494,1994363.08230,2323.10059,0.12088,0.01904
10740,"Albuquerque, NM",20-24,1,FB,17.00000,852.05960,46353.45899,215.29853,0.25268,46353.45899,354.16609,112.00000,6518.46696,698757.61263,835.91723,0.12824,698757.61263,1375.08384,0.13071,0.04682
10900,"Allentown-Bethlehem-Easton, PA-NJ",16-19,0,NB,31.00000,1772.93047,181376.18405,425.88283,0.24021,181376.18405,700.57725,1240.00000,43005.36763,1040101.30410,1019.85357,0.02371,1040101.30410,1677.65912,0.04123,0.01621
10900,"Allentown-Bethlehem-Easton, PA-NJ",16-19,1,FB,,,,,,,,63.00000,2317.08389,137161.42044,370.35310,0.15984,137161.42044,609.23085,,
10900,"Allentown-Bethlehem-Easton, PA-NJ",20-24,0,NB,77.00000,4085.01506,361575.96382,601.31187,0.14720,361575.96382,989.15802,1256.00000,48474.09825,1005201.65220,1002.59745,0.02068,1005201.65220,1649.27281,0.08427,0.02020
10900,"Allentown-Bethlehem-Easton, PA-NJ",20-24,1,FB,,,,,,,,92.00000,4310.38923,356683.81876,597.23012,0.13856,356683.81876,982.44355,,
12060,"Atlanta-Sandy Springs-Roswell, GA",16-19,0,NB,281.00000,12916.34817,649230.65841,805.74851,0.06238,649230.65841,1325.45630,7183.00000,279601.68187,8190604.24220,2861.92317,0.01024,8190604.24220,4707.86362,0.04620,0.00468
12060,"Atlanta-Sandy Springs-Roswell, GA",16-19,1,FB,29.00000,1278.46707,62534.90324,250.06980,0.19560,62534.90324,411.36482,597.00000,25157.90015,1958525.55120,1399.47331,0.05563,1958525.55120,2302.13360,0.05082,0.01568
12060,"Atlanta-Sandy Springs-Roswell, GA",20-24,0,NB,627.00000,33220.97505,1946830.46350,1395.28867,0.04200,1946830.46350,2295.24986,7118.00000,321011.46857,6396574.70630,2529.14505,0.00788,6396574.70630,4160.44361,0.10349,0.00702
12060,"Atlanta-Sandy Springs-Roswell, GA",20-24,1,FB,94.00000,5464.40562,427781.17489,654.04983,0.11969,427781.17489,1075.91196,1006.00000,46955.78426,2764488.32400,1662.67505,0.03541,2764488.32400,2735.10046,0.11637,0.02189
12260,"Augusta-Richmond County, GA-SC",16-19,0,NB,46.00000,2145.55062,114519.39543,338.40714,0.15773,114519.39543,556.67975,776.00000,29327.17764,878829.95935,937.45931,0.03197,878829.95935,1542.12057,0.07316,0.01859
12260,"Augusta-Richmond County, GA-SC",16-19,1,FB,,,,,,,,13.00000,408.92433,21449.68738,146.45712,0.35815,21449.68738,240.92196,,
12260,"Augusta-Richmond County, GA-SC",20-24,0,NB,95.00000,4411.04598,298674.26034,546.51099,0.12390,298674.26034,899.01058,795.00000,35979.59022,704569.55759,839.38642,0.02333,704569.55759,1380.79066,0.12260,0.02454
12260,"Augusta-Richmond County, GA-SC",20-24,1,FB,,,,,,,,23.00000,1320.21710,121079.55516,347.96488,0.26357,121079.55516,572.40222,,
12420,"Austin-Round Rock, TX",16-19,0,NB,67.00000,3077.99323,193208.38659,439.55476,0.14281,193208.38659,723.06758,2738.00000,92492.87639,3062928.88100,1750.12253,0.01892,3062928.88100,2878.95157,0.03328,0.00775
12420,"Austin-Round Rock, TX",16-19,1,FB,17.00000,830.88909,36082.60675,189.95422,0.22862,36082.60675,312.47470,233.00000,9977.01132,417477.97108,646.12535,0.06476,417477.97108,1062.87620,0.08328,0.03004
12420,"Austin-Round Rock, TX",20-24,0,NB,154.00000,6858.26764,437049.39970,661.09712,0.09639,437049.39970,1087.50476,3196.00000,126746.53179,2332680.80040,1527.31163,0.01205,2332680.80040,2512.42762,0.05411,0.00851
12420,"Austin-Round Rock, TX",20-24,1,FB,47.00000,2347.87428,244839.36772,494.81246,0.21075,244839.36772,813.96649,455.00000,20581.98976,1213708.41240,1101.68435,0.05353,1213708.41240,1812.27076,0.11407,0.03825
12540,"Bakersfield, CA",16-19,0,NB,70.00000,3308.45802,238096.12278,487.95094,0.14749,238096.12278,802.67930,1234.00000,48407.99670,1520880.86790,1233.23999,0.02548,1520880.86790,2028.67978,0.06835,0.01633
12540,"Bakersfield, CA",16-19,1,FB,13.00000,515.29357,29148.04145,170.72798,0.33132,29148.04145,280.84752,136.00000,5173.24342,342762.27800,585.45903,0.11317,342762.27800,963.08011,0.09961,0.05102
12540,"Bakersfield, CA",20-24,0,NB,204.00000,10203.78014,538038.44758,733.51104,0.07189,538038.44758,1206.62566,1408.00000,62835.12274,1110647.85260,1053.87279,0.01677,1110647.85260,1733.62074,0.16239,0.01867
12540,"Bakersfield, CA",20-24,1,FB,38.00000,1523.96810,97774.70432,312.68947,0.20518,97774.70432,514.37418,219.00000,8845.15256,456375.32576,675.55557,0.07638,456375.32576,1111.28891,0.17229,0.05397
12580,"Baltimore-Columbia-Towson, MD",16-19,0,NB,103.00000,4555.77176,336275.40623,579.89258,0.12729,336275.40623,953.92330,3846.00000,135009.64750,2478757.20790,1574.40694,0.01166,2478757.20790,2589.89941,0.03374,0.00704
12580,"Baltimore-Columbia-Towson, MD",16-19,1,FB,11.00000,764.21755,72896.74865,269.99398,0.35329,72896.74865,444.14010,206.00000,8512.78179,517004.95417,719.03057,0.08446,517004.95417,1182.80528,0.08977,0.05066
12580,"Baltimore-Columbia-Towson, MD",20-24,0,NB,286.00000,12745.90772,886060.08108,941.30764,0.07385,886060.08108,1548.45107,4748.00000,173423.33121,1715444.68390,1309.74986,0.00755,1715444.68390,2154.53851,0.07350,0.00888
12580,"Baltimore-Columbia-Towson, MD",20-24,1,FB,14.00000,893.76151,72714.21677,269.65574,0.30171,72714.21677,443.58369,339.00000,14784.23133,897366.52677,947.29432,0.06407,897366.52677,1558.29915,0.06045,0.02932
12940,"Baton Rouge, LA",16-19,0,NB,45.00000,2313.92917,235773.46680,485.56510,0.20984,235773.46680,798.75459,1045.00000,44290.60664,1431411.62210,1196.41616,0.02701,1431411.62210,1968.10458,0.05224,0.01788
12940,"Baton Rouge, LA",16-19,1,FB,,,,,,,,12.00000,562.29441,29559.68295,171.92930,0.30576,29559.68295,282.82369,,
12940,"Baton Rouge, LA",20-24,0,NB,119.00000,7881.18907,641186.82026,800.74142,0.10160,641186.82026,1317.21963,1237.00000,70273.66783,1317881.00640,1147.98999,0.01634,1317881.00640,1888.44353,0.11215,0.01850
12940,"Baton Rouge, LA",20-24,1,FB,,,,,,,,37.00000,2035.61958,182832.55513,427.58924,0.21005,182832.55513,703.38429,,
13820,"Birmingham-Hoover, AL",16-19,0,NB,69.00000,3521.89755,246749.85469,496.73922,0.14104,246749.85469,817.13602,1550.00000,56627.38648,986784.14264,993.37009,0.01754,986784.14264,1634.09380,0.06219,0.01432
13820,"Birmingham-Hoover, AL",16-19,1,FB,,,,,,,,34.00000,1716.16905,119316.47032,345.42216,0.20128,119316.47032,568.21946,,
13820,"Birmingham-Hoover, AL",20-24,0,NB,185.00000,8948.18199,559825.58242,748.21493,0.08362,559825.58242,1230.81356,1623.00000,68319.47770,722525.34723,850.01491,0.01244,722525.34723,1398.27453,0.13098,0.01782
13820,"Birmingham-Hoover, AL",20-24,1,FB,8.00000,586.43682,45541.71466,213.40505,0.36390,45541.71466,351.05130,60.00000,3166.75893,276679.26935,526.00311,0.16610,276679.26935,865.27511,0.18519,0.09863
14260,"Boise City, ID",16-19,0,NB,28.00000,1905.27142,209164.97022,457.34557,0.24004,209164.97022,752.33346,735.00000,34098.18173,1014835.98560,1007.39068,0.02954,1014835.98560,1657.15767,0.05588,0.02190
14260,"Boise City, ID",16-19,1,FB,,,,,,,,33.00000,1618.33732,146860.20946,383.22345,0.23680,146860.20946,630.40257,,
14260,"Boise City, ID",20-24,0,NB,62.00000,3235.30674,285746.84528,534.55294,0.16522,285746.84528,879.33959,780.00000,40361.17178,897419.85547,947.32247,0.02347,897419.85547,1558.34546,0.08016,0.02157
14260,"Boise City, ID",20-24,1,FB,11.00000,840.60543,79565.25156,282.07313,0.33556,79565.25156,464.01030,61.00000,4321.44322,434638.00735,659.27081,0.15256,434638.00735,1084.50049,0.19452,0.09564
14460,"Boston-Cambridge-Newton, MA-NH",16-19,0,NB,91.00000,3107.22160,166854.65935,408.47847,0.13146,166854.65935,671.94708,7658.00000,234967.89987,5669634.50070,2381.09943,0.01013,5669634.50070,3916.90856,0.01322,0.00285
14460,"Boston-Cambridge-Newton, MA-NH",16-19,1,FB,24.00000,1014.54783,55128.18623,234.79392,0.23143,55128.18623,386.23600,855.00000,26510.92445,1014929.71270,1007.43720,0.03800,1014929.71270,1657.23419,0.03827,0.01437
14460,"Boston-Cambridge-Newton, MA-NH",20-24,0,NB,245.00000,10065.64114,797231.75169,892.87835,0.08871,797231.75169,1468.78489,8933.00000,294428.24598,5474590.79790,2339.78435,0.00795,5474590.79790,3848.94525,0.03419,0.00497
14460,"Boston-Cambridge-Newton, MA-NH",20-24,1,FB,74.00000,3495.44081,246105.54507,496.09026,0.14192,246105.54507,816.06848,1380.00000,48881.19086,2340933.42430,1530.01092,0.03130,2340933.42430,2516.86797,0.07151,0.01628
14860,"Bridgeport-Stamford-Norwalk, CT",16-19,0,NB,24.00000,1362.79162,107059.82413,327.19998,0.24010,107059.82413,538.24396,1406.00000,47278.03863,803936.24050,896.62492,0.01896,803936.24050,1474.94799,0.02883,0.01135
14860,"Bridgeport-Stamford-Norwalk, CT",16-19,1,FB,7.00000,246.39463,12208.90283,110.49390,0.44844,12208.90283,181.76247,136.00000,5343.67173,297302.65854,545.25467,0.10204,297302.65854,896.94394,0.04611,0.03312
14860,"Bridgeport-Stamford-Norwalk, CT",20-24,0,NB,51.00000,2185.42087,101812.92091,319.08137,0.14600,101812.92091,524.88885,1207.00000,43052.09586,794679.43840,891.44794,0.02071,794679.43840,1466.43187,0.05076,0.01207
14860,"Bridgeport-Stamford-Norwalk, CT",20-24,1,FB,12.00000,420.60924,16353.40755,127.88044,0.30404,16353.40755,210.36333,238.00000,11775.09433,706667.82791,840.63537,0.07139,706667.82791,1382.84519,0.03572,0.01737
15380,"Buffalo-Cheektowaga-Niagara Falls, NY",16-19,0,NB,64.00000,2319.69849,114061.47364,337.72988,0.14559,114061.47364,555.56566,1854.00000,59552.32760,911647.72916,954.80246,0.01603,911647.72916,1570.65004,0.03895,0.00927
15380,"Buffalo-Cheektowaga-Niagara Falls, NY",16-19,1,FB,6.00000,290.33549,20348.97724,142.64984,0.49133,20348.97724,234.65899,102.00000,3448.40053,215599.31687,464.32674,0.13465,215599.31687,763.81748,0.08419,0.06544
15380,"Buffalo-Cheektowaga-Niagara Falls, NY",20-24,0,NB,135.00000,5706.51565,346956.56953,589.03019,0.10322,346956.56953,968.95467,2175.00000,78175.05146,910145.67903,954.01555,0.01220,910145.67903,1569.35559,0.07300,0.01231
15380,"Buffalo-Cheektowaga-Niagara Falls, NY",20-24,1,FB,8.00000,378.52607,23441.79019,153.10712,0.40448,23441.79019,251.86121,200.00000,5413.33576,314317.98406,560.64069,0.10357,314317.98406,922.25394,0.06992,0.04498
15980,"Cape Coral-Fort Myers, FL",16-19,0,NB,28.00000,1294.74881,93168.51441,305.23518,0.23575,93168.51441,502.11187,831.00000,24264.71857,596428.35495,772.28774,0.03183,596428.35495,1270.41333,0.05336,0.02050
15980,"Cape Coral-Fort Myers, FL",16-19,1,FB,6.00000,207.51637,10002.79693,100.01398,0.48196,10002.79693,164.52300,102.00000,3850.22145,269346.74740,518.98627,0.13479,269346.74740,853.73241,0.05390,0.04103
15980,"Cape Coral-Fort Myers, FL",20-24,0,NB,81.00000,3384.84873,191766.60442,437.91164,0.12937,191766.60442,720.36465,755.00000,29916.98631,675908.94931,822.13682,0.02748,675908.94931,1352.41507,0.11314,0.02353
15980,"Cape Coral-Fort Myers, FL",20-24,1,FB,16.00000,692.31824,29954.46166,173.07357,0.24999,29954.46166,284.70603,123.00000,6574.15727,452986.38116,673.04263,0.10238,452986.38116,1107.15513,0.10531,0.03951
16700,"Charleston-North Charleston, SC",16-19,0,NB,28.00000,1281.63202,87398.04960,295.63161,0.23067,87398.04960,486.31400,947.00000,34641.77734,952158.09793,975.78589,0.02817,952158.09793,1605.16778,0.03700,0.01393
16700,"Charleston-North Charleston, SC",16-19,1,FB,,,,,,,,25.00000,1426.26914,120225.75689,346.73586,0.24311,120225.75689,570.38049,,
16700,"Charleston-North Charleston, SC",20-24,0,NB,122.00000,5204.78232,442936.46743,665.53472,0.12787,442936.46743,1094.80462,1402.00000,53158.39734,627159.85268,791.93425,0.01490,627159.85268,1302.73184,0.09791,0.02045
16700,"Charleston-North Charleston, SC",20-24,1,FB,7.00000,355.82411,18831.09374,137.22643,0.38566,18831.09374,225.73748,45.00000,2006.66673,98561.74577,313.94545,0.15645,98561.74577,516.44027,0.17732,0.10282
16740,"Charlotte-Concord-Gastonia, NC-SC",16-19,0,NB,127.00000,4198.04450,188325.59736,433.96497,0.10337,188325.59736,713.87238,3410.00000,114827.50062,2780643.12550,1667.52605,0.01452,2780643.12550,2743.08035,0.03656,0.00616
16740,"Charlotte-Concord-Gastonia, NC-SC",16-19,1,FB,9.00000,284.77678,16848.24840,129.80080,0.45580,16848.24840,213.52232,206.00000,8361.86894,575784.00773,758.80433,0.09075,575784.00773,1248.23312,0.03406,0.02502
16740,"Charlotte-Concord-Gastonia, NC-SC",20-24,0,NB,360.00000,15950.00683,1014105.41410,1007.02801,0.06314,1014105.41410,1656.56108,3638.00000,138185.42192,2952199.43000,1718.19656,0.01243,2952199.43000,2826.43335,0.11542,0.01175
16740,"Charlotte-Concord-Gastonia, NC-SC",20-24,1,FB,42.00000,1953.85049,116667.92757,341.56687,0.17482,116667.92757,561.87750,351.00000,15416.64145,978013.82521,988.94582,0.06415,978013.82521,1626.81587,0.12674,0.03390
16860,"Chattanooga, TN-GA",16-19,0,NB,52.00000,1668.51600,57976.66456,240.78344,0.14431,57976.66456,396.08876,823.00000,25360.62772,432951.15354,657.99024,0.02595,432951.15354,1082.39394,0.06579,0.01536
16860,"Chattanooga, TN-GA",16-19,1,FB,,,,,,,,26.00000,1108.03345,82165.00099,286.64438,0.25870,82165.00099,471.53001,,
16860,"Chattanooga, TN-GA",20-24,0,NB,93.00000,3692.34773,218470.14342,467.40790,0.12659,218470.14342,768.88599,941.00000,33742.38724,365169.51671,604.29258,0.01791,365169.51671,994.06129,0.10943,0.02256
16860,"Chattanooga, TN-GA",20-24,1,FB,5.00000,327.80475,18585.79419,136.32973,0.41589,18585.79419,224.26240,40.00000,1836.69872,139157.94288,373.03880,0.20310,139157.94288,613.64882,0.17847,0.10655
16980,"Chicago-Naperville-Elgin, IL-IN-WI",16-19,0,NB,410.00000,19379.78720,1539851.97450,1240.90772,0.06403,1539851.97450,2041.29320,12587.00000,471149.80883,10717325.98400,3273.73273,0.00695,10717325.98400,5385.29034,0.04113,0.00431
16980,"Chicago-Naperville-Elgin, IL-IN-WI",16-19,1,FB,51.00000,2558.76908,205839.94408,453.69587,0.17731,205839.94408,746.32971,1026.00000,43770.21290,2226709.04430,1492.21615,0.03409,2226709.04430,2454.69557,0.05846,0.01673
16980,"Chicago-Naperville-Elgin, IL-IN-WI",20-24,0,NB,1024.00000,52126.98303,2973143.57570,1724.28060,0.03308,2973143.57570,2836.44158,13041.00000,560423.75166,10735441.12100,3276.49830,0.00585,10735441.12100,5389.83971,0.09301,0.00498
16980,"Chicago-Naperville-Elgin, IL-IN-WI",20-24,1,FB,149.00000,8369.33121,625401.65418,790.82340,0.09449,625401.65418,1300.90450,1875.00000,87463.72717,5558600.87080,2357.66852,0.02696,5558600.87080,3878.36472,0.09569,0.01426
17140,"Cincinnati, OH-KY-IN",16-19,0,NB,110.00000,4461.52106,248696.84017,498.69514,0.11178,248696.84017,820.35350,3140.00000,108544.96836,1996074.53380,1412.82502,0.01302,1996074.53380,2324.09716,0.04110,0.00751
17140,"Cincinnati, OH-KY-IN",16-19,1,FB,,,,,,,,75.00000,2965.67220,222626.80383,471.83345,0.15910,222626.80383,776.16602,,
17140,"Cincinnati, OH-KY-IN",20-24,0,NB,258.00000,10623.86920,500862.67133,707.71652,0.06662,500862.67133,1164.19367,3332.00000,136374.36487,1771453.08630,1330.95946,0.00976,1771453.08630,2189.42831,0.07790,0.00844
17140,"Cincinnati, OH-KY-IN",20-24,1,FB,9.00000,898.65366,79987.96032,282.82143,0.31472,79987.96032,465.24125,127.00000,5836.50346,334667.21708,578.50429,0.09912,334667.21708,951.63956,0.15397,0.07566
17460,"Cleveland-Elyria, OH",16-19,0,NB,132.00000,5454.30801,212264.60602,460.72183,0.08447,212264.60602,757.88741,3264.00000,106945.97632,1639018.21050,1280.24147,0.01197,1639018.21050,2105.99721,0.05100,0.00702
17460,"Cleveland-Elyria, OH",16-19,1,FB,5.00000,270.43058,24863.09490,157.68036,0.58307,24863.09490,259.38419,105.00000,2950.37770,115265.13263,339.50719,0.11507,115265.13263,558.48933,0.09166,0.08619
17460,"Cleveland-Elyria, OH",20-24,0,NB,296.00000,13183.42465,717017.72665,846.76899,0.06423,717017.72665,1392.93499,3234.00000,121279.26500,1121185.35940,1058.86041,0.00873,1121185.35940,1741.82537,0.10870,0.01138
17460,"Cleveland-Elyria, OH",20-24,1,FB,14.00000,534.54337,33739.31933,183.68266,0.34363,33739.31933,302.15797,163.00000,5951.43505,417730.70920,646.32090,0.10860,417730.70920,1063.19788,0.08982,0.04817
17820,"Colorado Springs, CO",16-19,0,NB,34.00000,1396.67879,47401.27129,217.71833,0.15588,47401.27129,358.14665,990.00000,36100.91417,1106553.46380,1051.92845,0.02914,1106553.46380,1730.42230,0.03869,0.00975
17820,"Colorado Springs, CO",16-19,1,FB,,,,,,,,31.00000,1246.93233,80598.74419,283.89918,0.22768,80598.74419,467.01415,,
17820,"Colorado Springs, CO",20-24,0,NB,80.00000,4281.29092,396543.10438,629.71669,0.14709,396543.10438,1035.88395,1332.00000,52409.54820,814378.89131,902.42944,0.01722,814378.89131,1484.49643,0.08169,0.01963
17820,"Colorado Springs, CO",20-24,1,FB,,,,,,,,63.00000,2716.23744,271009.16847,520.58541,0.19166,271009.16847,856.36300,,
17900,"Columbia, SC",16-19,0,NB,47.00000,2440.17069,219750.76317,468.77581,0.19211,219750.76317,771.13621,1454.00000,47324.93157,1165099.61290,1079.39780,0.02281,1165099.61290,1775.60938,0.05156,0.01618
17900,"Columbia, SC",16-19,1,FB,,,,,,,,49.00000,1699.21653,113933.38704,337.54020,0.19864,113933.38704,555.25363,,
17900,"Columbia, SC",20-24,0,NB,115.00000,5041.25373,517117.36716,719.10873,0.14264,517117.36716,1182.93386,1710.00000,64289.53834,1045439.67330,1022.46744,0.01590,1045439.67330,1681.95894,0.07841,0.01829
17900,"Columbia, SC",20-24,1,FB,10.00000,503.35388,56507.25985,237.71256,0.47226,56507.25985,391.03716,69.00000,3192.27976,291275.29957,539.69927,0.16906,291275.29957,887.80530,0.15768,0.11438
18140,"Columbus, OH",16-19,0,NB,88.00000,2843.49366,144509.45710,380.14400,0.13369,144509.45710,625.33687,2616.00000,92680.01097,1893418.21940,1376.01534,0.01485,1893418.21940,2263.54524,0.03068,0.00671
18140,"Columbus, OH",16-19,1,FB,6.00000,224.32416,11310.73335,106.35193,0.47410,11310.73335,174.94893,140.00000,5658.50385,248685.20495,498.68347,0.08813,248685.20495,820.33431,0.03964,0.03038
18140,"Columbus, OH",20-24,0,NB,235.00000,10753.61881,908027.92353,952.90499,0.08861,908027.92353,1567.52871,3076.00000,124038.42339,1816642.87900,1347.82895,0.01087,1816642.87900,2217.17862,0.08670,0.01254
18140,"Columbus, OH",20-24,1,FB,14.00000,780.64091,52923.64467,230.05140,0.29470,52923.64467,378.43455,204.00000,8786.60641,509337.07668,713.67855,0.08122,509337.07668,1174.00122,0.08884,0.04140
19100,"Dallas-Fort Worth-Arlington, TX",16-19,0,NB,330.00000,13650.30172,700960.05390,837.23357,0.06133,700960.05390,1377.24923,9248.00000,325496.47617,7245378.74570,2691.72412,0.00827,7245378.74570,4427.88618,0.04194,0.00419
19100,"Dallas-Fort Worth-Arlington, TX",16-19,1,FB,72.00000,3627.68648,201064.23961,448.40187,0.12361,201064.23961,737.62108,1057.00000,42511.07369,2361801.05770,1536.81523,0.03615,2361801.05770,2528.06106,0.08534,0.01659
19100,"Dallas-Fort Worth-Arlington, TX",20-24,0,NB,741.00000,34602.32511,2918535.38000,1708.37214,0.04937,2918535.38000,2810.27218,9028.00000,377226.20985,8011912.05990,2830.53212,0.00750,8011912.05990,4656.22533,0.09173,0.00736
19100,"Dallas-Fort Worth-Arlington, TX",20-24,1,FB,197.00000,9765.24306,728680.43927,853.62781,0.08741,728680.43927,1404.21775,1650.00000,76856.04410,4018639.38920,2004.65443,0.02608,4018639.38920,3297.65654,0.12706,0.01744
19380,"Dayton, OH",16-19,0,NB,39.00000,1438.14860,63851.73289,252.68900,0.17570,63851.73289,415.67341,1273.00000,41511.10265,854976.47422,924.64938,0.02227,854976.47422,1521.04823,0.03464,0.00993
19380,"Dayton, OH",16-19,1,FB,,,,,,,,42.00000,1462.60584,78569.58230,280.30266,0.19165,78569.58230,461.09788,,
19380,"Dayton, OH",20-24,0,NB,100.00000,4831.03012,265662.46518,515.42455,0.10669,265662.46518,847.87338,1457.00000,55483.29268,649684.33948,806.02999,0.01453,649684.33948,1325.91933,0.08707,0.01514
19380,"Dayton, OH",20-24,1,FB,,,,,,,,66.00000,2204.46858,146019.19560,382.12458,0.17334,146019.19560,628.59494,,
19660,"Deltona-Daytona Beach-Ormond Beach, FL",16-19,0,NB,38.00000,1316.95484,80067.75268,282.96246,0.21486,80067.75268,465.47324,817.00000,28209.63596,1005096.94870,1002.54524,0.03554,1005096.94870,1649.18691,0.04668,0.01627
19660,"Deltona-Daytona Beach-Ormond Beach, FL",16-19,1,FB,,,,,,,,35.00000,1456.20731,113770.13951,337.29829,0.23163,113770.13951,554.85569,,
19660,"Deltona-Daytona Beach-Ormond Beach, FL",20-24,0,NB,93.00000,4103.83424,237281.63458,487.11563,0.11870,237281.63458,801.30521,860.00000,34674.27631,710842.68015,843.11487,0.02432,710842.68015,1386.92396,0.11835,0.02262
19660,"Deltona-Daytona Beach-Ormond Beach, FL",20-24,1,FB,,,,,,,,44.00000,2170.55359,175333.58726,418.72854,0.19291,175333.58726,688.80844,,
19740,"Denver-Aurora-Lakewood, CO",16-19,0,NB,92.00000,3951.97997,264351.99076,514.15172,0.13010,264351.99076,845.77958,3424.00000,117926.99722,2912872.75890,1706.71402,0.01447,2912872.75890,2807.54457,0.03351,0.00713
19740,"Denver-Aurora-Lakewood, CO",16-19,1,FB,19.00000,923.70900,75535.99848,274.83813,0.29754,75535.99848,452.10873,289.00000,11475.05749,462828.86255,680.31527,0.05929,462828.86255,1119.11861,0.08050,0.03861
19740,"Denver-Aurora-Lakewood, CO",20-24,0,NB,201.00000,8889.02107,732508.64397,855.86719,0.09628,732508.64397,1407.90152,3737.00000,153973.11768,3096085.08610,1759.56957,0.01143,3096085.08610,2894.49195,0.05773,0.00908
19740,"Denver-Aurora-Lakewood, CO",20-24,1,FB,56.00000,2859.69290,155529.79378,394.37266,0.13791,155529.79378,648.74302,466.00000,21083.67324,1260192.40630,1122.58292,0.05324,1260192.40630,1846.64890,0.13564,0.02838
19780,"Des Moines-West Des Moines, IA",16-19,0,NB,18.00000,972.52699,68500.28907,261.72560,0.26912,68500.28907,430.53861,825.00000,30681.10175,918304.38309,958.28200,0.03123,918304.38309,1576.37388,0.03170,0.01394
19780,"Des Moines-West Des Moines, IA",16-19,1,FB,,,,,,,,38.00000,1955.26661,166515.78347,408.06346,0.20870,166515.78347,671.26438,,
19780,"Des Moines-West Des Moines, IA",20-24,0,NB,26.00000,1739.23728,218826.29241,467.78873,0.26896,218826.29241,769.51245,759.00000,37131.57533,707818.55544,841.31953,0.02266,707818.55544,1383.97063,0.04684,0.02065
19780,"Des Moines-West Des Moines, IA",20-24,1,FB,7.00000,451.22506,42476.97728,206.09944,0.45676,42476.97728,339.03357,64.00000,4153.27570,408796.67413,639.37209,0.15394,408796.67413,1051.76709,0.10864,0.07685
19820,"Detroit-Warren-Dearborn, MI",16-19,0,NB,228.00000,10884.16729,654485.88462,809.00302,0.07433,654485.88462,1330.80997,5101.00000,207916.93683,6168221.57500,2483.59046,0.01195,6168221.57500,4085.50631,0.05235,0.00632
19820,"Detroit-Warren-Dearborn, MI",16-19,1,FB,16.00000,1231.09160,99342.37114,315.18625,0.25602,99342.37114,518.48138,283.00000,13195.45969,1103276.67520,1050.36978,0.07960,1103276.67520,1727.85829,0.09330,0.03734
19820,"Detroit-Warren-Dearborn, MI",20-24,0,NB,568.00000,33413.12584,2187688.39720,1479.08363,0.04427,2187688.39720,2433.09258,5325.00000,256176.11150,4629068.32100,2151.52697,0.00840,4629068.32100,3539.26187,0.13043,0.00933
19820,"Detroit-Warren-Dearborn, MI",20-24,1,FB,53.00000,3048.39267,311199.43935,557.85252,0.18300,311199.43935,917.66740,389.00000,21114.36578,1675567.11220,1294.43699,0.06131,1675567.11220,2129.34884,0.14438,0.04095
21340,"El Paso, TX",16-19,0,NB,68.00000,2884.99426,165459.89121,406.76761,0.14099,165459.89121,669.13272,1349.00000,49337.08272,969246.64174,984.50325,0.01995,969246.64174,1619.50784,0.05848,0.01343
21340,"El Paso, TX",16-19,1,FB,17.00000,728.41013,50661.10549,225.08022,0.30900,50661.10549,370.25696,151.00000,5363.75671,281867.87610,530.91231,0.09898,281867.87610,873.35074,0.13580,0.06539
21340,"El Paso, TX",20-24,0,NB,173.00000,8132.80852,643018.52425,801.88436,0.09860,643018.52425,1319.09977,1466.00000,60986.46718,981608.56288,990.76161,0.01625,981608.56288,1629.80284,0.13335,0.02133
21340,"El Paso, TX",20-24,1,FB,34.00000,1519.99306,115967.59853,340.54016,0.22404,115967.59853,560.18856,221.00000,9572.24766,606873.89032,779.02111,0.08138,606873.89032,1281.48973,0.15879,0.05452
23420,"Fresno, CA",16-19,0,NB,101.00000,3704.00369,204022.82907,451.68886,0.12195,204022.82907,743.02818,1541.00000,49932.47861,980618.68808,990.26193,0.01983,980618.68808,1628.98087,0.07418,0.01468
23420,"Fresno, CA",16-19,1,FB,12.00000,320.37176,15449.97417,124.29793,0.38798,15449.97417,204.47009,195.00000,6468.12508,294739.18937,542.89888,0.08393,294739.18937,893.06865,0.04953,0.03086
23420,"Fresno, CA",20-24,0,NB,242.00000,10812.85080,799995.09640,894.42445,0.08272,799995.09640,1471.32822,1673.00000,67990.22549,1407997.57480,1186.59074,0.01745,1407997.57480,1951.94176,0.15904,0.02115
23420,"Fresno, CA",20-24,1,FB,67.00000,2798.03940,192450.53441,438.69184,0.15679,192450.53441,721.64808,308.00000,12372.10291,764094.60119,874.12505,0.07065,764094.60119,1437.93571,0.22616,0.05207
24340,"Grand Rapids-Wyoming, MI",16-19,0,NB,17.00000,880.29038,57216.64466,239.20001,0.27173,57216.64466,393.48402,1218.00000,48330.64879,1433286.55940,1197.19947,0.02477,1433286.55940,1969.39312,0.01821,0.00811
24340,"Grand Rapids-Wyoming, MI",16-19,1,FB,8.00000,313.45472,14793.20630,121.62733,0.38802,14793.20630,200.07695,75.00000,3175.36921,186600.90465,431.97327,0.13604,186600.90465,710.59603,0.09871,0.05901
24340,"Grand Rapids-Wyoming, MI",20-24,0,NB,65.00000,4026.32972,360058.14232,600.04845,0.14903,360058.14232,987.07970,1355.00000,65609.17187,1108357.07470,1052.78539,0.01605,1108357.07470,1731.83196,0.06137,0.01496
24340,"Grand Rapids-Wyoming, MI",20-24,1,FB,10.00000,732.88259,69711.70188,264.02974,0.36026,69711.70188,434.32892,88.00000,5250.55787,421912.62531,649.54802,0.12371,421912.62531,1068.50649,0.13958,0.07769
24660,"Greensboro-High Point, NC",16-19,0,NB,49.00000,2016.39981,123825.05800,351.88785,0.17451,123825.05800,578.85551,1267.00000,40245.52017,870684.95853,933.10501,0.02319,870684.95853,1534.95774,0.05010,0.01426
24660,"Greensboro-High Point, NC",16-19,1,FB,11.00000,715.26315,39980.05885,199.95014,0.27955,39980.05885,328.91798,86.00000,2846.62617,124338.68630,352.61691,0.12387,124338.68630,580.05482,0.25127,0.10358
24660,"Greensboro-High Point, NC",20-24,0,NB,131.00000,6001.33651,353898.41465,594.89362,0.09913,353898.41465,978.60000,1233.00000,51049.97041,622401.57925,788.92432,0.01545,622401.57925,1297.78050,0.11756,0.01894
24660,"Greensboro-High Point, NC",20-24,1,FB,17.00000,892.60913,65117.60491,255.18151,0.28588,65117.60491,419.77359,108.00000,5422.30301,187957.14483,433.54025,0.07996,187957.14483,713.17370,0.16462,0.07433
24860,"Greenville-Anderson-Mauldin, SC",16-19,0,NB,60.00000,2342.91044,149421.76376,386.55111,0.16499,149421.76376,635.87658,1643.00000,50850.51365,1165741.90760,1079.69528,0.02123,1165741.90760,1776.09874,0.04607,0.01240
24860,"Greenville-Anderson-Mauldin, SC",16-19,1,FB,,,,,,,,55.00000,1374.82486,75818.27426,275.35118,0.20028,75818.27426,452.95270,,
24860,"Greenville-Anderson-Mauldin, SC",20-24,0,NB,155.00000,7211.08252,463206.11877,680.59248,0.09438,463206.11877,1119.57462,1688.00000,64606.77146,1115432.41260,1056.14034,0.01635,1115432.41260,1737.35086,0.11161,0.01707
24860,"Greenville-Anderson-Mauldin, SC",20-24,1,FB,10.00000,395.29768,19915.74102,141.12314,0.35700,19915.74102,232.14757,101.00000,3555.90216,127004.27482,356.37659,0.10022,127004.27482,586.23949,0.11117,0.06266
25420,"Harrisburg-Carlisle, PA",16-19,0,NB,24.00000,1008.87942,66450.88736,257.78070,0.25551,66450.88736,424.04925,857.00000,28162.50540,698223.47857,835.59768,0.02967,698223.47857,1374.55818,0.03582,0.01496
25420,"Harrisburg-Carlisle, PA",16-19,1,FB,,,,,,,,42.00000,1563.60493,107568.63545,327.97658,0.20976,107568.63545,539.52147,,
25420,"Harrisburg-Carlisle, PA",20-24,0,NB,55.00000,2525.77737,153038.46190,391.20131,0.15488,153038.46190,643.52615,962.00000,32660.99960,813078.61569,901.70872,0.02761,813078.61569,1483.31084,0.07733,0.01939
25420,"Harrisburg-Carlisle, PA",20-24,1,FB,5.00000,125.06918,14866.18759,121.92698,0.97488,14866.18759,200.56988,48.00000,1766.57814,118418.40530,344.11975,0.19479,118418.40530,566.07700,0.07080,0.11125
25540,"Hartford-West Hartford-East Hartford, CT",16-19,0,NB,35.00000,1343.05462,95877.24281,309.64051,0.23055,95877.24281,509.35863,2083.00000,64137.65283,1385184.92620,1176.93879,0.01835,1385184.92620,1936.06432,0.02094,0.00792
25540,"Hartford-West Hartford-East Hartford, CT",16-19,1,FB,6.00000,219.20411,9211.34253,95.97574,0.43784,9211.34253,157.88009,150.00000,4998.56734,405518.82045,636.80360,0.12740,405518.82045,1047.54192,0.04385,0.03022
25540,"Hartford-West Hartford-East Hartford, CT",20-24,0,NB,116.00000,5294.49539,351172.99143,592.59851,0.11193,351172.99143,974.82455,2232.00000,76183.24921,1040174.45580,1019.88943,0.01339,1040174.45580,1677.71812,0.06950,0.01270
25540,"Hartford-West Hartford-East Hartford, CT",20-24,1,FB,15.00000,840.19429,85025.18995,291.59079,0.34705,85025.18995,479.66685,232.00000,8456.34457,445600.76815,667.53335,0.07894,445600.76815,1098.09235,0.09936,0.05524
26420,"Houston-The Woodlands-Sugar Land, TX",16-19,0,NB,283.00000,13282.94925,906905.61383,952.31592,0.07169,906905.61383,1566.55969,6837.00000,296319.05803,9830022.04030,3135.28660,0.01058,9830022.04030,5157.54645,0.04483,0.00523
26420,"Houston-The Woodlands-Sugar Land, TX",16-19,1,FB,74.00000,4111.20309,300187.87592,547.89404,0.13327,300187.87592,901.28569,979.00000,44970.39649,3374447.78420,1836.96701,0.04085,3374447.78420,3021.81073,0.09142,0.01908
26420,"Houston-The Woodlands-Sugar Land, TX",20-24,0,NB,626.00000,34223.87031,2504063.00940,1582.42314,0.04624,2504063.00940,2603.08607,6976.00000,346704.38926,9722990.73720,3118.17106,0.00899,9722990.73720,5129.39139,0.09871,0.00736
26420,"Houston-The Woodlands-Sugar Land, TX",20-24,1,FB,224.00000,11600.76655,738461.99486,859.33811,0.07408,738461.99486,1413.61120,1720.00000,89276.95302,4874617.32810,2207.85356,0.02473,4874617.32810,3631.91910,0.12994,0.01493
26900,"Indianapolis-Carmel-Anderson, IN",16-19,0,NB,82.00000,3681.66773,290595.76724,539.06935,0.14642,290595.76724,886.76909,2456.00000,92797.89606,2156607.51850,1468.53925,0.01583,2156607.51850,2415.74706,0.03967,0.00950
26900,"Indianapolis-Carmel-Anderson, IN",16-19,1,FB,5.00000,312.54116,12189.87330,110.40776,0.35326,12189.87330,181.62076,94.00000,3976.76952,212817.88473,461.32189,0.11600,212817.88473,758.87451,0.07859,0.04314
26900,"Indianapolis-Carmel-Anderson, IN",20-24,0,NB,268.00000,11876.89024,892573.81958,944.76125,0.07955,892573.81958,1554.13226,2895.00000,117948.97318,1399015.16640,1182.79972,0.01003,1399015.16640,1945.70553,0.10070,0.01307
26900,"Indianapolis-Carmel-Anderson, IN",20-24,1,FB,15.00000,1130.34054,97608.82883,312.42412,0.27640,97608.82883,513.93767,159.00000,8665.72769,789738.94162,888.67257,0.10255,789738.94162,1461.86638,0.13044,0.05507
27140,"Jackson, MS",16-19,0,NB,70.00000,2996.32921,164889.06942,406.06535,0.13552,164889.06942,667.97750,1088.00000,36017.66786,805027.55313,897.23328,0.02491,805027.55313,1475.94874,0.08319,0.01823
27140,"Jackson, MS",16-19,1,FB,,,,,,,,18.00000,572.28703,14591.18544,120.79398,0.21107,14591.18544,198.70610,,
27140,"Jackson, MS",20-24,0,NB,123.00000,4820.95913,268857.92648,518.51512,0.10755,268857.92648,852.95737,1084.00000,43688.76594,994959.51003,997.47657,0.02283,994959.51003,1640.84896,0.11035,0.01908
27140,"Jackson, MS",20-24,1,FB,,,,,,,,23.00000,1156.44418,75982.84807,275.64986,0.23836,75982.84807,453.44403,,
27260,"Jacksonville, FL",16-19,0,NB,88.00000,3780.18926,308161.32001,555.12280,0.14685,308161.32001,913.17700,1666.00000,66846.12404,1695122.85070,1301.96884,0.01948,1695122.85070,2141.73874,0.05655,0.01354
27260,"Jacksonville, FL",16-19,1,FB,,,,,,,,88.00000,3797.92357,253709.26530,503.69561,0.13262,253709.26530,828.57927,,
27260,"Jacksonville, FL",20-24,0,NB,237.00000,11155.20770,776989.85380,881.47028,0.07902,776989.85380,1450.01861,2023.00000,87943.87737,1782194.12540,1334.98844,0.01518,1782194.12540,2196.05598,0.12684,0.01618
27260,"Jacksonville, FL",20-24,1,FB,10.00000,523.51141,48243.45498,219.64393,0.41956,48243.45498,361.31426,115.00000,5362.46352,442989.58642,665.57463,0.12412,442989.58642,1094.87026,0.09763,0.06436
28140,"Kansas City, MO-KS",16-19,0,NB,100.00000,3889.55193,215491.96006,464.21112,0.11935,215491.96006,763.62729,2788.00000,99640.44891,2678863.00370,1636.72325,0.01643,2678863.00370,2692.40975,0.03904,0.00759
28140,"Kansas City, MO-KS",16-19,1,FB,10.00000,592.26527,37553.80263,193.78804,0.32720,37553.80263,318.78132,133.00000,5708.82597,343802.32210,586.34659,0.10271,343802.32210,964.54014,0.10375,0.05302
28140,"Kansas City, MO-KS",20-24,0,NB,221.00000,10590.32747,496475.17715,704.60995,0.06653,496475.17715,1159.08336,2879.00000,124867.55467,2110987.67920,1452.92384,0.01164,2110987.67920,2390.05971,0.08481,0.00914
28140,"Kansas City, MO-KS",20-24,1,FB,25.00000,1154.55997,66566.35048,258.00456,0.22347,66566.35048,424.41749,183.00000,8968.82962,538508.70023,733.83152,0.08182,538508.70023,1207.15285,0.12873,0.04404
28940,"Knoxville, TN",16-19,0,NB,65.00000,2994.13761,230092.67635,479.67976,0.16021,230092.67635,789.07321,1377.00000,46371.74114,875739.57646,935.80958,0.02018,875739.57646,1539.40676,0.06457,0.01688
28940,"Knoxville, TN",16-19,1,FB,8.00000,518.24569,31669.32188,177.95876,0.34339,31669.32188,292.74217,44.00000,2075.52391,149080.31685,386.10920,0.18603,149080.31685,635.14964,0.24969,0.11855
28940,"Knoxville, TN",20-24,0,NB,191.00000,9503.57317,497522.39681,705.35268,0.07422,497522.39681,1160.30515,1586.00000,66464.69645,942894.42462,971.02751,0.01461,942894.42462,1597.34025,0.14299,0.01712
28940,"Knoxville, TN",20-24,1,FB,,,,,,,,63.00000,2649.02520,139071.06450,372.92233,0.14078,139071.06450,613.45723,,
29460,"Lakeland-Winter Haven, FL",16-19,0,NB,52.00000,1717.35715,71084.45507,266.61668,0.15525,71084.45507,438.58444,962.00000,29898.95232,542913.68328,736.82677,0.02464,542913.68328,1212.08003,0.05744,0.01448
29460,"Lakeland-Winter Haven, FL",16-19,1,FB,6.00000,241.97655,10999.08564,104.87653,0.43342,10999.08564,172.52188,67.00000,2210.68651,144032.46477,379.51609,0.17167,144032.46477,624.30397,0.10946,0.07166
29460,"Lakeland-Winter Haven, FL",20-24,0,NB,136.00000,5843.99512,289199.07367,537.77233,0.09202,289199.07367,884.63547,982.00000,36659.63333,444826.47555,666.95313,0.01819,444826.47555,1097.13790,0.15941,0.02365
29460,"Lakeland-Winter Haven, FL",20-24,1,FB,8.00000,362.17775,28141.17248,167.75331,0.46318,28141.17248,275.95419,73.00000,2955.58512,165168.75120,406.40959,0.13751,165168.75120,668.54377,0.12254,0.08916
29820,"Las Vegas-Henderson-Paradise, NV",16-19,0,NB,141.00000,5240.23325,209524.96563,457.73897,0.08735,209524.96563,752.98061,2465.00000,89808.24482,1645388.44300,1282.72696,0.01428,1645388.44300,2110.08584,0.05835,0.00827
29820,"Las Vegas-Henderson-Paradise, NV",16-19,1,FB,30.00000,1235.53718,66405.28716,257.69223,0.20857,66405.28716,423.90372,326.00000,11821.35042,418800.98705,647.14835,0.05474,418800.98705,1064.55904,0.10452,0.03460
29820,"Las Vegas-Henderson-Paradise, NV",20-24,0,NB,311.00000,13676.30126,799109.94901,893.92950,0.06536,799109.94901,1470.51403,2733.00000,116375.14476,1972536.66890,1404.47024,0.01207,1972536.66890,2310.35355,0.11752,0.01242
29820,"Las Vegas-Henderson-Paradise, NV",20-24,1,FB,74.00000,3368.23318,252145.39621,502.14081,0.14908,252145.39621,826.02164,531.00000,22907.27097,1102237.01330,1049.87476,0.04583,1102237.01330,1727.04398,0.14704,0.03431
30780,"Little Rock-North Little Rock-Conway, AR",16-19,0,NB,38.00000,2006.12665,162547.91535,403.17231,0.20097,162547.91535,663.21846,856.00000,33801.56879,874202.85540,934.98816,0.02766,874202.85540,1538.05552,0.05935,0.01943
30780,"Little Rock-North Little Rock-Conway, AR",16-19,1,FB,,,,,,,,28.00000,2057.81319,177089.14407,420.81961,0.20450,177089.14407,692.24826,,
30780,"Little Rock-North Little Rock-Conway, AR",20-24,0,NB,92.00000,5179.23036,453573.24873,673.47847,0.13003,453573.24873,1107.87208,1026.00000,49569.02670,611752.32816,782.14598,0.01578,611752.32816,1286.63013,0.10449,0.02218
30780,"Little Rock-North Little Rock-Conway, AR",20-24,1,FB,7.00000,448.12523,32313.96985,179.76087,0.40114,32313.96985,295.70663,36.00000,1825.17955,133334.11387,365.14944,0.20006,133334.11387,600.67083,0.24552,0.14043
31080,"Los Angeles-Long Beach-Anaheim, CA",16-19,0,NB,768.00000,27432.31845,1116877.92360,1056.82445,0.03852,1116877.92360,1738.47622,20373.00000,640835.44867,12698567.77400,3563.50498,0.00556,12698567.77400,5861.96570,0.04281,0.00268
31080,"Los Angeles-Long Beach-Anaheim, CA",16-19,1,FB,226.00000,8113.95213,369287.14144,607.69000,0.07489,369287.14144,999.65006,3089.00000,95891.78410,4880501.60260,2209.18573,0.02304,4880501.60260,3634.11053,0.08462,0.00992
31080,"Los Angeles-Long Beach-Anaheim, CA",20-24,0,NB,1706.00000,67471.44533,4221179.79100,2054.55100,0.03045,4221179.79100,3379.73639,22801.00000,819707.21831,11000169.32100,3316.65032,0.00405,11000169.32100,5455.88977,0.08231,0.00409
31080,"Los Angeles-Long Beach-Anaheim, CA",20-24,1,FB,599.00000,22157.42429,1027794.25160,1013.80188,0.04575,1027794.25160,1667.70409,5392.00000,192905.66954,8910955.14940,2985.12230,0.01547,8910955.14940,4910.52618,0.11486,0.00814
31140,"Louisville/Jefferson County, KY-IN",16-19,0,NB,64.00000,2335.94965,117317.91555,342.51703,0.14663,117317.91555,563.44051,1916.00000,57964.52326,930283.86664,964.51224,0.01664,930283.86664,1586.62264,0.04030,0.00966
31140,"Louisville/Jefferson County, KY-IN",16-19,1,FB,,,,,,,,62.00000,2715.64210,208296.05009,456.39462,0.16806,208296.05009,750.76915,,
31140,"Louisville/Jefferson County, KY-IN",20-24,0,NB,165.00000,7735.61809,506362.64573,711.59163,0.09199,506362.64573,1170.56823,1954.00000,75362.06495,1050098.01490,1024.74290,0.01360,1050098.01490,1685.70207,0.10265,0.01536
31140,"Louisville/Jefferson County, KY-IN",20-24,1,FB,9.00000,476.09437,37482.43415,193.60381,0.40665,37482.43415,318.47826,89.00000,4934.26210,299639.31839,547.39320,0.11094,299639.31839,900.46182,0.09649,0.06210
31540,"Madison, WI",16-19,0,NB,,,,,,,,665.00000,25792.70155,853985.43125,924.11332,0.03583,853985.43125,1520.16641,,
31540,"Madison, WI",16-19,1,FB,,,,,,,,37.00000,1601.76158,97142.53574,311.67697,0.19458,97142.53574,512.70862,,
31540,"Madison, WI",20-24,0,NB,14.00000,1084.97597,112709.42032,335.72224,0.30943,112709.42032,552.26308,700.00000,47211.51204,897543.61767,947.38779,0.02007,897543.61767,1558.45291,0.02298,0.01167
31540,"Madison, WI",20-24,1,FB,,,,,,,,65.00000,4657.56920,569254.27406,754.48941,0.16199,569254.27406,1241.13508,,
32580,"McAllen-Edinburg-Mission, TX",16-19,0,NB,67.00000,3455.63874,214936.95119,463.61293,0.13416,214936.95119,762.64327,1018.00000,47787.33601,995113.06154,997.55354,0.02087,995113.06154,1640.97557,0.07231,0.01576
32580,"McAllen-Edinburg-Mission, TX",16-19,1,FB,27.00000,1335.14323,75337.52011,274.47681,0.20558,75337.52011,451.51436,141.00000,7161.25446,563024.62526,750.34967,0.10478,563024.62526,1234.32521,0.18644,0.05425
32580,"McAllen-Edinburg-Mission, TX",20-24,0,NB,120.00000,6970.63265,532630.33764,729.81528,0.10470,532630.33764,1200.54613,945.00000,49549.85103,1263876.91850,1124.22281,0.02269,1263876.91850,1849.34652,0.14068,0.02365
32580,"McAllen-Edinburg-Mission, TX",20-24,1,FB,72.00000,4797.22071,375068.65165,612.42849,0.12766,375068.65165,1007.44486,245.00000,14495.24325,786418.96317,886.80266,0.06118,786418.96317,1458.79038,0.33095,0.06100
32820,"Memphis, TN-MS-AR",16-19,0,NB,116.00000,5067.97135,325157.44973,570.22579,0.11252,325157.44973,938.02142,1765.00000,67880.56089,1170203.38180,1081.75939,0.01594,1170203.38180,1779.49420,0.07466,0.01368
32820,"Memphis, TN-MS-AR",16-19,1,FB,6.00000,299.02644,18597.43858,136.37243,0.45605,18597.43858,224.33264,36.00000,1753.04485,126653.98718,355.88479,0.20301,126653.98718,585.43049,0.17058,0.11459
32820,"Memphis, TN-MS-AR",20-24,0,NB,259.00000,13166.09421,883127.74097,939.74876,0.07138,883127.74097,1545.88672,1931.00000,85841.71032,1239528.16820,1113.34099,0.01297,1239528.16820,1831.44593,0.15338,0.01771
32820,"Memphis, TN-MS-AR",20-24,1,FB,12.00000,469.02269,17844.02508,133.58153,0.28481,17844.02508,219.74162,96.00000,3789.86088,288613.54263,537.22765,0.14175,288613.54263,883.73948,0.12376,0.05029
33100,"Miami-Fort Lauderdale-West Palm Beach, FL",16-19,0,NB,195.00000,8035.58193,583850.34817,764.10101,0.09509,583850.34817,1256.94616,6218.00000,219366.02246,4228812.23140,2056.40760,0.00937,4228812.23140,3382.79051,0.03663,0.00570
33100,"Miami-Fort Lauderdale-West Palm Beach, FL",16-19,1,FB,102.00000,4849.04202,289371.52684,537.93264,0.11094,289371.52684,884.89920,1553.00000,59565.02285,3001557.99320,1732.50050,0.02909,3001557.99320,2849.96333,0.08141,0.01434
33100,"Miami-Fort Lauderdale-West Palm Beach, FL",20-24,0,NB,587.00000,26930.14179,1834491.21660,1354.43391,0.05029,1834491.21660,2228.04378,6599.00000,273313.20675,5816835.49800,2411.81166,0.00882,5816835.49800,3967.43019,0.09853,0.00803
33100,"Miami-Fort Lauderdale-West Palm Beach, FL",20-24,1,FB,234.00000,11660.58340,935613.92613,967.27138,0.08295,935613.92613,1591.16142,2392.00000,106676.78964,4956737.79820,2226.37324,0.02087,4956737.79820,3662.38398,0.10931,0.01444
33340,"Milwaukee-Waukesha-West Allis, WI",16-19,0,NB,48.00000,2742.91771,222861.67527,472.08228,0.17211,222861.67527,776.57534,1709.00000,80677.17040,2280954.52540,1510.28293,0.01872,2280954.52540,2484.41542,0.03400,0.00957
33340,"Milwaukee-Waukesha-West Allis, WI",16-19,1,FB,,,,,,,,90.00000,4404.01940,316226.92574,562.34058,0.12769,316226.92574,925.05025,,
33340,"Milwaukee-Waukesha-West Allis, WI",20-24,0,NB,139.00000,9391.87291,755393.28143,869.13364,0.09254,755393.28143,1429.72484,1854.00000,99344.64403,2594182.54340,1610.64662,0.01621,2594182.54340,2649.51369,0.09454,0.01417
33340,"Milwaukee-Waukesha-West Allis, WI",20-24,1,FB,8.00000,716.05899,87784.43013,296.28437,0.41377,87784.43013,487.38779,134.00000,6899.89397,345402.45220,587.70950,0.08518,345402.45220,966.78212,0.10378,0.06912
33460,"Minneapolis-St. Paul-Bloomington, MN-WI",16-19,0,NB,51.00000,2872.61077,127795.68188,357.48522,0.12445,127795.68188,588.06319,3692.00000,166278.79659,5075165.04230,2252.81270,0.01355,5075165.04230,3705.87688,0.01728,0.00352
33460,"Minneapolis-St. Paul-Bloomington, MN-WI",16-19,1,FB,9.00000,663.11482,46503.23206,215.64608,0.32520,46503.23206,354.73780,251.00000,13509.72480,973411.67192,986.61627,0.07303,973411.67192,1622.98377,0.04908,0.02559
33460,"Minneapolis-St. Paul-Bloomington, MN-WI",20-24,0,NB,167.00000,12142.73528,1243331.22030,1115.04763,0.09183,1243331.22030,1834.25335,3653.00000,193544.13020,4889487.60030,2211.21858,0.01142,4889487.60030,3637.45456,0.06274,0.00940
33460,"Minneapolis-St. Paul-Bloomington, MN-WI",20-24,1,FB,45.00000,4129.08452,264689.07441,514.47942,0.12460,264689.07441,846.31865,387.00000,26176.78767,2474158.35030,1572.94576,0.06009,2474158.35030,2587.49577,0.15774,0.02832
34980,"Nashville-Davidson--Murfreesboro--Franklin, TN",16-19,0,NB,97.00000,3792.91360,194378.50725,440.88378,0.11624,194378.50725,725.25382,2766.00000,90040.82986,2244090.82820,1498.02898,0.01664,2244090.82820,2464.25767,0.04212,0.00797
34980,"Nashville-Davidson--Murfreesboro--Franklin, TN",16-19,1,FB,9.00000,497.42038,34601.17326,186.01391,0.37396,34601.17326,305.99288,152.00000,6932.89018,414293.87508,643.65664,0.09284,414293.87508,1058.81518,0.07175,0.04275
34980,"Nashville-Davidson--Murfreesboro--Franklin, TN",20-24,0,NB,259.00000,11187.60416,485344.21083,696.66650,0.06227,485344.21083,1146.01639,2945.00000,122576.56045,1795820.31880,1340.08221,0.01093,1795820.31880,2204.43523,0.09127,0.00920
34980,"Nashville-Davidson--Murfreesboro--Franklin, TN",20-24,1,FB,29.00000,1555.43684,89706.53598,299.51049,0.19256,89706.53598,492.69476,200.00000,8841.99461,557966.04498,746.97125,0.08448,557966.04498,1228.76770,0.17591,0.05007
35300,"New Haven-Milford, CT",16-19,0,NB,29.00000,1198.33915,74388.35154,272.74228,0.22760,74388.35154,448.66105,1360.00000,46441.28863,809051.82014,899.47308,0.01937,809051.82014,1479.63322,0.02580,0.00963
35300,"New Haven-Milford, CT",16-19,1,FB,,,,,,,,81.00000,2683.45087,168269.78798,410.20701,0.15287,168269.78798,674.79053,,
35300,"New Haven-Milford, CT",20-24,0,NB,85.00000,4760.35814,413642.90127,643.15076,0.13511,413642.90127,1057.98300,1436.00000,53246.30466,1010738.98890,1005.35516,0.01888,1010738.98890,1653.80923,0.08940,0.01967
35300,"New Haven-Milford, CT",20-24,1,FB,8.00000,463.50110,38133.24369,195.27735,0.42131,38133.24369,321.23124,165.00000,6546.02242,327487.47617,572.26521,0.08742,327487.47617,941.37628,0.07081,0.04800
35380,"New Orleans-Metairie, LA",16-19,0,NB,77.00000,2870.97679,129346.80014,359.64816,0.12527,129346.80014,591.62123,1717.00000,59100.33046,1397101.89630,1181.99065,0.02000,1397101.89630,1944.37462,0.04858,0.00988
35380,"New Orleans-Metairie, LA",16-19,1,FB,,,,,,,,56.00000,2177.32610,95166.51431,308.49070,0.14168,95166.51431,507.46721,,
35380,"New Orleans-Metairie, LA",20-24,0,NB,208.00000,8991.96853,494536.79776,703.23310,0.07821,494536.79776,1156.81846,2188.00000,79367.99538,1277040.84840,1130.06232,0.01424,1277040.84840,1858.95252,0.11329,0.01433
35380,"New Orleans-Metairie, LA",20-24,1,FB,13.00000,1053.58538,114929.48650,339.01252,0.32177,114929.48650,557.67559,121.00000,4951.48316,328762.95788,573.37855,0.11580,328762.95788,943.20771,0.21278,0.10508
35620,"New York-Newark-Jersey City, NY-NJ-PA",16-19,0,NB,671.00000,28386.63853,1509394.87590,1228.57433,0.04328,1509394.87590,2021.00477,25128.00000,861682.87463,29032780.48200,5388.20754,0.00625,29032780.48200,8863.60140,0.03294,0.00232
35620,"New York-Newark-Jersey City, NY-NJ-PA",16-19,1,FB,204.00000,9507.77063,525488.61641,724.90594,0.07624,525488.61641,1192.47027,3640.00000,138458.47571,8315730.17110,2883.70078,0.02083,8315730.17110,4743.68778,0.06867,0.00828
35620,"New York-Newark-Jersey City, NY-NJ-PA",20-24,0,NB,1707.00000,83101.22126,5805804.61920,2409.52373,0.02900,5805804.61920,3963.66654,28290.00000,1073171.48780,21279655.36000,4612.98768,0.00430,21279655.36000,7588.36474,0.07744,0.00365
35620,"New York-Newark-Jersey City, NY-NJ-PA",20-24,1,FB,600.00000,29989.22116,2004572.43940,1415.82924,0.04721,2004572.43940,2329.03910,6973.00000,299656.88466,12842112.34300,3583.58931,0.01196,12842112.34300,5895.00442,0.10008,0.00752
35840,"North Port-Sarasota-Bradenton, FL",16-19,0,NB,31.00000,1428.77380,87264.22743,295.40519,0.20675,87264.22743,485.94154,721.00000,26498.96220,686510.53135,828.55931,0.03127,686510.53135,1362.98007,0.05392,0.01813
35840,"North Port-Sarasota-Bradenton, FL",16-19,1,FB,,,,,,,,61.00000,2272.91853,134199.18334,366.33207,0.16117,134199.18334,602.61625,,
35840,"North Port-Sarasota-Bradenton, FL",20-24,0,NB,54.00000,2529.37961,277163.57694,526.46327,0.20814,277163.57694,866.03208,772.00000,31685.34799,896899.82747,947.04795,0.02989,896899.82747,1557.89388,0.07983,0.02705
35840,"North Port-Sarasota-Bradenton, FL",20-24,1,FB,13.00000,623.65901,50437.60212,224.58317,0.36011,50437.60212,369.43932,92.00000,5020.80385,411485.02992,641.47099,0.12776,411485.02992,1055.21978,0.12421,0.06879
36260,"Ogden-Clearfield, UT",16-19,0,NB,24.00000,999.04874,47126.93054,217.08738,0.21729,47126.93054,357.10874,791.00000,31862.00109,702724.78973,838.28682,0.02631,702724.78973,1378.98182,0.03136,0.01113
36260,"Ogden-Clearfield, UT",16-19,1,FB,,,,,,,,26.00000,982.95169,65274.84058,255.48941,0.25992,65274.84058,420.28009,,
36260,"Ogden-Clearfield, UT",20-24,0,NB,46.00000,2150.29228,140226.23996,374.46794,0.17415,140226.23996,615.99977,812.00000,36380.87592,440310.08175,663.55865,0.01824,440310.08175,1091.55398,0.05911,0.01684
36260,"Ogden-Clearfield, UT",20-24,1,FB,,,,,,,,30.00000,1607.26193,111679.65654,334.18506,0.20792,111679.65654,549.73443,,
36420,"Oklahoma City, OK",16-19,0,NB,74.00000,3683.45935,300557.54046,548.23128,0.14884,300557.54046,901.84046,1696.00000,68171.03317,3132446.63480,1769.87193,0.02596,3132446.63480,2911.43932,0.05403,0.01303
36420,"Oklahoma City, OK",16-19,1,FB,9.00000,388.88885,13393.55503,115.73053,0.29759,13393.55503,190.37672,118.00000,6780.85542,437875.24542,661.72143,0.09759,437875.24542,1088.53175,0.05735,0.02652
36420,"Oklahoma City, OK",20-24,0,NB,131.00000,7716.70168,730199.22139,854.51695,0.11074,730199.22139,1405.68039,1833.00000,96652.22081,2179582.56250,1476.34094,0.01527,2179582.56250,2428.58084,0.07984,0.01440
36420,"Oklahoma City, OK",20-24,1,FB,17.00000,765.58911,36043.34679,189.85085,0.24798,36043.34679,312.30465,182.00000,9359.36017,692085.31864,831.91665,0.08889,692085.31864,1368.50290,0.08180,0.03115
36540,"Omaha-Council Bluffs, NE-IA",16-19,0,NB,24.00000,1241.25318,75436.36485,274.65681,0.22127,75436.36485,451.81046,1360.00000,49652.82998,1824985.29910,1350.92017,0.02721,1824985.29910,2222.26368,0.02500,0.00903
36540,"Omaha-Council Bluffs, NE-IA",16-19,1,FB,,,,,,,,85.00000,2978.42253,160767.41899,400.95813,0.13462,160767.41899,659.57612,,
36540,"Omaha-Council Bluffs, NE-IA",20-24,0,NB,73.00000,3296.55390,212942.21784,461.45663,0.13998,212942.21784,759.09615,1368.00000,58846.01708,1160171.28950,1077.11248,0.01830,1160171.28950,1771.85003,0.05602,0.01279
36540,"Omaha-Council Bluffs, NE-IA",20-24,1,FB,11.00000,1004.96511,109571.22176,331.01544,0.32938,109571.22176,544.52040,76.00000,4304.28503,385340.35205,620.75789,0.14422,385340.35205,1021.14672,0.23348,0.11374
36740,"Orlando-Kissimmee-Sanford, FL",16-19,0,NB,103.00000,4331.84504,311249.14357,557.89707,0.12879,311249.14357,917.74068,2975.00000,109835.65725,3207052.29300,1790.82447,0.01630,3207052.29300,2945.90626,0.03944,0.00829
36740,"Orlando-Kissimmee-Sanford, FL",16-19,1,FB,16.00000,800.35862,49865.01229,223.30475,0.27901,49865.01229,367.33632,295.00000,12539.74311,949445.47369,974.39493,0.07770,949445.47369,1602.87965,0.06383,0.02813
36740,"Orlando-Kissimmee-Sanford, FL",20-24,0,NB,202.00000,11954.28621,1069496.68490,1034.16473,0.08651,1069496.68490,1701.20098,3304.00000,153015.54280,2557715.13170,1599.28582,0.01045,2557715.13170,2630.82517,0.07812,0.01104
36740,"Orlando-Kissimmee-Sanford, FL",20-24,1,FB,43.00000,2507.65192,219631.06899,468.64813,0.18689,219631.06899,770.92617,416.00000,22602.54842,1534715.95410,1238.83653,0.05481,1534715.95410,2037.88610,0.11095,0.03261
37100,"Oxnard-Thousand Oaks-Ventura, CA",16-19,0,NB,25.00000,883.20851,40033.51148,200.08376,0.22654,40033.51148,329.13779,1318.00000,43168.34714,745475.42677,863.40919,0.02000,745475.42677,1420.30812,0.02046,0.00759
37100,"Oxnard-Thousand Oaks-Ventura, CA",16-19,1,FB,10.00000,447.67497,30321.36662,174.13032,0.38897,30321.36662,286.44437,108.00000,3641.48698,224286.24666,473.58869,0.13005,224286.24666,779.05339,0.12294,0.07413
37100,"Oxnard-Thousand Oaks-Ventura, CA",20-24,0,NB,67.00000,3058.48159,223036.42318,472.26732,0.15441,223036.42318,776.87974,1378.00000,52130.25818,801695.56523,895.37454,0.01718,801695.56523,1472.89112,0.05867,0.01481
37100,"Oxnard-Thousand Oaks-Ventura, CA",20-24,1,FB,40.00000,1480.87820,115340.05515,339.61751,0.22934,115340.05515,558.67081,259.00000,10317.95474,523710.20719,723.67825,0.07014,523710.20719,1190.45072,0.14352,0.05155
37340,"Palm Bay-Melbourne-Titusville, FL",16-19,0,NB,24.00000,1168.07372,104401.62815,323.11241,0.27662,104401.62815,531.51991,696.00000,26303.90680,513767.26359,716.77560,0.02725,513767.26359,1179.09587,0.04441,0.02011
37340,"Palm Bay-Melbourne-Titusville, FL",16-19,1,FB,,,,,,,,34.00000,752.49227,28103.26152,167.64027,0.22278,28103.26152,275.76825,,
37340,"Palm Bay-Melbourne-Titusville, FL",20-24,0,NB,51.00000,3241.87241,275760.18351,525.12873,0.16198,275760.18351,863.83676,631.00000,28513.39692,405189.88611,636.54527,0.02232,405189.88611,1047.11698,0.11370,0.03001
37340,"Palm Bay-Melbourne-Titusville, FL",20-24,1,FB,6.00000,276.08382,15535.55089,124.64169,0.45146,15535.55089,205.03558,53.00000,2086.89482,153134.43815,391.32396,0.18751,153134.43815,643.72791,0.13229,0.08937
37980,"Philadelphia-Camden-Wilmington, PA-NJ-DE-MD",16-19,0,NB,199.00000,11613.78343,903757.42149,950.66157,0.08186,903757.42149,1563.83828,8280.00000,305812.17141,6469371.46800,2543.49591,0.00832,6469371.46800,4184.05078,0.03798,0.00509
37980,"Philadelphia-Camden-Wilmington, PA-NJ-DE-MD",16-19,1,FB,20.00000,1488.02401,124561.59093,352.93284,0.23718,124561.59093,580.57453,508.00000,20625.19787,1154679.05360,1074.55993,0.05210,1154679.05360,1767.65109,0.07215,0.02746
37980,"Philadelphia-Camden-Wilmington, PA-NJ-DE-MD",20-24,0,NB,582.00000,37326.03688,3289624.30450,1813.73215,0.04859,3289624.30450,2983.58938,9317.00000,393510.98905,6355255.06660,2520.96312,0.00641,6355255.06660,4146.98434,0.09485,0.00752
37980,"Philadelphia-Camden-Wilmington, PA-NJ-DE-MD",20-24,1,FB,55.00000,3315.99465,331994.15206,576.18934,0.17376,331994.15206,947.83146,762.00000,35837.26470,2888477.42100,1699.55212,0.04742,2888477.42100,2795.76324,0.09253,0.02544
38060,"Phoenix-Mesa-Scottsdale, AZ",16-19,0,NB,261.00000,10725.10608,721931.68219,849.66563,0.07922,721931.68219,1397.69996,5840.00000,215216.16681,5324607.12310,2307.51102,0.01072,5324607.12310,3795.85563,0.04983,0.00643
38060,"Phoenix-Mesa-Scottsdale, AZ",16-19,1,FB,45.00000,1852.22601,85294.45497,292.05214,0.15768,85294.45497,480.42578,540.00000,19666.55445,1041381.53200,1020.48103,0.05189,1041381.53200,1678.69129,0.09418,0.02307
38060,"Phoenix-Mesa-Scottsdale, AZ",20-24,0,NB,635.00000,30292.94786,1973803.83040,1404.92129,0.04638,1973803.83040,2311.09552,6267.00000,265202.75832,5448559.00360,2334.21486,0.00880,5448559.00360,3839.78344,0.11423,0.00856
38060,"Phoenix-Mesa-Scottsdale, AZ",20-24,1,FB,182.00000,8836.00683,521108.62185,721.87854,0.08170,521108.62185,1187.49019,976.00000,39940.29518,1920375.46690,1385.77612,0.03470,1920375.46690,2279.60172,0.22123,0.02692
38300,"Pittsburgh, PA",16-19,0,NB,77.00000,2850.22408,174497.68615,417.72920,0.14656,174497.68615,687.16454,3542.00000,111012.97181,1703258.48920,1305.08946,0.01176,1703258.48920,2146.87216,0.02567,0.00617
38300,"Pittsburgh, PA",16-19,1,FB,,,,,,,,99.00000,3003.71401,175779.63834,419.26082,0.13958,175779.63834,689.68406,,
38300,"Pittsburgh, PA",20-24,0,NB,259.00000,10813.26564,500133.32028,707.20105,0.06540,500133.32028,1163.34572,3953.00000,143075.00609,1419944.27610,1191.61415,0.00833,1419944.27610,1960.20527,0.07558,0.00806
38300,"Pittsburgh, PA",20-24,1,FB,5.00000,184.34020,11628.39528,107.83504,0.58498,11628.39528,177.38864,157.00000,5825.26895,426589.44105,653.13815,0.11212,426589.44105,1074.41225,0.03164,0.02989
38900,"Portland-Vancouver-Hillsboro, OR-WA",16-19,0,NB,100.00000,4330.47939,272813.02133,522.31506,0.12061,272813.02133,859.20827,3103.00000,104096.08775,2467592.32930,1570.85720,0.01509,2467592.32930,2584.06009,0.04160,0.00819
38900,"Portland-Vancouver-Hillsboro, OR-WA",16-19,1,FB,19.00000,1167.08453,104371.60568,323.06595,0.27681,104371.60568,531.44348,273.00000,10637.67874,608310.28838,779.94249,0.07332,608310.28838,1283.00540,0.10971,0.04817
38900,"Portland-Vancouver-Hillsboro, OR-WA",20-24,0,NB,268.00000,13336.01961,889232.38950,942.99119,0.07071,889232.38950,1551.22051,3264.00000,129614.28917,2843738.43900,1686.33877,0.01301,2843738.43900,2774.02727,0.10289,0.01176
38900,"Portland-Vancouver-Hillsboro, OR-WA",20-24,1,FB,39.00000,2092.64868,111288.89964,333.59991,0.15942,111288.89964,548.77185,414.00000,18948.62901,1646002.04520,1282.96611,0.06771,1646002.04520,2110.47925,0.11044,0.02622
39300,"Providence-Warwick, RI-MA",16-19,0,NB,80.00000,3506.01137,254869.50642,504.84602,0.14399,254869.50642,830.47171,2751.00000,86146.98731,1945397.65470,1394.77513,0.01619,1945397.65470,2294.40508,0.04070,0.00958
39300,"Providence-Warwick, RI-MA",16-19,1,FB,7.00000,347.93158,19462.53775,139.50820,0.40096,19462.53775,229.49099,206.00000,6605.84459,309861.64499,556.65218,0.08427,309861.64499,915.69283,0.05267,0.03396
39300,"Providence-Warwick, RI-MA",20-24,0,NB,199.00000,8475.90835,370365.90421,608.57695,0.07180,370365.90421,1001.10908,3166.00000,111571.69735,1805247.49790,1343.59499,0.01204,1805247.49790,2210.21376,0.07597,0.00885
39300,"Providence-Warwick, RI-MA",20-24,1,FB,29.00000,1721.25552,109092.73734,330.29190,0.19189,109092.73734,543.33017,314.00000,12200.15063,693124.90831,832.54124,0.06824,693124.90831,1369.53033,0.14108,0.04162
39340,"Provo-Orem, UT",16-19,0,NB,19.00000,710.05444,59003.97756,242.90734,0.34210,59003.97756,399.58258,1311.00000,38374.84487,498988.58989,706.39124,0.01841,498988.58989,1162.01360,0.01850,0.01040
39340,"Provo-Orem, UT",16-19,1,FB,5.00000,125.42651,5253.12066,72.47842,0.57786,5253.12066,119.22699,70.00000,1992.09807,68929.30329,262.54391,0.13179,68929.30329,431.88473,0.06296,0.05827
39340,"Provo-Orem, UT",20-24,0,NB,57.00000,2854.99934,257117.27872,507.06733,0.17761,257117.27872,834.12576,1528.00000,64563.77186,414130.55319,643.52976,0.00997,414130.55319,1058.60646,0.04422,0.01290
39340,"Provo-Orem, UT",20-24,1,FB,,,,,,,,97.00000,4149.06697,180284.27311,424.59896,0.10234,180284.27311,698.46528,,
39580,"Raleigh, NC",16-19,0,NB,43.00000,1853.89858,150571.86145,388.03590,0.20931,150571.86145,638.31906,1707.00000,64441.81731,2007003.64990,1416.68756,0.02198,2007003.64990,2330.45104,0.02877,0.00985
39580,"Raleigh, NC",16-19,1,FB,,,,,,,,116.00000,5406.42745,291242.76975,539.66913,0.09982,291242.76975,887.75572,,
39580,"Raleigh, NC",20-24,0,NB,100.00000,4794.81183,403389.90165,635.12983,0.13246,403389.90165,1044.78857,1717.00000,71878.47418,1596586.68710,1263.56111,0.01758,1596586.68710,2078.55803,0.06671,0.01441
39580,"Raleigh, NC",20-24,1,FB,20.00000,1392.31225,96162.64027,310.10102,0.22272,96162.64027,510.11617,183.00000,10295.47173,479969.36897,692.79822,0.06729,479969.36897,1139.65307,0.13524,0.04723
40060,"Richmond, VA",16-19,0,NB,53.00000,2367.16673,105968.13492,325.52747,0.13752,105968.13492,535.49269,1746.00000,61410.85490,1701503.10050,1304.41677,0.02124,1701503.10050,2145.76558,0.03855,0.00862
40060,"Richmond, VA",16-19,1,FB,,,,,,,,110.00000,4458.42143,290657.22159,539.12635,0.12092,290657.22159,886.86285,,
40060,"Richmond, VA",20-24,0,NB,149.00000,7238.12220,434554.86793,659.20776,0.09107,434554.86793,1084.39676,2055.00000,80080.69058,1376784.36860,1173.36455,0.01465,1376784.36860,1930.18469,0.09039,0.01336
40060,"Richmond, VA",20-24,1,FB,11.00000,359.37583,19466.46027,139.52226,0.38823,19466.46027,229.51411,159.00000,5738.70312,355771.52483,596.46586,0.10394,355771.52483,981.18634,0.06262,0.03853
40140,"Riverside-San Bernardino-Ontario, CA",16-19,0,NB,327.00000,13781.97014,746101.64607,863.77176,0.06267,746101.64607,1420.90454,6672.00000,255585.76535,4977017.17240,2230.92294,0.00873,4977017.17240,3669.86824,0.05392,0.00551
40140,"Riverside-San Bernardino-Ontario, CA",16-19,1,FB,56.00000,2116.98319,102121.30785,319.56425,0.15095,102121.30785,525.68319,662.00000,23510.57687,1274301.75130,1128.84975,0.04801,1274301.75130,1856.95783,0.09004,0.02120
40140,"Riverside-San Bernardino-Ontario, CA",20-24,0,NB,831.00000,38743.56421,1890792.85370,1375.06104,0.03549,1890792.85370,2261.97540,7251.00000,311970.98149,5608211.33060,2368.16624,0.00759,5608211.33060,3895.63346,0.12419,0.00708
40140,"Riverside-San Bernardino-Ontario, CA",20-24,1,FB,130.00000,5114.42334,273089.22232,522.57939,0.10218,273089.22232,859.64310,947.00000,38276.69480,2784669.28150,1668.73284,0.04360,2784669.28150,2745.06552,0.13362,0.02031
40380,"Rochester, NY",16-19,0,NB,68.00000,2083.09021,73484.20899,271.07971,0.13013,73484.20899,445.92612,2225.00000,61330.78290,726414.20930,852.29937,0.01390,726414.20930,1402.03246,0.03396,0.00723
40380,"Rochester, NY",16-19,1,FB,,,,,,,,122.00000,3471.74226,163409.89851,404.23990,0.11644,163409.89851,664.97464,,
40380,"Rochester, NY",20-24,0,NB,161.00000,6371.11163,239898.93253,489.79479,0.07688,239898.93253,805.71242,2373.00000,77796.12194,983452.74776,991.69186,0.01275,983452.74776,1631.33311,0.08189,0.01021
40380,"Rochester, NY",20-24,1,FB,9.00000,545.76631,43382.46834,208.28458,0.38164,43382.46834,342.62814,189.00000,5988.66030,416415.44260,645.30260,0.10775,416415.44260,1061.52277,0.09113,0.05488
40900,"Sacramento--Roseville--Arden-Arcade, CA",16-19,0,NB,110.00000,4198.37036,192671.81346,438.94398,0.10455,192671.81346,722.06284,3313.00000,110994.86253,2189482.08030,1479.68986,0.01333,2189482.08030,2434.08982,0.03782,0.00645
40900,"Sacramento--Roseville--Arden-Arcade, CA",16-19,1,FB,19.00000,657.42097,34681.90599,186.23079,0.28327,34681.90599,306.34964,359.00000,12165.29311,724768.26705,851.33323,0.06998,724768.26705,1400.44316,0.05404,0.02440
40900,"Sacramento--Roseville--Arden-Arcade, CA",20-24,0,NB,299.00000,15193.75626,1019171.45490,1009.54022,0.06644,1019171.45490,1660.69366,3454.00000,143203.65848,3226720.48140,1796.30746,0.01254,3226720.48140,2954.92577,0.10610,0.01139
40900,"Sacramento--Roseville--Arden-Arcade, CA",20-24,1,FB,48.00000,2138.54148,129536.80543,359.91222,0.16830,129536.80543,592.05560,568.00000,23856.92816,1491974.43590,1221.46405,0.05120,1491974.43590,2009.30837,0.08964,0.02364
41180,"St. Louis, MO-IL",16-19,0,NB,137.00000,5634.17320,336735.12851,580.28883,0.10299,336735.12851,954.57513,3912.00000,139970.40363,2386904.84160,1544.96111,0.01104,2386904.84160,2541.46103,0.04025,0.00678
41180,"St. Louis, MO-IL",16-19,1,FB,,,,,,,,137.00000,4940.73879,339408.74209,582.58797,0.11792,339408.74209,958.35721,,
41180,"St. Louis, MO-IL",20-24,0,NB,377.00000,18484.83631,1514318.57110,1230.57652,0.06657,1514318.57110,2024.29838,4163.00000,179009.69537,1997768.78640,1413.42449,0.00790,1997768.78640,2325.08328,0.10326,0.01123
41180,"St. Louis, MO-IL",20-24,1,FB,15.00000,980.39713,84276.25420,290.30373,0.29611,84276.25420,477.54963,219.00000,9380.38594,521385.19929,722.07008,0.07698,521385.19929,1187.80528,0.10452,0.04916
41620,"Salt Lake City, UT",16-19,0,NB,40.00000,1687.93015,101358.04027,318.36778,0.18861,101358.04027,523.71499,1674.00000,59211.44159,1151013.96830,1072.85319,0.01812,1151013.96830,1764.84350,0.02851,0.00880
41620,"Salt Lake City, UT",16-19,1,FB,12.00000,552.37445,49349.38850,222.14722,0.40217,49349.38850,365.43218,147.00000,6461.08772,442741.11583,665.38794,0.10298,442741.11583,1094.56317,0.08549,0.05467
41620,"Salt Lake City, UT",20-24,0,NB,102.00000,5783.66094,521660.05097,722.26038,0.12488,521660.05097,1188.11832,1756.00000,76952.14678,1580602.34360,1257.22009,0.01634,1580602.34360,2068.12704,0.07516,0.01531
41620,"Salt Lake City, UT",20-24,1,FB,20.00000,1259.41702,113729.57689,337.23816,0.26777,113729.57689,554.75677,215.00000,10143.49575,890326.23429,943.57100,0.09302,890326.23429,1552.17430,0.12416,0.05128
41700,"San Antonio-New Braunfels, TX",16-19,0,NB,160.00000,6453.97076,428635.59032,654.70267,0.10144,428635.59032,1076.98590,3373.00000,122520.60344,2549848.83830,1596.82461,0.01303,2549848.83830,2626.77649,0.05268,0.00872
41700,"San Antonio-New Braunfels, TX",16-19,1,FB,10.00000,299.51900,9136.17776,95.58336,0.31912,9136.17776,157.23462,212.00000,8108.96294,501210.76789,707.96241,0.08731,501210.76789,1164.59816,0.03694,0.01865
41700,"San Antonio-New Braunfels, TX",20-24,0,NB,373.00000,15783.69437,980605.89498,990.25547,0.06274,980605.89498,1628.97025,3604.00000,151792.75908,2946712.03410,1716.59897,0.01131,2946712.03410,2823.80531,0.10398,0.01056
41700,"San Antonio-New Braunfels, TX",20-24,1,FB,49.00000,2136.65864,161426.70752,401.77943,0.18804,161426.70752,660.92716,422.00000,16953.12566,1085516.92430,1041.88143,0.06146,1085516.92430,1713.89496,0.12603,0.03684
41740,"San Diego-Carlsbad, CA",16-19,0,NB,127.00000,5200.13836,301087.91152,548.71478,0.10552,301087.91152,902.63582,4456.00000,159137.29545,4168370.29440,2041.65871,0.01283,4168370.29440,3358.52858,0.03268,0.00563
41740,"San Diego-Carlsbad, CA",16-19,1,FB,34.00000,1475.50841,83706.87301,289.32140,0.19608,83706.87301,475.93370,534.00000,20100.65679,1272736.13320,1128.15608,0.05613,1272736.13320,1855.81675,0.07341,0.02269
41740,"San Diego-Carlsbad, CA",20-24,0,NB,321.00000,14812.87934,838385.71764,915.63405,0.06181,838385.71764,1506.21802,5699.00000,229938.25860,5398220.08690,2323.40700,0.01010,5398220.08690,3822.00451,0.06442,0.00646
41740,"San Diego-Carlsbad, CA",20-24,1,FB,85.00000,4461.19190,329888.21613,574.35896,0.12875,329888.21613,944.82049,918.00000,41803.65179,3287366.69090,1813.10967,0.04337,3287366.69090,2982.56541,0.10672,0.02128
41860,"San Francisco-Oakland-Hayward, CA",16-19,0,NB,109.00000,4507.68074,223511.59405,472.77013,0.10488,223511.59405,777.70686,5209.00000,171126.33966,3576304.17770,1891.11189,0.01105,3576304.17770,3110.87906,0.02634,0.00452
41860,"San Francisco-Oakland-Hayward, CA",16-19,1,FB,29.00000,764.25651,25140.01219,158.55602,0.20746,25140.01219,260.82466,911.00000,30625.01609,1115427.58340,1056.13805,0.03449,1115427.58340,1737.34709,0.02496,0.00840
41860,"San Francisco-Oakland-Hayward, CA",20-24,0,NB,277.00000,13144.68824,755389.40457,869.13141,0.06612,755389.40457,1429.72117,5854.00000,224340.22935,5467282.20320,2338.22202,0.01042,5467282.20320,3846.37522,0.05859,0.00629
41860,"San Francisco-Oakland-Hayward, CA",20-24,1,FB,109.00000,5112.70044,240829.47937,490.74380,0.09599,240829.47937,807.27355,1502.00000,61734.38712,3935102.05190,1983.70917,0.03213,3935102.05190,3263.20158,0.08282,0.01232
41940,"San Jose-Sunnyvale-Santa Clara, CA",16-19,0,NB,40.00000,1601.55255,70449.58203,265.42340,0.16573,70449.58203,436.62150,2445.00000,74633.08695,1927459.68790,1388.32982,0.01860,1927459.68790,2283.80255,0.02146,0.00581
41940,"San Jose-Sunnyvale-Santa Clara, CA",16-19,1,FB,11.00000,301.52303,10951.32053,104.64856,0.34707,10951.32053,172.14688,435.00000,14293.37122,851208.49531,922.60961,0.06455,851208.49531,1517.69281,0.02110,0.01183
41940,"San Jose-Sunnyvale-Santa Clara, CA",20-24,0,NB,74.00000,2747.30639,182033.31527,426.65362,0.15530,182033.31527,701.84521,2508.00000,91495.32784,2379857.67250,1542.67873,0.01686,2379857.67250,2537.70652,0.03003,0.00763
41940,"San Jose-Sunnyvale-Santa Clara, CA",20-24,1,FB,31.00000,1280.39700,60923.01550,246.82588,0.19277,60923.01550,406.02857,684.00000,26974.74313,1883233.19370,1372.30944,0.05087,1883233.19370,2257.44903,0.04747,0.01452
42540,"Scranton--Wilkes-Barre--Hazleton, PA",16-19,0,NB,25.00000,757.29411,47699.96397,218.40321,0.28840,47699.96397,359.27329,932.00000,24791.89059,577630.64605,760.02016,0.03066,577630.64605,1250.23317,0.03055,0.01441
42540,"Scranton--Wilkes-Barre--Hazleton, PA",16-19,1,FB,,,,,,,,39.00000,1511.25844,70862.35512,266.19984,0.17614,70862.35512,437.89874,,
42540,"Scranton--Wilkes-Barre--Hazleton, PA",20-24,0,NB,74.00000,2931.38377,188408.11897,434.06004,0.14807,188408.11897,714.02877,930.00000,31610.62754,482431.39035,694.57281,0.02197,482431.39035,1142.57227,0.09273,0.02234
42540,"Scranton--Wilkes-Barre--Hazleton, PA",20-24,1,FB,7.00000,442.88389,41847.58607,204.56683,0.46190,41847.58607,336.51243,61.00000,2723.41754,115963.39492,340.53398,0.12504,115963.39492,560.17841,0.16262,0.11895
42660,"Seattle-Tacoma-Bellevue, WA",16-19,0,NB,117.00000,4651.81004,300243.70888,547.94499,0.11779,300243.70888,901.36950,4514.00000,151363.86538,3210539.77680,1791.79792,0.01184,3210539.77680,2947.50757,0.03073,0.00592
42660,"Seattle-Tacoma-Bellevue, WA",16-19,1,FB,22.00000,1174.44095,100452.20641,316.94196,0.26987,100452.20641,521.36953,518.00000,19945.82225,1196449.53700,1093.82336,0.05484,1196449.53700,1799.33942,0.05888,0.02559
42660,"Seattle-Tacoma-Bellevue, WA",20-24,0,NB,277.00000,12499.35411,1116156.00680,1056.48285,0.08452,1116156.00680,1737.91428,4945.00000,202808.99869,4168508.37620,2041.69253,0.01007,4168508.37620,3358.58421,0.06163,0.00851
42660,"Seattle-Tacoma-Bellevue, WA",20-24,1,FB,66.00000,3458.46660,227287.44438,476.74673,0.13785,227287.44438,784.24837,810.00000,38647.83717,2526337.08060,1589.44553,0.04113,2526337.08060,2614.63789,0.08949,0.01937
44060,"Spokane-Spokane Valley, WA",16-19,0,NB,41.00000,1310.81089,102971.15254,320.89118,0.24480,102971.15254,527.86600,1028.00000,29221.22016,537645.46720,733.24312,0.02509,537645.46720,1206.18493,0.04486,0.01797
44060,"Spokane-Spokane Valley, WA",16-19,1,FB,,,,,,,,42.00000,981.22181,37643.61626,194.01963,0.19773,37643.61626,319.16229,,
44060,"Spokane-Spokane Valley, WA",20-24,0,NB,112.00000,3966.30930,191775.96734,437.92233,0.11041,191775.96734,720.38223,1119.00000,40999.07231,709092.79297,842.07648,0.02054,709092.79297,1385.21580,0.09674,0.01726
44060,"Spokane-Spokane Valley, WA",20-24,1,FB,,,,,,,,74.00000,2526.00451,200196.24048,447.43295,0.17713,200196.24048,736.02719,,
44140,"Springfield, MA",16-19,0,NB,50.00000,2230.14101,133003.90552,364.69701,0.16353,133003.90552,599.92657,1147.00000,32226.05706,725217.56039,851.59706,0.02643,725217.56039,1400.87717,0.06920,0.01837
44140,"Springfield, MA",16-19,1,FB,5.00000,143.30830,7930.86222,89.05539,0.62143,7930.86222,146.49611,88.00000,2376.94620,122272.72165,349.67517,0.14711,122272.72165,575.21565,0.06029,0.05988
44140,"Springfield, MA",20-24,0,NB,95.00000,4960.23862,339437.25799,582.61244,0.11746,339437.25799,958.39747,1112.00000,40686.61373,809538.66556,899.74367,0.02211,809538.66556,1480.07833,0.12191,0.02313
44140,"Springfield, MA",20-24,1,FB,9.00000,392.37191,18605.97847,136.40373,0.34764,18605.97847,224.38414,98.00000,3661.16842,194586.41743,441.11950,0.12049,194586.41743,725.64159,0.10717,0.05749
44700,"Stockton-Lodi, CA",16-19,0,NB,67.00000,2510.13714,146703.44771,383.01886,0.15259,146703.44771,630.06603,1149.00000,38445.09911,839934.26563,916.47928,0.02384,839934.26563,1507.60841,0.06529,0.01619
44700,"Stockton-Lodi, CA",16-19,1,FB,15.00000,418.71894,17743.87963,133.20615,0.31813,17743.87963,219.12412,138.00000,5061.66649,271527.74541,521.08324,0.10295,271527.74541,857.18193,0.08272,0.04096
44700,"Stockton-Lodi, CA",20-24,0,NB,146.00000,5740.39511,341314.49745,584.22127,0.10177,341314.49745,961.04400,1132.00000,44653.31174,653544.58420,808.42104,0.01810,653544.58420,1329.85262,0.12855,0.02118
44700,"Stockton-Lodi, CA",20-24,1,FB,30.00000,1295.87760,71518.88606,267.43015,0.20637,71518.88606,439.92260,200.00000,8730.48252,441368.34956,664.35559,0.07610,441368.34956,1092.86495,0.14843,0.04684
45060,"Syracuse, NY",16-19,0,NB,42.00000,1122.30455,61449.71690,247.89053,0.22088,61449.71690,407.77993,1743.00000,42249.29568,654247.56871,808.85572,0.01914,654247.56871,1330.56765,0.02656,0.00962
45060,"Syracuse, NY",16-19,1,FB,,,,,,,,94.00000,2291.56132,91772.50435,302.93977,0.13220,91772.50435,498.33592,,
45060,"Syracuse, NY",20-24,0,NB,125.00000,4276.12578,229968.72010,479.55054,0.11215,229968.72010,788.86064,1806.00000,50552.97926,418393.86708,646.83372,0.01280,418393.86708,1064.04148,0.08459,0.01550
45060,"Syracuse, NY",20-24,1,FB,12.00000,297.69217,11761.30935,108.44957,0.36430,11761.30935,178.39954,134.00000,3414.59979,176510.18945,420.13116,0.12304,176510.18945,691.11575,0.08718,0.04918
45300,"Tampa-St. Petersburg-Clearwater, FL",16-19,0,NB,190.00000,7720.22755,423696.88463,650.92003,0.08431,423696.88463,1070.76345,4069.00000,125147.23070,2095808.77200,1447.69084,0.01157,2095808.77200,2381.45143,0.06169,0.00848
45300,"Tampa-St. Petersburg-Clearwater, FL",16-19,1,FB,17.00000,670.32931,45502.31001,213.31270,0.31822,45502.31001,350.89940,282.00000,9725.62711,481559.31482,693.94475,0.07135,481559.31482,1141.53911,0.06892,0.03516
45300,"Tampa-St. Petersburg-Clearwater, FL",20-24,0,NB,447.00000,17803.58979,1289571.93550,1135.59321,0.06378,1289571.93550,1868.05083,4405.00000,157442.08155,1906837.55540,1380.88289,0.00877,1906837.55540,2271.55235,0.11308,0.01175
45300,"Tampa-St. Petersburg-Clearwater, FL",20-24,1,FB,51.00000,2215.79787,170809.65591,413.29125,0.18652,170809.65591,679.86410,506.00000,18392.50896,906988.18802,952.35927,0.05178,906988.18802,1566.63101,0.12047,0.03551
45780,"Toledo, OH",16-19,0,NB,31.00000,1185.24317,76250.57410,276.13506,0.23298,76250.57410,454.24218,1116.00000,36812.76364,830284.79815,911.19965,0.02475,830284.79815,1498.92342,0.03220,0.01227
45780,"Toledo, OH",16-19,1,FB,,,,,,,,18.00000,617.39414,43732.28342,209.12265,0.33872,43732.28342,344.00676,,
45780,"Toledo, OH",20-24,0,NB,132.00000,6338.18804,397492.71270,630.47023,0.09947,397492.71270,1037.12353,1277.00000,52257.91043,687296.33090,829.03337,0.01586,687296.33090,1363.75990,0.12129,0.01959
45780,"Toledo, OH",20-24,1,FB,,,,,,,,49.00000,2121.37933,158908.03941,398.63271,0.18791,158908.03941,655.75081,,
46060,"Tucson, AZ",16-19,0,NB,70.00000,3071.33252,160053.07520,400.06634,0.13026,160053.07520,658.10913,1616.00000,50611.24745,1306795.83130,1143.15171,0.02259,1306795.83130,1880.48456,0.06068,0.01281
46060,"Tucson, AZ",16-19,1,FB,8.00000,326.43977,20591.55277,143.49757,0.43958,20591.55277,236.05350,96.00000,3535.64898,213185.03152,461.71965,0.13059,213185.03152,759.52882,0.09233,0.06375
46060,"Tucson, AZ",20-24,0,NB,181.00000,8464.28844,494150.97102,702.95873,0.08305,494150.97102,1156.36710,1796.00000,76519.46991,1195901.83760,1093.57297,0.01429,1195901.83760,1798.92753,0.11062,0.01489
46060,"Tucson, AZ",20-24,1,FB,22.00000,1410.33733,123446.51288,351.34956,0.24912,123446.51288,577.97003,208.00000,9860.76287,540510.03669,735.19388,0.07456,540510.03669,1209.39393,0.14303,0.05593
46140,"Tulsa, OK",16-19,0,NB,59.00000,1886.28650,90247.82706,300.41276,0.15926,90247.82706,494.17899,1099.00000,37569.98265,774828.31088,880.24332,0.02343,774828.31088,1448.00027,0.05021,0.01301
46140,"Tulsa, OK",16-19,1,FB,13.00000,349.26183,9674.82067,98.36067,0.28162,9674.82067,161.80330,89.00000,2511.91345,78427.03219,280.04827,0.11149,78427.03219,460.67940,0.13904,0.05915
46140,"Tulsa, OK",20-24,0,NB,149.00000,6144.42803,374386.64951,611.87143,0.09958,374386.64951,1006.52851,1242.00000,50326.41276,575981.36886,758.93436,0.01508,575981.36886,1248.44703,0.12209,0.01977
46140,"Tulsa, OK",20-24,1,FB,15.00000,446.35658,15075.64163,122.78290,0.27508,15075.64163,201.97788,143.00000,4677.91225,188431.11546,434.08653,0.09279,188431.11546,714.07234,0.09542,0.04065
46520,"Urban Honolulu, HI",16-19,0,NB,35.00000,1010.06397,56373.20623,237.43042,0.23506,56373.20623,390.57305,1376.00000,41196.25571,1079941.00700,1039.20210,0.02523,1079941.00700,1709.48746,0.02452,0.00943
46520,"Urban Honolulu, HI",16-19,1,FB,12.00000,418.08193,14363.02688,119.84585,0.28666,14363.02688,197.14642,148.00000,4777.90142,311285.35174,557.92952,0.11677,311285.35174,917.79406,0.08750,0.03768
46520,"Urban Honolulu, HI",20-24,0,NB,100.00000,4409.33339,247701.48248,497.69617,0.11287,247701.48248,818.71021,2153.00000,72492.93704,1184853.22910,1088.50964,0.01502,1184853.22910,1790.59835,0.06082,0.01119
46520,"Urban Honolulu, HI",20-24,1,FB,27.00000,1029.84135,47201.02002,217.25796,0.21096,47201.02002,357.38934,269.00000,8326.49401,409278.70963,639.74894,0.07683,409278.70963,1052.38701,0.12368,0.03997
47260,"Virginia Beach-Norfolk-Newport News, VA-NC",16-19,0,NB,82.00000,3801.82137,242312.91562,492.25290,0.12948,242312.91562,809.75602,2802.00000,90242.87298,2277834.17440,1509.24954,0.01672,2277834.17440,2482.71549,0.04213,0.00890
47260,"Virginia Beach-Norfolk-Newport News, VA-NC",16-19,1,FB,6.00000,175.79381,10862.56508,104.22363,0.59287,10862.56508,171.44787,79.00000,2972.83443,133269.42222,365.06085,0.12280,133269.42222,600.52509,0.05913,0.05642
47260,"Virginia Beach-Norfolk-Newport News, VA-NC",20-24,0,NB,221.00000,10050.74427,537032.29849,732.82488,0.07291,537032.29849,1205.49692,3749.00000,139965.20160,2176541.48500,1475.31064,0.01054,2176541.48500,2426.88600,0.07181,0.00852
47260,"Virginia Beach-Norfolk-Newport News, VA-NC",20-24,1,FB,13.00000,573.23361,31104.74508,176.36537,0.30767,31104.74508,290.12104,181.00000,6513.31236,439755.40567,663.14056,0.10181,439755.40567,1090.86623,0.08801,0.04203
47900,"Washington-Arlington-Alexandria, DC-VA-MD-WV",16-19,0,NB,149.00000,7134.48140,463184.00884,680.57623,0.09539,463184.00884,1119.54790,7776.00000,254788.83740,7131548.02100,2670.49584,0.01048,7131548.02100,4392.96565,0.02800,0.00437
47900,"Washington-Arlington-Alexandria, DC-VA-MD-WV",16-19,1,FB,29.00000,1317.18773,60250.71579,245.46021,0.18635,60250.71579,403.78205,1062.00000,41794.86261,2563005.39900,1600.93891,0.03830,2563005.39900,2633.54451,0.03152,0.00945
47900,"Washington-Arlington-Alexandria, DC-VA-MD-WV",20-24,0,NB,379.00000,15714.96935,1087310.00640,1042.74158,0.06635,1087310.00640,1715.30990,8749.00000,308435.39869,8331273.47890,2886.39455,0.00936,8331273.47890,4748.11903,0.05095,0.00551
47900,"Washington-Arlington-Alexandria, DC-VA-MD-WV",20-24,1,FB,89.00000,5177.35460,443007.16967,665.58784,0.12856,443007.16967,1094.89199,1646.00000,72346.38023,4449037.10550,2109.27407,0.02916,4449037.10550,3469.75585,0.07156,0.01474
48620,"Wichita, KS",16-19,0,NB,19.00000,1185.42651,92913.94249,304.81788,0.25714,92913.94249,501.42542,771.00000,30068.44583,636623.10766,797.88665,0.02654,636623.10766,1312.52354,0.03942,0.01659
48620,"Wichita, KS",16-19,1,FB,,,,,,,,47.00000,2268.73202,150966.60917,388.54422,0.17126,150966.60917,639.15524,,
48620,"Wichita, KS",20-24,0,NB,56.00000,2918.76737,247285.92774,497.27852,0.17037,247285.92774,818.02317,759.00000,36500.87289,674538.75738,821.30308,0.02250,674538.75738,1351.04357,0.07996,0.02221
48620,"Wichita, KS",20-24,1,FB,7.00000,439.61149,32675.06406,180.76245,0.41119,32675.06406,297.35423,61.00000,3002.30654,242787.84963,492.73507,0.16412,242787.84963,810.54919,0.14642,0.09081
49180,"Winston-Salem, NC",16-19,0,NB,37.00000,2152.15978,180559.19004,424.92257,0.19744,180559.19004,698.99763,929.00000,32202.59218,512066.02913,715.58789,0.02222,512066.02913,1177.14208,0.06683,0.02157
49180,"Winston-Salem, NC",16-19,1,FB,,,,,,,,51.00000,1916.55520,93235.34635,305.34464,0.15932,93235.34635,502.29193,,
49180,"Winston-Salem, NC",20-24,0,NB,123.00000,5942.62246,387051.47834,622.13461,0.10469,387051.47834,1023.41144,1020.00000,38821.92210,675408.53974,821.83243,0.02117,675408.53974,1351.91434,0.15307,0.02582
49180,"Winston-Salem, NC",20-24,1,FB,9.00000,553.09043,43750.84567,209.16703,0.37818,43750.84567,344.07976,66.00000,2612.20536,167076.66618,408.75013,0.15648,167076.66618,672.39396,0.21173,0.11992
49340,"Worcester, MA-CT",16-19,0,NB,26.00000,1172.15042,56329.91127,237.33923,0.20248,56329.91127,390.42304,1670.00000,50050.81566,765302.52824,874.81571,0.01748,765302.52824,1439.07184,0.02342,0.00777
49340,"Worcester, MA-CT",16-19,1,FB,,,,,,,,136.00000,4136.55903,192375.91619,438.60679,0.10603,192375.91619,721.50817,,
49340,"Worcester, MA-CT",20-24,0,NB,74.00000,4050.97170,238179.08759,488.03595,0.12047,238179.08759,802.81914,1618.00000,57995.89296,788946.24251,888.22646,0.01532,788946.24251,1461.13253,0.06985,0.01373
49340,"Worcester, MA-CT",20-24,1,FB,5.00000,225.72678,14897.64933,122.05593,0.54072,14897.64933,200.78200,148.00000,5983.46529,299446.63207,547.21717,0.09145,299446.63207,900.17225,0.03773,0.03307
49660,"Youngstown-Warren-Boardman, OH-PA",16-19,0,NB,31.00000,951.69801,43944.46987,209.62936,0.22027,43944.46987,344.84030,935.00000,27795.88196,588033.75938,766.83359,0.02759,588033.75938,1261.44126,0.03424,0.01231
49660,"Youngstown-Warren-Boardman, OH-PA",16-19,1,FB,,,,,,,,11.00000,278.36769,5613.21669,74.92140,0.26915,5613.21669,123.24571,,
49660,"Youngstown-Warren-Boardman, OH-PA",20-24,0,NB,115.00000,4524.53848,215658.24627,464.39019,0.10264,215658.24627,763.92186,1018.00000,34181.07641,333392.79148,577.40176,0.01689,333392.79148,949.82589,0.13237,0.02204
49660,"Youngstown-Warren-Boardman, OH-PA",20-24,1,FB,,,,,,,,22.00000,584.99769,22888.99636,151.29110,0.25862,22888.99636,248.87386,,
