Assigned_CBSA,Assigned_CBSATitle,age_recode, sample_n ,DY,var_n,se_n,cv_n,se2_n,moe_n,sample_d,denom,var_d,se_d,cv_d,se2_d,moe_d,ShareDY,MOE_ShareDY
0,_US total,16-19," 19,771 ",784008.30555,62389273.41800,7898.68808,0.01007,62389273.41800,12993.34190,516856.00000,17140638.75800,383251565.25000,19576.81193,0.00114,383251565.25000,32203.85562,0.04574,0.00075
0,_US total,20-24," 50,398 ",2243041.19990,143872271.20000,11994.67679,0.00535,143872271.20000,19731.24331,576141.00000,22714299.31100,512142002.02000,22630.55461,0.00100,512142002.02000,37227.26234,0.09875,0.00085
10420,"Akron, OH",16-19, 29 ,1546.68329,126928.50726,356.27027,0.23034,126928.50726,586.06460,1155.00000,40838.03600,655940.91171,809.90179,0.01983,655940.91171,1332.28845,0.03787,0.01430
10420,"Akron, OH",20-24, 85 ,4025.36815,203697.12891,451.32818,0.11212,203697.12891,742.43486,1290.00000,56217.39742,576741.94045,759.43528,0.01351,576741.94045,1249.27103,0.07160,0.01311
10580,"Albany-Schenectady-Troy, NY",16-19, 34 ,1996.64544,128234.39557,358.09830,0.17935,128234.39557,589.07171,1623.00000,49395.66606,1150204.09420,1072.47568,0.02171,1150204.09420,1764.22250,0.04042,0.01184
10580,"Albany-Schenectady-Troy, NY",20-24, 68 ,3470.32844,274771.20994,524.18624,0.15105,274771.20994,862.28636,1795.00000,67265.35202,1023620.91250,1011.74152,0.01504,1023620.91250,1664.31481,0.05159,0.01276
10740,"Albuquerque, NM",16-19, 71 ,2784.99747,176279.47368,419.85649,0.15076,176279.47368,690.66393,1120.00000,46623.80138,1536738.46050,1239.65256,0.02659,1536738.46050,2039.22846,0.05973,0.01458
10740,"Albuquerque, NM",20-24, 163 ,7696.57729,466656.11176,683.12233,0.08876,466656.11176,1123.73623,1283.00000,63141.73606,1656971.79000,1287.23416,0.02039,1656971.79000,2117.50020,0.12189,0.01732
10900,"Allentown-Bethlehem-Easton, PA-NJ",16-19, 32 ,1860.14131,194733.85908,441.28660,0.23723,194733.85908,725.91645,1303.00000,45322.45152,1104567.26000,1050.98395,0.02319,1104567.26000,1728.86860,0.04104,0.01594
10900,"Allentown-Bethlehem-Easton, PA-NJ",20-24, 81 ,4241.87302,377261.67264,614.21631,0.14480,377261.67264,1010.38583,1348.00000,52784.48748,899634.21693,948.49049,0.01797,899634.21693,1560.26686,0.08036,0.01899
12060,"Atlanta-Sandy Springs-Roswell, GA",16-19, 310 ,14194.81523,753296.39954,867.92649,0.06114,753296.39954,1427.73908,7780.00000,304759.58202,8141074.02090,2853.25674,0.00936,8141074.02090,4693.60734,0.04658,0.00463
12060,"Atlanta-Sandy Springs-Roswell, GA",20-24, 721 ,38685.38067,2448994.69360,1564.92642,0.04045,2448994.69360,2574.30396,8124.00000,367967.25283,5517062.10430,2348.84272,0.00638,5517062.10430,3863.84627,0.10513,0.00691
12260,"Augusta-Richmond County, GA-SC",16-19, 46 ,2145.55062,114519.39543,338.40714,0.15773,114519.39543,556.67975,789.00000,29736.10197,855650.41390,925.01374,0.03111,855650.41390,1521.64760,0.07215,0.01835
12260,"Augusta-Richmond County, GA-SC",20-24, 97 ,4473.16171,315403.32531,561.60780,0.12555,315403.32531,923.84484,818.00000,37299.80732,667410.40862,816.95190,0.02190,667410.40862,1343.88588,0.11992,0.02439
12420,"Austin-Round Rock, TX",16-19, 84 ,3908.88232,242842.84241,492.79087,0.12607,242842.84241,810.64098,2971.00000,102469.88770,3029476.90990,1740.53926,0.01699,3029476.90990,2863.18708,0.03815,0.00784
12420,"Austin-Round Rock, TX",20-24, 201 ,9206.14193,601975.59684,775.87086,0.08428,601975.59684,1276.30757,3651.00000,147328.52154,1855781.61430,1362.27076,0.00925,1855781.61430,2240.93539,0.06249,0.00861
12540,"Bakersfield, CA",16-19, 83 ,3823.75159,239405.62608,489.29094,0.12796,239405.62608,804.88360,1370.00000,53581.24013,1279031.52160,1130.94276,0.02111,1279031.52160,1860.40084,0.07136,0.01482
12540,"Bakersfield, CA",20-24, 242 ,11727.74824,462813.06340,680.30366,0.05801,462813.06340,1119.09951,1627.00000,71680.27530,779342.07877,882.80353,0.01232,779342.07877,1452.21181,0.16361,0.01526
12580,"Baltimore-Columbia-Towson, MD",16-19, 114 ,5319.98931,406294.00521,637.41196,0.11981,406294.00521,1048.54267,4052.00000,143522.42930,2334907.54350,1528.04043,0.01065,2334907.54350,2513.62650,0.03707,0.00728
12580,"Baltimore-Columbia-Towson, MD",20-24, 300 ,13639.66923,875976.34114,935.93608,0.06862,875976.34114,1539.61485,5087.00000,188207.56253,1840250.50680,1356.55833,0.00721,1840250.50680,2231.53846,0.07247,0.00814
12940,"Baton Rouge, LA",16-19, 46 ,2355.26251,239188.01418,489.06852,0.20765,239188.01418,804.51771,1057.00000,44852.90106,1452723.87370,1205.28995,0.02687,1452723.87370,1982.70197,0.05251,0.01779
12940,"Baton Rouge, LA",20-24, 120 ,7921.59152,633532.50358,795.94755,0.10048,633532.50358,1309.33372,1274.00000,72309.28741,1381258.53080,1175.26956,0.01625,1381258.53080,1933.31842,0.10955,0.01787
13820,"Birmingham-Hoover, AL",16-19, 70 ,3566.56421,249330.20286,499.32975,0.14000,249330.20286,821.39744,1584.00000,58343.55553,1087460.29210,1042.81364,0.01787,1087460.29210,1715.42844,0.06113,0.01396
13820,"Birmingham-Hoover, AL",20-24, 193 ,9534.61881,611104.54156,781.73176,0.08199,611104.54156,1285.94874,1683.00000,71486.23663,919568.08064,958.94112,0.01341,919568.08064,1577.45815,0.13338,0.01775
14260,"Boise City, ID",16-19, 30 ,2000.93808,214498.50368,463.13983,0.23146,214498.50368,761.86502,768.00000,35716.51904,1030078.26430,1014.92771,0.02842,1030078.26430,1669.55609,0.05602,0.02117
14260,"Boise City, ID",20-24, 73 ,4075.91217,388921.53462,623.63574,0.15301,388921.53462,1025.88079,841.00000,44682.61500,915955.26635,957.05552,0.02142,915955.26635,1574.35633,0.09122,0.02273
14460,"Boston-Cambridge-Newton, MA-NH",16-19, 115 ,4121.76943,238707.38897,488.57690,0.11854,238707.38897,803.70900,8513.00000,261478.82432,4826951.35150,2197.03240,0.00840,4826951.35150,3614.11829,0.01576,0.00307
14460,"Boston-Cambridge-Newton, MA-NH",20-24, 319 ,13561.08195,1108629.41690,1052.91472,0.07764,1108629.41690,1732.04472,10313.00000,343309.43684,4673800.83780,2161.89751,0.00630,4673800.83780,3556.32140,0.03950,0.00503
14860,"Bridgeport-Stamford-Norwalk, CT",16-19, 31 ,1609.18625,127925.89475,357.66730,0.22227,127925.89475,588.36270,1542.00000,52621.71036,828884.73357,910.43107,0.01730,828884.73357,1497.65911,0.03058,0.01115
14860,"Bridgeport-Stamford-Norwalk, CT",20-24, 63 ,2606.03011,115540.11936,339.91193,0.13043,115540.11936,559.15512,1445.00000,54827.19019,464140.65878,681.27869,0.01243,464140.65878,1120.70345,0.04753,0.01015
15380,"Buffalo-Cheektowaga-Niagara Falls, NY",16-19, 70 ,2610.03397,138851.38824,372.62768,0.14277,138851.38824,612.97253,1956.00000,63000.72813,951651.20583,975.52612,0.01548,951651.20583,1604.74046,0.04143,0.00967
15380,"Buffalo-Cheektowaga-Niagara Falls, NY",20-24, 143 ,6085.04172,336458.40638,580.05035,0.09532,336458.40638,954.18282,2375.00000,83588.38721,1031953.71700,1015.85123,0.01215,1031953.71700,1671.07527,0.07280,0.01132
15980,"Cape Coral-Fort Myers, FL",16-19, 34 ,1502.26518,108650.30101,329.62145,0.21942,108650.30101,542.22729,933.00000,28114.94001,538731.46712,733.98329,0.02611,538731.46712,1207.40251,0.05343,0.01915
15980,"Cape Coral-Fort Myers, FL",20-24, 97 ,4077.16697,209767.85364,458.00421,0.11233,209767.85364,753.41692,878.00000,36491.14359,319031.55197,564.82878,0.01548,319031.55197,929.14334,0.11173,0.02045
16700,"Charleston-North Charleston, SC",16-19, 28 ,1281.63202,87398.04960,295.63161,0.23067,87398.04960,486.31400,972.00000,36068.04648,946633.58622,972.95097,0.02698,946633.58622,1600.50434,0.03553,0.01339
16700,"Charleston-North Charleston, SC",20-24, 129 ,5560.60643,421825.15744,649.48068,0.11680,421825.15744,1068.39572,1447.00000,55165.06406,616499.30968,785.17470,0.01423,616499.30968,1291.61238,0.10080,0.01922
16740,"Charlotte-Concord-Gastonia, NC-SC",16-19, 136 ,4482.82129,211512.37349,459.90474,0.10259,211512.37349,756.54330,3616.00000,123189.36955,3016560.87520,1736.82494,0.01410,3016560.87520,2857.07703,0.03639,0.00608
16740,"Charlotte-Concord-Gastonia, NC-SC",20-24, 402 ,17903.85732,1224769.59620,1106.69309,0.06181,1224769.59620,1820.51013,3989.00000,153602.06337,2317645.70330,1522.38159,0.00991,2317645.70330,2504.31771,0.11656,0.01170
16860,"Chattanooga, TN-GA",16-19, 55 ,1820.24681,67018.18224,258.87870,0.14222,67018.18224,425.85546,849.00000,26468.66118,446067.77945,667.88306,0.02523,446067.77945,1098.66763,0.06877,0.01583
16860,"Chattanooga, TN-GA",20-24, 98 ,4020.15248,241769.66886,491.70079,0.12231,241769.66886,808.84780,981.00000,35579.08595,368896.33228,607.36837,0.01707,368896.33228,999.12096,0.11299,0.02251
16980,"Chicago-Naperville-Elgin, IL-IN-WI",16-19, 461 ,21938.55627,1891921.36040,1375.47132,0.06270,1891921.36040,2262.65033,13613.00000,514920.02173,10230389.75800,3198.49805,0.00621,10230389.75800,5261.52929,0.04261,0.00437
16980,"Chicago-Naperville-Elgin, IL-IN-WI",20-24," 1,173 ",60496.31424,3521246.20900,1876.49839,0.03102,3521246.20900,3086.83985,14916.00000,647887.47882,8199614.54830,2863.49691,0.00442,8199614.54830,4710.45242,0.09337,0.00472
17140,"Cincinnati, OH-KY-IN",16-19, 114 ,4591.43771,269319.28909,518.95981,0.11303,269319.28909,853.68889,3215.00000,111510.64056,2443064.68230,1563.03061,0.01402,2443064.68230,2571.18535,0.04117,0.00760
17140,"Cincinnati, OH-KY-IN",20-24, 267 ,11522.52286,587893.98419,766.74245,0.06654,587893.98419,1261.29133,3459.00000,142210.86833,1776068.79480,1332.69231,0.00937,1776068.79480,2192.27885,0.08102,0.00878
17460,"Cleveland-Elyria, OH",16-19, 137 ,5724.73859,218614.03754,467.56180,0.08167,218614.03754,769.13916,3369.00000,109896.35402,1695201.13020,1301.99890,0.01185,1695201.13020,2141.78819,0.05209,0.00692
17460,"Cleveland-Elyria, OH",20-24, 310 ,13717.96803,732979.33153,856.14212,0.06241,732979.33153,1408.35379,3397.00000,127230.70005,961112.59951,980.36350,0.00771,961112.59951,1612.69796,0.10782,0.01098
17820,"Colorado Springs, CO",16-19, 35 ,1424.59156,46922.25611,216.61546,0.15205,46922.25611,356.33243,1021.00000,37347.84650,1082407.39090,1040.38810,0.02786,1082407.39090,1711.43842,0.03814,0.00938
17820,"Colorado Springs, CO",20-24, 82 ,4444.72927,396373.97660,629.58238,0.14165,396373.97660,1035.66302,1395.00000,55125.78565,745141.99725,863.21608,0.01566,745141.99725,1419.99045,0.08063,0.01867
17900,"Columbia, SC",16-19, 48 ,2460.10007,219335.14206,468.33230,0.19037,219335.14206,770.40663,1503.00000,49024.14810,1064802.47170,1031.89266,0.02105,1064802.47170,1697.46343,0.05018,0.01562
17900,"Columbia, SC",20-24, 125 ,5544.60761,579135.69652,761.00966,0.13725,579135.69652,1251.86088,1779.00000,67481.81809,1276995.22180,1130.04213,0.01675,1276995.22180,1858.91931,0.08216,0.01841
18140,"Columbus, OH",16-19, 94 ,3067.81783,152986.33600,391.13468,0.12750,152986.33600,643.41654,2756.00000,98338.51482,2041436.36720,1428.78843,0.01453,2041436.36720,2350.35696,0.03120,0.00650
18140,"Columbus, OH",20-24, 249 ,11534.25972,884613.00513,940.53868,0.08154,884613.00513,1547.18613,3280.00000,132825.02980,1900808.70460,1378.69819,0.01038,1900808.70460,2267.95853,0.08684,0.01155
19100,"Dallas-Fort Worth-Arlington, TX",16-19, 402 ,17277.98820,865974.22412,930.57736,0.05386,865974.22412,1530.79976,10305.00000,368007.54986,6788560.18490,2605.48655,0.00708,6788560.18490,4286.02538,0.04695,0.00412
19100,"Dallas-Fort Worth-Arlington, TX",20-24, 938 ,44367.56817,3510624.35390,1873.66602,0.04223,3510624.35390,3082.18060,10678.00000,454082.25395,6242443.74880,2498.48829,0.00550,6242443.74880,4110.01324,0.09771,0.00673
19380,"Dayton, OH",16-19, 39 ,1438.14860,63851.73289,252.68900,0.17570,63851.73289,415.67341,1315.00000,42973.70849,862124.02846,928.50634,0.02161,862124.02846,1527.39293,0.03347,0.00960
19380,"Dayton, OH",20-24, 103 ,4905.63307,268128.40083,517.81116,0.10555,268128.40083,851.79936,1523.00000,57687.76126,630573.74409,794.08674,0.01377,630573.74409,1306.27268,0.08504,0.01464
19660,"Deltona-Daytona Beach-Ormond Beach, FL",16-19, 40 ,1482.54480,76239.86133,276.11567,0.18624,76239.86133,454.21027,852.00000,29665.84327,1082038.84860,1040.21096,0.03506,1082038.84860,1711.14704,0.04997,0.01504
19660,"Deltona-Daytona Beach-Ormond Beach, FL",20-24, 96 ,4407.62314,244418.38775,494.38688,0.11217,244418.38775,813.26642,904.00000,36844.82990,590358.35191,768.34781,0.02085,590358.35191,1263.93214,0.11963,0.02169
19740,"Denver-Aurora-Lakewood, CO",16-19, 111 ,4875.68897,429753.94515,655.55621,0.13445,429753.94515,1078.38997,3713.00000,129402.05471,2590384.69020,1609.46721,0.01244,2590384.69020,2647.57356,0.03768,0.00830
19740,"Denver-Aurora-Lakewood, CO",20-24, 257 ,11748.71397,780522.74195,883.47198,0.07520,780522.74195,1453.31141,4203.00000,175056.79091,3109877.89640,1763.48459,0.01007,3109877.89640,2900.93215,0.06711,0.00823
19780,"Des Moines-West Des Moines, IA",16-19, 19 ,1132.86032,85336.67309,292.12441,0.25786,85336.67309,480.54466,863.00000,32636.36836,1061395.37720,1030.24045,0.03157,1061395.37720,1694.74553,0.03471,0.01461
19780,"Des Moines-West Des Moines, IA",20-24, 33 ,2190.46235,220325.73938,469.38869,0.21429,220325.73938,772.14439,823.00000,41284.85103,593477.69101,770.37503,0.01866,593477.69101,1267.26693,0.05306,0.01863
19820,"Detroit-Warren-Dearborn, MI",16-19, 244 ,12115.25889,822300.77540,906.80801,0.07485,822300.77540,1491.69918,5384.00000,221112.39652,5799795.53870,2408.27647,0.01089,5799795.53870,3961.61479,0.05479,0.00667
19820,"Detroit-Warren-Dearborn, MI",20-24, 621 ,36461.51850,2192660.23110,1480.76339,0.04061,2192660.23110,2435.85578,5714.00000,277290.47727,3373617.60680,1836.74103,0.00662,3373617.60680,3021.43899,0.13149,0.00867
21340,"El Paso, TX",16-19, 85 ,3613.40439,251580.69949,501.57821,0.13881,251580.69949,825.09615,1500.00000,54700.83943,778730.57187,882.45712,0.01613,778730.57187,1451.64197,0.06606,0.01498
21340,"El Paso, TX",20-24, 207 ,9652.80158,755166.02673,869.00289,0.09003,755166.02673,1429.50976,1687.00000,70558.71484,395468.73717,628.86305,0.00891,395468.73717,1034.47972,0.13681,0.02016
23420,"Fresno, CA",16-19, 113 ,4024.37545,201191.83286,448.54413,0.11146,201191.83286,737.85509,1736.00000,56400.60369,882627.87769,939.48277,0.01666,882627.87769,1545.44916,0.07135,0.01294
23420,"Fresno, CA",20-24, 309 ,13610.89019,1033403.55240,1016.56458,0.07469,1033403.55240,1672.24874,1981.00000,80362.32840,675347.07628,821.79503,0.01023,675347.07628,1351.85283,0.16937,0.02061
24340,"Grand Rapids-Wyoming, MI",16-19, 25 ,1193.74510,73956.69425,271.94980,0.22781,73956.69425,447.35742,1293.00000,51506.01799,1451399.03890,1204.74024,0.02339,1451399.03890,1981.79769,0.02318,0.00864
24340,"Grand Rapids-Wyoming, MI",20-24, 75 ,4759.21231,382898.68001,618.78807,0.13002,382898.68001,1017.90638,1443.00000,70859.72974,994186.88739,997.08921,0.01407,994186.88739,1640.21175,0.06716,0.01428
24660,"Greensboro-High Point, NC",16-19, 60 ,2731.66297,161345.36422,401.67818,0.14705,161345.36422,660.76061,1353.00000,43092.14634,830953.92339,911.56674,0.02115,830953.92339,1499.52729,0.06339,0.01517
24660,"Greensboro-High Point, NC",20-24, 148 ,6893.94564,410995.04177,641.08895,0.09299,410995.04177,1054.59132,1341.00000,56472.27342,572516.01439,756.64788,0.01340,572516.01439,1244.68576,0.12208,0.01848
24860,"Greenville-Anderson-Mauldin, SC",16-19, 61 ,2371.45394,147847.53906,384.50948,0.16214,147847.53906,632.51809,1698.00000,52225.33851,1190411.78490,1091.05994,0.02089,1190411.78490,1794.79360,0.04541,0.01201
24860,"Greenville-Anderson-Mauldin, SC",20-24, 165 ,7606.38019,494770.99928,703.39960,0.09247,494770.99928,1157.09234,1789.00000,68162.67362,1002142.89690,1001.07088,0.01469,1002142.89690,1646.76159,0.11159,0.01676
25420,"Harrisburg-Carlisle, PA",16-19, 27 ,1141.63671,69734.98303,264.07382,0.23131,69734.98303,434.40144,899.00000,29726.11032,564032.97384,751.02129,0.02526,564032.97384,1235.43002,0.03841,0.01453
25420,"Harrisburg-Carlisle, PA",20-24, 60 ,2650.84655,169732.85798,411.98648,0.15542,169732.85798,677.71776,1010.00000,34427.57774,839431.89636,916.20516,0.02661,839431.89636,1507.15749,0.07700,0.01939
25540,"Hartford-West Hartford-East Hartford, CT",16-19, 41 ,1562.25873,103332.86472,321.45430,0.20576,103332.86472,528.79232,2233.00000,69136.22018,1327109.29300,1152.00230,0.01666,1327109.29300,1895.04378,0.02260,0.00762
25540,"Hartford-West Hartford-East Hartford, CT",20-24, 131 ,6134.68968,386928.31725,622.03562,0.10140,386928.31725,1023.24860,2464.00000,84639.59379,1237020.31830,1112.21415,0.01314,1237020.31830,1829.59228,0.07248,0.01199
26420,"Houston-The Woodlands-Sugar Land, TX",16-19, 357 ,17394.15234,1241034.80910,1114.01742,0.06405,1241034.80910,1832.55865,7816.00000,341289.45452,8370145.00210,2893.12029,0.00848,8370145.00210,4759.18287,0.05097,0.00532
26420,"Houston-The Woodlands-Sugar Land, TX",20-24, 850 ,45824.63686,3261666.13610,1806.00834,0.03941,3261666.13610,2970.88372,8696.00000,435981.34227,5527603.38150,2351.08558,0.00539,5527603.38150,3867.53577,0.10511,0.00675
26900,"Indianapolis-Carmel-Anderson, IN",16-19, 87 ,3994.20889,309306.18317,556.15302,0.13924,309306.18317,914.87172,2550.00000,96774.66559,2180277.32780,1476.57622,0.01526,2180277.32780,2428.96788,0.04127,0.00940
26900,"Indianapolis-Carmel-Anderson, IN",20-24, 283 ,13007.23078,861924.29876,928.39878,0.07138,861924.29876,1527.21600,3054.00000,126614.70087,1368937.17890,1170.01589,0.00924,1368937.17890,1924.67614,0.10273,0.01196
27140,"Jackson, MS",16-19, 71 ,3038.45567,167104.55838,408.78424,0.13454,167104.55838,672.45008,1106.00000,36589.95489,862736.22931,928.83595,0.02538,862736.22931,1527.93514,0.08304,0.01805
27140,"Jackson, MS",20-24, 126 ,4999.59698,295175.09264,543.30019,0.10867,295175.09264,893.72881,1107.00000,44845.21012,981036.48849,990.47286,0.02209,981036.48849,1629.32786,0.11149,0.01951
27260,"Jacksonville, FL",16-19, 89 ,3812.27747,310291.78916,557.03841,0.14612,310291.78916,916.32818,1754.00000,70644.04761,1766241.60690,1329.00023,0.01881,1766241.60690,2186.20538,0.05396,0.01286
27260,"Jacksonville, FL",20-24, 247 ,11678.71911,829056.19579,910.52523,0.07796,829056.19579,1497.81400,2138.00000,93306.34089,1580935.07040,1257.35241,0.01348,1580935.07040,2068.34471,0.12517,0.01581
28140,"Kansas City, MO-KS",16-19, 110 ,4481.81720,242006.38176,491.94144,0.10976,242006.38176,809.24367,2921.00000,105349.27488,2652224.18010,1628.56507,0.01546,2652224.18010,2678.98954,0.04254,0.00760
28140,"Kansas City, MO-KS",20-24, 246 ,11744.88744,473713.74392,688.26866,0.05860,473713.74392,1132.20194,3062.00000,133836.38429,2061750.37970,1435.87965,0.01073,2061750.37970,2362.02203,0.08776,0.00832
28940,"Knoxville, TN",16-19, 73 ,3512.38330,227964.35349,477.45613,0.13594,227964.35349,785.41533,1421.00000,48447.26505,815244.85089,902.90910,0.01864,815244.85089,1485.28548,0.07250,0.01606
28940,"Knoxville, TN",20-24, 193 ,9571.61994,506000.33924,711.33701,0.07432,506000.33924,1170.14938,1649.00000,69113.72165,906316.61717,952.00663,0.01377,906316.61717,1566.05090,0.13849,0.01664
29460,"Lakeland-Winter Haven, FL",16-19, 58 ,1959.33371,76127.01766,275.91125,0.14082,76127.01766,453.87401,1029.00000,32109.63884,386591.62335,621.76493,0.01936,386591.62335,1022.80330,0.06102,0.01400
29460,"Lakeland-Winter Haven, FL",20-24, 144 ,6206.17287,342851.11784,585.53490,0.09435,342851.11784,963.20491,1055.00000,39615.21846,275304.38666,524.69457,0.01324,275304.38666,863.12256,0.15666,0.02407
29820,"Las Vegas-Henderson-Paradise, NV",16-19, 171 ,6475.77043,251456.15112,501.45404,0.07744,251456.15112,824.89189,2791.00000,101629.59524,1230719.29720,1109.37789,0.01092,1230719.29720,1824.92662,0.06372,0.00804
29820,"Las Vegas-Henderson-Paradise, NV",20-24, 385 ,17044.53444,948011.90057,973.65903,0.05712,948011.90057,1601.66910,3264.00000,139282.41573,1006322.84640,1003.15644,0.00720,1006322.84640,1650.19235,0.12237,0.01141
30780,"Little Rock-North Little Rock-Conway, AR",16-19, 40 ,2207.25608,165887.68046,407.29311,0.18452,165887.68046,669.99717,884.00000,35859.38198,923773.19552,961.13121,0.02680,923773.19552,1581.06083,0.06155,0.01849
30780,"Little Rock-North Little Rock-Conway, AR",20-24, 99 ,5627.35559,450778.62430,671.40049,0.11931,450778.62430,1104.45381,1062.00000,51394.20626,665547.63678,815.81103,0.01587,665547.63678,1342.00914,0.10949,0.02130
31080,"Los Angeles-Long Beach-Anaheim, CA",16-19, 994 ,35546.27058,1570592.32020,1253.23275,0.03526,1570592.32020,2061.56787,23462.00000,736727.23277,11580054.59600,3402.94793,0.00462,11580054.59600,5597.84934,0.04825,0.00277
31080,"Los Angeles-Long Beach-Anaheim, CA",20-24," 2,305 ",89628.86962,5196740.99820,2279.63615,0.02543,5196740.99820,3750.00147,28193.00000,1012612.88780,4613105.54310,2147.81413,0.00212,4613105.54310,3533.15425,0.08851,0.00369
31140,"Louisville/Jefferson County, KY-IN",16-19, 64 ,2335.94965,117317.91555,342.51703,0.14663,117317.91555,563.44051,1978.00000,60680.16536,1027180.63630,1013.49920,0.01670,1027180.63630,1667.20619,0.03850,0.00922
31140,"Louisville/Jefferson County, KY-IN",20-24, 174 ,8211.71246,562181.26544,749.78748,0.09131,562181.26544,1233.40040,2043.00000,80296.32705,1276669.25370,1129.89790,0.01407,1276669.25370,1858.68204,0.10227,0.01518
31540,"Madison, WI",16-19,,,,,,,,702.00000,27394.46313,948172.23547,973.74136,0.03555,948172.23547,1601.80454,,
31540,"Madison, WI",20-24, 15 ,1266.17194,140239.15949,374.48519,0.29576,140239.15949,616.02814,765.00000,51869.08124,1296504.76960,1138.64163,0.02195,1296504.76960,1873.06549,0.02441,0.01184
32580,"McAllen-Edinburg-Mission, TX",16-19, 94 ,4790.78197,270851.60780,520.43406,0.10863,270851.60780,856.11402,1159.00000,54948.59048,778527.81666,882.34223,0.01606,778527.81666,1451.45297,0.08719,0.01541
32580,"McAllen-Edinburg-Mission, TX",20-24, 192 ,11767.85336,849913.03710,921.90728,0.07834,849913.03710,1516.53748,1190.00000,64045.09428,355310.20465,596.07903,0.00931,355310.20465,980.55000,0.18374,0.02351
32820,"Memphis, TN-MS-AR",16-19, 122 ,5366.99780,373270.92166,610.95902,0.11384,373270.92166,1005.02758,1801.00000,69633.60575,1311637.11290,1145.26727,0.01645,1311637.11290,1883.96465,0.07707,0.01428
32820,"Memphis, TN-MS-AR",20-24, 271 ,13635.11690,921282.90783,959.83483,0.07039,921282.90783,1578.92830,2027.00000,89631.57120,1171247.60170,1082.24193,0.01207,1171247.60170,1780.28798,0.15212,0.01735
33100,"Miami-Fort Lauderdale-West Palm Beach, FL",16-19, 297 ,12884.62394,754238.70674,868.46917,0.06740,754238.70674,1428.63179,7771.00000,278931.04530,2880052.80260,1697.07183,0.00608,2880052.80260,2791.68316,0.04619,0.00510
33100,"Miami-Fort Lauderdale-West Palm Beach, FL",20-24, 821 ,38590.72519,3079282.11020,1754.78834,0.04547,3079282.11020,2886.62682,8991.00000,379989.99639,2764930.14700,1662.80791,0.00438,2764930.14700,2735.31901,0.10156,0.00756
33340,"Milwaukee-Waukesha-West Allis, WI",16-19, 50 ,2871.99884,225165.50661,474.51608,0.16522,225165.50661,780.57895,1799.00000,85081.18980,2379292.84900,1542.49566,0.01813,2379292.84900,2537.40535,0.03376,0.00912
33340,"Milwaukee-Waukesha-West Allis, WI",20-24, 147 ,10107.93190,917383.11748,957.80119,0.09476,917383.11748,1575.58296,1988.00000,106244.53799,2490883.90390,1578.25343,0.01485,2490883.90390,2596.22690,0.09514,0.01465
33460,"Minneapolis-St. Paul-Bloomington, MN-WI",16-19, 60 ,3535.72559,180818.35071,425.22741,0.12027,180818.35071,699.49909,3943.00000,179788.52139,6205130.13350,2491.00986,0.01386,6205130.13350,4097.71122,0.01967,0.00386
33460,"Minneapolis-St. Paul-Bloomington, MN-WI",20-24, 212 ,16271.81979,1548147.22590,1244.24565,0.07647,1548147.22590,2046.78409,4040.00000,219720.91788,4554637.14320,2134.15959,0.00971,4554637.14320,3510.69252,0.07406,0.00924
34980,"Nashville-Davidson--Murfreesboro--Franklin, TN",16-19, 106 ,4290.33398,193387.62315,439.75860,0.10250,193387.62315,723.40289,2918.00000,96973.72004,2427641.84320,1558.08916,0.01607,2427641.84320,2563.05667,0.04424,0.00737
34980,"Nashville-Davidson--Murfreesboro--Franklin, TN",20-24, 288 ,12743.04100,566428.11271,752.61419,0.05906,566428.11271,1238.05034,3145.00000,131418.55506,1815576.60900,1347.43334,0.01025,1815576.60900,2216.52785,0.09697,0.00928
35300,"New Haven-Milford, CT",16-19, 33 ,1423.99214,91307.62976,302.17152,0.21220,91307.62976,497.07216,1441.00000,49124.73951,794807.78659,891.51993,0.01815,794807.78659,1466.55029,0.02899,0.01008
35300,"New Haven-Milford, CT",20-24, 93 ,5223.85924,432533.76417,657.67299,0.12590,432533.76417,1081.87207,1601.00000,59792.32708,752922.77342,867.71123,0.01451,752922.77342,1427.38497,0.08737,0.01797
35380,"New Orleans-Metairie, LA",16-19, 79 ,2931.97996,130478.85248,361.21857,0.12320,130478.85248,594.20454,1773.00000,61277.65656,1419784.03200,1191.54691,0.01945,1419784.03200,1960.09466,0.04785,0.00958
35380,"New Orleans-Metairie, LA",20-24, 221 ,10045.55392,567443.73681,753.28861,0.07499,567443.73681,1239.15977,2309.00000,84319.47854,1363023.27650,1167.48588,0.01385,1363023.27650,1920.51427,0.11914,0.01444
35620,"New York-Newark-Jersey City, NY-NJ-PA",16-19, 875 ,37894.40916,2106586.49950,1451.40845,0.03830,2106586.49950,2387.56691,28768.00000,1000141.35030,23963741.73100,4895.27749,0.00489,23963741.73100,8052.73148,0.03789,0.00237
35620,"New York-Newark-Jersey City, NY-NJ-PA",20-24," 2,307 ",113090.44242,7934686.94350,2816.85764,0.02491,7934686.94350,4633.73081,35263.00000,1372828.37250,16811986.33200,4100.24223,0.00299,16811986.33200,6744.89847,0.08238,0.00335
35840,"North Port-Sarasota-Bradenton, FL",16-19, 35 ,1582.33309,78364.54297,279.93668,0.17691,78364.54297,460.49583,782.00000,28771.88073,640649.25549,800.40568,0.02782,640649.25549,1316.66735,0.05500,0.01581
35840,"North Port-Sarasota-Bradenton, FL",20-24, 67 ,3153.03862,330472.06332,574.86700,0.18232,330472.06332,945.65621,864.00000,36706.15184,700938.35642,837.22061,0.02281,700938.35642,1377.22791,0.08590,0.02556
36260,"Ogden-Clearfield, UT",16-19, 27 ,1155.26720,67704.78673,260.20143,0.22523,67704.78673,428.03136,817.00000,32844.95278,755466.64524,869.17584,0.02646,755466.64524,1429.79426,0.03517,0.01294
36260,"Ogden-Clearfield, UT",20-24, 47 ,2166.16598,138878.27857,372.66376,0.17204,138878.27857,613.03189,842.00000,37988.13784,486803.70940,697.71320,0.01837,486803.70940,1147.73821,0.05702,0.01605
36420,"Oklahoma City, OK",16-19, 83 ,4072.34820,313922.27406,560.28767,0.13758,313922.27406,921.67322,1814.00000,74951.88859,2983989.12720,1727.42268,0.02305,2983989.12720,2841.61031,0.05433,0.01212
36420,"Oklahoma City, OK",20-24, 148 ,8482.29079,794559.32302,891.38057,0.10509,794559.32302,1466.32104,2015.00000,106011.58098,2617158.50460,1617.76343,0.01526,2617158.50460,2661.22084,0.08001,0.01369
36540,"Omaha-Council Bluffs, NE-IA",16-19, 28 ,1357.03586,86025.46213,293.30098,0.21613,86025.46213,482.48010,1445.00000,52631.25251,1879100.93380,1370.80303,0.02605,1879100.93380,2254.97098,0.02578,0.00910
36540,"Omaha-Council Bluffs, NE-IA",20-24, 84 ,4301.51900,293523.44687,541.77804,0.12595,293523.44687,891.22488,1444.00000,63150.30211,1193492.23500,1092.47070,0.01730,1193492.23500,1797.11431,0.06812,0.01398
36740,"Orlando-Kissimmee-Sanford, FL",16-19, 119 ,5132.20366,339300.23215,582.49483,0.11350,339300.23215,958.20400,3270.00000,122375.40035,3031159.60890,1741.02258,0.01423,3031159.60890,2863.98214,0.04194,0.00777
36740,"Orlando-Kissimmee-Sanford, FL",20-24, 245 ,14461.93813,1310260.55150,1144.66613,0.07915,1310260.55150,1882.97579,3720.00000,175618.09122,1790477.16720,1338.08713,0.00762,1790477.16720,2201.15333,0.08235,0.01067
37100,"Oxnard-Thousand Oaks-Ventura, CA",16-19, 35 ,1330.88348,67120.53099,259.07630,0.19466,67120.53099,426.18052,1426.00000,46809.83411,747286.85073,864.45755,0.01847,747286.85073,1422.03267,0.02843,0.00906
37100,"Oxnard-Thousand Oaks-Ventura, CA",20-24, 107 ,4539.35979,310639.14541,557.35011,0.12278,310639.14541,916.84093,1637.00000,62448.21292,505160.12274,710.74617,0.01138,505160.12274,1169.17745,0.07269,0.01462
37340,"Palm Bay-Melbourne-Titusville, FL",16-19, 26 ,1198.35007,105682.39812,325.08829,0.27128,105682.39812,534.77024,730.00000,27056.39907,557040.07589,746.35117,0.02759,557040.07589,1227.74768,0.04429,0.01966
37340,"Palm Bay-Melbourne-Titusville, FL",20-24, 57 ,3517.95623,291775.61278,540.16258,0.15354,291775.61278,888.56744,684.00000,30600.29174,388446.57332,623.25482,0.02037,388446.57332,1025.25418,0.11496,0.02878
37980,"Philadelphia-Camden-Wilmington, PA-NJ-DE-MD",16-19, 219 ,13101.80745,987245.89007,993.60248,0.07584,987245.89007,1634.47608,8788.00000,326437.36928,6119420.44160,2473.74624,0.00758,6119420.44160,4069.31256,0.04014,0.00498
37980,"Philadelphia-Camden-Wilmington, PA-NJ-DE-MD",20-24, 637 ,40642.03153,3936121.49110,1983.96610,0.04882,3936121.49110,3263.62424,10079.00000,429348.25374,5894148.50260,2427.78675,0.00565,5894148.50260,3993.70920,0.09466,0.00755
38060,"Phoenix-Mesa-Scottsdale, AZ",16-19, 306 ,12577.33209,745934.45695,863.67497,0.06867,745934.45695,1420.74533,6380.00000,234882.72126,5249437.89410,2291.16518,0.00975,5249437.89410,3768.96673,0.05355,0.00599
38060,"Phoenix-Mesa-Scottsdale, AZ",20-24, 817 ,39128.95468,2135792.77610,1461.43518,0.03735,2135792.77610,2404.06087,7243.00000,305143.05350,2995757.23850,1730.82559,0.00567,2995757.23850,2847.20810,0.12823,0.00779
38300,"Pittsburgh, PA",16-19, 78 ,2871.86091,175073.77367,418.41818,0.14570,175073.77367,688.29791,3641.00000,114016.68583,1679425.17460,1295.92638,0.01137,1679425.17460,2131.79889,0.02519,0.00602
38300,"Pittsburgh, PA",20-24, 264 ,10997.60584,490927.89606,700.66247,0.06371,490927.89606,1152.58976,4110.00000,148900.27504,1398836.50750,1182.72419,0.00794,1398836.50750,1945.58129,0.07386,0.00768
38900,"Portland-Vancouver-Hillsboro, OR-WA",16-19, 119 ,5497.56392,444210.82039,666.49143,0.12123,444210.82039,1096.37840,3376.00000,114733.76650,2704555.34260,1644.55324,0.01433,2704555.34260,2705.29007,0.04792,0.00949
38900,"Portland-Vancouver-Hillsboro, OR-WA",20-24, 307 ,15428.66829,994112.91911,997.05211,0.06462,994112.91911,1640.15073,3678.00000,148562.91819,2464752.66650,1569.95308,0.01057,2464752.66650,2582.57281,0.10385,0.01089
39300,"Providence-Warwick, RI-MA",16-19, 87 ,3853.94295,264398.64908,514.19709,0.13342,264398.64908,845.85422,2957.00000,92752.83190,1991148.40320,1411.08058,0.01521,1991148.40320,2321.22755,0.04155,0.00906
39300,"Providence-Warwick, RI-MA",20-24, 228 ,10197.16387,459686.63350,678.00194,0.06649,459686.63350,1115.31319,3480.00000,123771.84798,1544210.31440,1242.66259,0.01004,1544210.31440,2044.17996,0.08239,0.00891
39340,"Provo-Orem, UT",16-19, 24 ,835.48095,62180.75689,249.36070,0.29846,62180.75689,410.19835,1381.00000,40366.94294,472733.29013,687.55603,0.01703,472733.29013,1131.02966,0.02070,0.01015
39340,"Provo-Orem, UT",20-24, 59 ,2935.72066,249238.53788,499.23796,0.17006,249238.53788,821.24644,1625.00000,68712.83882,400932.43651,633.19226,0.00922,400932.43651,1041.60127,0.04272,0.01193
39580,"Raleigh, NC",16-19, 47 ,2008.77115,156278.93145,395.32130,0.19680,156278.93145,650.30354,1823.00000,69848.24476,2020453.52530,1421.42658,0.02035,2020453.52530,2338.24673,0.02876,0.00926
39580,"Raleigh, NC",20-24, 120 ,6187.12408,504678.08171,710.40698,0.11482,504678.08171,1168.61949,1900.00000,82173.94591,1593363.47140,1262.28502,0.01536,1593363.47140,2076.45886,0.07529,0.01409
40060,"Richmond, VA",16-19, 57 ,2529.73313,117699.92340,343.07422,0.13562,117699.92340,564.35710,1856.00000,65869.27633,2063783.14230,1436.58733,0.02181,2063783.14230,2363.18615,0.03841,0.00846
40060,"Richmond, VA",20-24, 160 ,7597.49802,476453.38875,690.25603,0.09085,476453.38875,1135.47117,2214.00000,85819.39370,1564363.64020,1250.74523,0.01457,1564363.64020,2057.47591,0.08853,0.01306
40140,"Riverside-San Bernardino-Ontario, CA",16-19, 383 ,15898.95333,855216.87826,924.77937,0.05817,855216.87826,1521.26206,7334.00000,279096.34222,4280910.88630,2069.03622,0.00741,4280910.88630,3403.56458,0.05697,0.00541
40140,"Riverside-San Bernardino-Ontario, CA",20-24, 961 ,43857.98754,1994030.24360,1412.10136,0.03220,1994030.24360,2322.90673,8198.00000,350247.67629,3696986.72180,1922.75498,0.00549,3696986.72180,3162.93195,0.12522,0.00654
40380,"Rochester, NY",16-19, 71 ,2180.34230,77163.48806,277.78317,0.12740,77163.48806,456.95331,2347.00000,64802.52516,655608.81846,809.69674,0.01249,655608.81846,1331.95115,0.03365,0.00702
40380,"Rochester, NY",20-24, 170 ,6916.87794,316596.06248,562.66870,0.08135,316596.06248,925.59001,2562.00000,83784.78224,868790.58395,932.08936,0.01112,868790.58395,1533.28701,0.08256,0.01094
40900,"Sacramento--Roseville--Arden-Arcade, CA",16-19, 129 ,4855.79133,237961.54104,487.81302,0.10046,237961.54104,802.45242,3672.00000,123160.15564,2061368.04740,1435.74651,0.01166,2061368.04740,2361.80301,0.03943,0.00647
40900,"Sacramento--Roseville--Arden-Arcade, CA",20-24, 347 ,17332.29775,1060827.99820,1029.96505,0.05942,1060827.99820,1694.29250,4022.00000,167060.58664,1812770.22420,1346.39156,0.00806,1812770.22420,2214.81411,0.10375,0.01005
41180,"St. Louis, MO-IL",16-19, 139 ,5772.69479,349251.25301,590.97483,0.10237,349251.25301,972.15360,4049.00000,144911.14242,2411148.29980,1552.78727,0.01072,2411148.29980,2554.33506,0.03984,0.00667
41180,"St. Louis, MO-IL",20-24, 392 ,19465.23344,1566526.63130,1251.60962,0.06430,1566526.63130,2058.89782,4382.00000,188390.08131,2430088.14540,1558.87400,0.00827,2430088.14540,2564.34773,0.10332,0.01084
41620,"Salt Lake City, UT",16-19, 52 ,2240.30460,119134.16851,345.15818,0.15407,119134.16851,567.78520,1821.00000,65672.52931,1241559.45160,1114.25287,0.01697,1241559.45160,1832.94597,0.03411,0.00859
41620,"Salt Lake City, UT",20-24, 122 ,7043.07796,545950.53431,738.88466,0.10491,545950.53431,1215.46526,1971.00000,87095.64253,1405165.34480,1185.39670,0.01361,1405165.34480,1949.97758,0.08087,0.01384
41700,"San Antonio-New Braunfels, TX",16-19, 170 ,6753.48976,421041.95457,648.87746,0.09608,421041.95457,1067.40342,3585.00000,130629.56638,2494909.13620,1579.52814,0.01209,2494909.13620,2598.32379,0.05170,0.00811
41700,"San Antonio-New Braunfels, TX",20-24, 422 ,17920.35301,1192288.81530,1091.91978,0.06093,1192288.81530,1796.20805,4026.00000,168745.88474,2022884.71440,1422.28152,0.00843,2022884.71440,2339.65310,0.10620,0.01054
41740,"San Diego-Carlsbad, CA",16-19, 161 ,6675.64676,341283.92599,584.19511,0.08751,341283.92599,961.00096,4990.00000,179237.95224,4305103.41480,2074.87431,0.01158,4305103.41480,3413.16824,0.03724,0.00531
41740,"San Diego-Carlsbad, CA",20-24, 406 ,19274.07124,1110729.94950,1053.91174,0.05468,1110729.94950,1733.68481,6617.00000,271741.91039,2227808.01120,1492.58434,0.00549,2227808.01120,2455.30124,0.07093,0.00635
41860,"San Francisco-Oakland-Hayward, CA",16-19, 138 ,5271.93724,259308.27925,509.22321,0.09659,259308.27925,837.67218,6120.00000,201751.35575,4085392.75480,2021.23545,0.01002,4085392.75480,3324.93232,0.02613,0.00413
41860,"San Francisco-Oakland-Hayward, CA",20-24, 386 ,18257.38867,1068825.70210,1033.84027,0.05663,1068825.70210,1700.66724,7356.00000,286074.61646,3530913.74700,1879.07258,0.00657,3530913.74700,3091.07439,0.06382,0.00590
41940,"San Jose-Sunnyvale-Santa Clara, CA",16-19, 51 ,1903.07559,83762.63484,289.41775,0.15208,83762.63484,476.09220,2880.00000,88926.45817,1431947.39440,1196.64004,0.01346,1431947.39440,1968.47287,0.02140,0.00533
41940,"San Jose-Sunnyvale-Santa Clara, CA",20-24, 105 ,4027.70339,212655.66721,461.14604,0.11449,212655.66721,758.58523,3192.00000,118470.07097,1276596.33480,1129.86563,0.00954,1276596.33480,1858.62896,0.03400,0.00638
42540,"Scranton--Wilkes-Barre--Hazleton, PA",16-19, 28 ,892.27170,55357.46685,235.28168,0.26369,55357.46685,387.03836,971.00000,26303.14902,672032.79079,819.77606,0.03117,672032.79079,1348.53162,0.03392,0.01461
42540,"Scranton--Wilkes-Barre--Hazleton, PA",20-24, 81 ,3374.26766,197768.76079,444.71200,0.13180,197768.76079,731.55124,991.00000,34334.04507,509097.38718,713.51061,0.02078,509097.38718,1173.72495,0.09828,0.02104
42660,"Seattle-Tacoma-Bellevue, WA",16-19, 139 ,5826.25099,346323.78896,588.49281,0.10101,346323.78896,968.07067,5032.00000,171309.68763,3017718.17460,1737.15807,0.01014,3017718.17460,2857.62503,0.03401,0.00562
42660,"Seattle-Tacoma-Bellevue, WA",20-24, 343 ,15957.82071,1457826.30060,1207.40478,0.07566,1457826.30060,1986.18086,5755.00000,241456.83587,3499746.09330,1870.76083,0.00775,3499746.09330,3077.40157,0.06609,0.00818
44060,"Spokane-Spokane Valley, WA",16-19, 42 ,1329.67192,102709.83365,320.48375,0.24102,102709.83365,527.19577,1070.00000,30202.44197,553237.93088,743.79966,0.02463,553237.93088,1223.55044,0.04403,0.01736
44060,"Spokane-Spokane Valley, WA",20-24, 116 ,4056.34169,193068.49453,439.39560,0.10832,193068.49453,722.80576,1193.00000,43525.07682,547871.22359,740.18324,0.01701,547871.22359,1217.60142,0.09320,0.01640
44140,"Springfield, MA",16-19, 55 ,2373.44930,151441.05345,389.15428,0.16396,151441.05345,640.15879,1235.00000,34603.00326,647412.34585,804.61938,0.02325,647412.34585,1323.59888,0.06859,0.01831
44140,"Springfield, MA",20-24, 104 ,5352.61053,345475.32793,587.77149,0.10981,345475.32793,966.88411,1210.00000,44347.78215,577095.00711,759.66770,0.01713,577095.00711,1249.65336,0.12070,0.02154
44700,"Stockton-Lodi, CA",16-19, 82 ,2928.85608,152081.15195,389.97584,0.13315,152081.15195,641.51025,1287.00000,43506.76560,692918.23050,832.41710,0.01913,692918.23050,1369.32613,0.06732,0.01459
44700,"Stockton-Lodi, CA",20-24, 176 ,7036.27272,450796.02137,671.41345,0.09542,450796.02137,1104.47513,1332.00000,53383.79426,403329.35632,635.08217,0.01190,403329.35632,1044.71016,0.13181,0.02053
45060,"Syracuse, NY",16-19, 46 ,1210.84885,64354.70457,253.68229,0.20951,64354.70457,417.30737,1837.00000,44540.85700,598293.54988,773.49438,0.01737,598293.54988,1272.39825,0.02719,0.00934
45060,"Syracuse, NY",20-24, 137 ,4573.81795,215815.04427,464.55898,0.10157,215815.04427,764.19952,1940.00000,53967.57905,449384.87427,670.36175,0.01242,449384.87427,1102.74508,0.08475,0.01405
45300,"Tampa-St. Petersburg-Clearwater, FL",16-19, 207 ,8390.55686,459634.22376,677.96329,0.08080,459634.22376,1115.24961,4351.00000,134872.85781,1797298.29660,1340.63354,0.00994,1797298.29660,2205.34218,0.06221,0.00821
45300,"Tampa-St. Petersburg-Clearwater, FL",20-24, 498 ,20019.38766,1506934.47010,1227.57259,0.06132,1506934.47010,2019.35691,4911.00000,175834.59051,1379518.79810,1174.52918,0.00668,1379518.79810,1932.10050,0.11385,0.01142
45780,"Toledo, OH",16-19, 32 ,1205.60318,77372.24302,278.15867,0.23072,77372.24302,457.57100,1134.00000,37430.15778,898044.58585,947.65214,0.02532,898044.58585,1558.88778,0.03221,0.01215
45780,"Toledo, OH",20-24, 135 ,6381.47543,393386.60064,627.20539,0.09829,393386.60064,1031.75287,1326.00000,54379.28976,654932.09284,809.27875,0.01488,654932.09284,1331.26354,0.11735,0.01875
46060,"Tucson, AZ",16-19, 78 ,3397.77229,216707.06984,465.51807,0.13701,216707.06984,765.77722,1712.00000,54146.89643,1335461.45540,1155.62167,0.02134,1335461.45540,1900.99766,0.06275,0.01397
46060,"Tucson, AZ",20-24, 203 ,9874.62577,702947.06864,838.41939,0.08491,702947.06864,1379.19989,2004.00000,86380.23279,934337.27312,966.61123,0.01119,934337.27312,1590.07548,0.11432,0.01583
46140,"Tulsa, OK",16-19, 72 ,2235.54833,101153.36190,318.04616,0.14227,101153.36190,523.18594,1188.00000,40081.89610,803864.37759,896.58484,0.02237,803864.37759,1474.88206,0.05577,0.01289
46140,"Tulsa, OK",20-24, 164 ,6590.78461,399237.78180,631.85266,0.09587,399237.78180,1039.39762,1385.00000,55004.32501,403058.68582,634.86903,0.01154,403058.68582,1044.35956,0.11982,0.01876
46520,"Urban Honolulu, HI",16-19, 47 ,1428.14589,79879.75580,282.63007,0.19790,79879.75580,464.92646,1524.00000,45974.15713,852620.30742,923.37441,0.02008,852620.30742,1518.95091,0.03106,0.01006
46520,"Urban Honolulu, HI",20-24, 127 ,5439.17474,226069.09098,475.46723,0.08742,226069.09098,782.14360,2422.00000,80819.43105,1139891.60800,1067.65706,0.01321,1139891.60800,1756.29587,0.06730,0.00957
47260,"Virginia Beach-Norfolk-Newport News, VA-NC",16-19, 88 ,3977.61517,262685.96974,512.52899,0.12885,262685.96974,843.11020,2881.00000,93215.70741,2283500.18660,1511.12547,0.01621,2283500.18660,2485.80140,0.04267,0.00897
47260,"Virginia Beach-Norfolk-Newport News, VA-NC",20-24, 234 ,10623.97788,600477.14383,774.90460,0.07294,600477.14383,1274.71807,3930.00000,146478.51396,2425033.92370,1557.25204,0.01063,2425033.92370,2561.67961,0.07253,0.00861
47900,"Washington-Arlington-Alexandria, DC-VA-MD-WV",16-19, 178 ,8451.66913,567967.58458,753.63624,0.08917,567967.58458,1239.73162,8838.00000,296583.70001,7508903.37040,2740.23783,0.00924,7508903.37040,4507.69123,0.02850,0.00416
47900,"Washington-Arlington-Alexandria, DC-VA-MD-WV",20-24, 468 ,20892.32395,1752765.51790,1323.92051,0.06337,1752765.51790,2177.84924,10395.00000,380781.77892,6634726.83370,2575.79635,0.00676,6634726.83370,4237.18499,0.05487,0.00569
48620,"Wichita, KS",16-19, 22 ,1286.54648,95381.86582,308.83955,0.24005,95381.86582,508.04105,818.00000,32337.17786,606031.06421,778.47997,0.02407,606031.06421,1280.59955,0.03979,0.01563
48620,"Wichita, KS",20-24, 63 ,3358.37886,272743.11358,522.24813,0.15551,272743.11358,859.09818,820.00000,39503.17943,716462.40480,846.44102,0.02143,716462.40480,1392.39548,0.08502,0.02154
49180,"Winston-Salem, NC",16-19, 41 ,2297.11627,189924.31387,435.80307,0.18972,189924.31387,716.89605,980.00000,34119.14737,602069.17640,775.93117,0.02274,602069.17640,1276.40677,0.06733,0.02086
49180,"Winston-Salem, NC",20-24, 132 ,6495.71288,405361.16715,636.67980,0.09802,405361.16715,1047.33827,1086.00000,41434.12745,698037.90602,835.48663,0.02016,698037.90602,1374.37550,0.15677,0.02474
49340,"Worcester, MA-CT",16-19, 29 ,1221.89844,57388.97042,239.55995,0.19606,57388.97042,394.07612,1806.00000,54187.37469,759232.85128,871.33969,0.01608,759232.85128,1433.35379,0.02255,0.00725
49340,"Worcester, MA-CT",20-24, 79 ,4276.69849,244019.93070,493.98374,0.11551,244019.93070,812.60324,1766.00000,63979.35824,932039.00694,965.42167,0.01509,932039.00694,1588.11865,0.06684,0.01259
49660,"Youngstown-Warren-Boardman, OH-PA",16-19, 31 ,951.69801,43944.46987,209.62936,0.22027,43944.46987,344.84030,946.00000,28074.24965,562584.52095,750.05635,0.02672,562584.52095,1233.84269,0.03390,0.01219
49660,"Youngstown-Warren-Boardman, OH-PA",20-24, 116 ,4543.08717,214135.31479,462.74757,0.10186,214135.31479,761.21975,1040.00000,34766.07409,343592.54806,586.16768,0.01686,343592.54806,964.24583,0.13068,0.02159
