Assigned_CBSA,Assigned_CBSATitle,age_recode,sex,sex_label, sample_n ,DY,var_n,se_n,cv_n,se2_n,moe_n,sample_d,denom,var_d,se_d,cv_d,se2_d,moe_d,ShareDY,MOE_ShareDY
0,_US total,16-19,1,Male," 10,003 ",396278.66317,24260872.24200,4925.53269,0.01243,24260872.24200,8102.50127,265526.00000,8788071.82590,256988590.95000,16030.86370,0.00182,256988590.95000,26370.77079,0.04509,0.00091
0,_US total,16-19,2,Female," 9,768 ",387729.64238,25034550.82900,5003.45389,0.01290,25034550.82900,8230.68165,251330.00000,8352566.93180,137728900.99000,11735.79571,0.00141,137728900.99000,19305.38395,0.04642,0.00098
0,_US total,20-24,1,Male," 21,972 ",999742.82730,68994419.13100,8306.28793,0.00831,68994419.13100,13663.84364,296616.00000,11638475.21300,229446197.12000,15147.48154,0.00130,229446197.12000,24917.60714,0.08590,0.00116
0,_US total,20-24,2,Female," 28,426 ",1243298.37260,62302413.93700,7893.18782,0.00635,62302413.93700,12984.29396,279525.00000,11075824.09700,170818198.07000,13069.74361,0.00118,170818198.07000,21499.72824,0.11225,0.00115
10420,"Akron, OH",16-19,1,Male, 17 ,593.70869,43524.13654,208.62439,0.35139,43524.13654,343.18712,612.00000,21060.15472,373022.12841,610.75538,0.02900,373022.12841,1004.69259,0.02819,0.01624
10420,"Akron, OH",16-19,2,Female, 12 ,952.97460,83411.25809,288.81007,0.30306,83411.25809,475.09257,543.00000,19777.88128,391590.13295,625.77163,0.03164,391590.13295,1029.39433,0.04818,0.02389
10420,"Akron, OH",20-24,1,Male, 39 ,1957.58181,131750.61625,362.97468,0.18542,131750.61625,597.09334,631.00000,27600.49556,285426.11401,534.25286,0.01936,285426.11401,878.84595,0.07093,0.02152
10420,"Akron, OH",20-24,2,Female, 46 ,2067.78635,87747.52431,296.22209,0.14326,87747.52431,487.28533,659.00000,28616.90185,288829.02317,537.42816,0.01878,288829.02317,884.06932,0.07226,0.01688
10580,"Albany-Schenectady-Troy, NY",16-19,1,Male, 13 ,739.19508,33968.94343,184.30666,0.24933,33968.94343,303.18445,841.00000,24530.30172,564644.07571,751.42802,0.03063,564644.07571,1236.09910,0.03013,0.01227
10580,"Albany-Schenectady-Troy, NY",16-19,2,Female, 21 ,1257.45036,102856.88177,320.71308,0.25505,102856.88177,527.57302,782.00000,24865.36434,724469.51597,851.15775,0.03423,724469.51597,1400.15450,0.05057,0.02103
10580,"Albany-Schenectady-Troy, NY",20-24,1,Male, 32 ,1594.39913,126425.79677,355.56405,0.22301,126425.79677,584.90287,944.00000,34319.41256,469016.60209,684.84787,0.01996,469016.60209,1126.57474,0.04646,0.01697
10580,"Albany-Schenectady-Troy, NY",20-24,2,Female, 36 ,1875.92931,104964.42475,323.98214,0.17270,104964.42475,532.95061,851.00000,32945.93945,360586.44345,600.48850,0.01823,360586.44345,987.80359,0.05694,0.01609
10740,"Albuquerque, NM",16-19,1,Male, 35 ,1497.27212,94973.48910,308.17769,0.20583,94973.48910,506.95230,571.00000,24270.79724,693149.32218,832.55590,0.03430,693149.32218,1369.55445,0.06169,0.02060
10740,"Albuquerque, NM",16-19,2,Female, 36 ,1287.72535,80890.34971,284.41229,0.22086,80890.34971,467.85821,549.00000,22353.00414,994197.34951,997.09445,0.04461,994197.34951,1640.22038,0.05761,0.02050
10740,"Albuquerque, NM",20-24,1,Male, 61 ,2786.54618,142132.61250,377.00479,0.13529,142132.61250,620.17288,619.00000,32404.03818,622541.93493,789.01327,0.02435,622541.93493,1297.92682,0.08599,0.01883
10740,"Albuquerque, NM",20-24,2,Female, 102 ,4910.03111,334079.29855,577.99593,0.11772,334079.29855,950.80331,664.00000,30737.69788,787656.73247,887.50027,0.02887,787656.73247,1459.93795,0.15974,0.02999
10900,"Allentown-Bethlehem-Easton, PA-NJ",16-19,1,Male, 15 ,528.97242,28376.20759,168.45239,0.31845,28376.20759,277.10418,699.00000,23645.65394,587782.58576,766.66980,0.03242,587782.58576,1261.17182,0.02237,0.01166
10900,"Allentown-Bethlehem-Easton, PA-NJ",16-19,2,Female, 17 ,1331.16889,145180.57104,381.02568,0.28623,145180.57104,626.78725,604.00000,21676.79758,598616.36985,773.70302,0.03569,598616.36985,1272.74148,0.06141,0.02869
10900,"Allentown-Bethlehem-Easton, PA-NJ",20-24,1,Male, 38 ,2073.03863,138086.84554,371.60038,0.17925,138086.84554,611.28263,660.00000,26730.59486,299705.89047,547.45401,0.02048,299705.89047,900.56184,0.07755,0.02272
10900,"Allentown-Bethlehem-Easton, PA-NJ",20-24,2,Female, 43 ,2168.83438,169910.60844,412.20215,0.19006,169910.60844,678.07253,688.00000,26053.89262,660425.07306,812.66541,0.03119,660425.07306,1336.83460,0.08324,0.02567
12060,"Atlanta-Sandy Springs-Roswell, GA",16-19,1,Male, 154 ,6995.12329,377756.01508,614.61859,0.08786,377756.01508,1011.04759,4029.00000,156358.96631,4529085.08060,2128.16472,0.01361,4529085.08060,3500.83097,0.04474,0.00639
12060,"Atlanta-Sandy Springs-Roswell, GA",16-19,2,Female, 156 ,7199.69194,386538.63110,621.72231,0.08635,386538.63110,1022.73320,3751.00000,148400.61571,4191768.54240,2047.38090,0.01380,4191768.54240,3367.94158,0.04852,0.00680
12060,"Atlanta-Sandy Springs-Roswell, GA",20-24,1,Male, 313 ,17019.95803,1164657.21460,1079.19285,0.06341,1164657.21460,1775.27224,4108.00000,184093.22729,2143345.43070,1464.01688,0.00795,2143345.43070,2408.30777,0.09245,0.00957
12060,"Atlanta-Sandy Springs-Roswell, GA",20-24,2,Female, 408 ,21665.42264,1270918.69520,1127.35030,0.05203,1270918.69520,1854.49124,4016.00000,183874.02554,2958230.24060,1719.95065,0.00935,2958230.24060,2829.31882,0.11783,0.00992
12260,"Augusta-Richmond County, GA-SC",16-19,1,Male, 21 ,1267.31675,87777.04539,296.27191,0.23378,87777.04539,487.36729,427.00000,15956.45652,536734.17738,732.62144,0.04591,536734.17738,1205.16227,0.07942,0.02995
12260,"Augusta-Richmond County, GA-SC",16-19,2,Female, 25 ,878.23388,30177.07594,173.71550,0.19780,30177.07594,285.76200,362.00000,13779.64545,279359.18450,528.54440,0.03836,279359.18450,869.45554,0.06373,0.02034
12260,"Augusta-Richmond County, GA-SC",20-24,1,Male, 38 ,2340.10000,181013.77369,425.45713,0.18181,181013.77369,699.87699,427.00000,18647.06434,385893.69503,621.20342,0.03331,385893.69503,1021.87963,0.12549,0.03690
12260,"Augusta-Richmond County, GA-SC",20-24,2,Female, 59 ,2133.06171,137103.17616,370.27446,0.17359,137103.17616,609.10149,391.00000,18652.74298,274483.51974,523.91175,0.02809,274483.51974,861.83483,0.11436,0.03222
12420,"Austin-Round Rock, TX",16-19,1,Male, 39 ,1826.52245,127817.32931,357.51550,0.19574,127817.32931,588.11299,1457.00000,51818.45117,1313263.71840,1145.97719,0.02212,1313263.71840,1885.13248,0.03525,0.01128
12420,"Austin-Round Rock, TX",16-19,2,Female, 45 ,2082.35987,124862.54189,353.35894,0.16969,124862.54189,581.27546,1514.00000,50651.43653,1477102.72540,1215.36115,0.02399,1477102.72540,1999.26909,0.04111,0.01136
12420,"Austin-Round Rock, TX",20-24,1,Male, 79 ,3441.94217,291649.73543,540.04605,0.15690,291649.73543,888.37575,1828.00000,75173.36144,1039476.65330,1019.54728,0.01356,1039476.65330,1677.15527,0.04579,0.01177
12420,"Austin-Round Rock, TX",20-24,2,Female, 122 ,5764.19976,338960.34175,582.20301,0.10100,338960.34175,957.72395,1823.00000,72155.16011,802526.94145,895.83868,0.01242,802526.94145,1473.65463,0.07989,0.01317
12540,"Bakersfield, CA",16-19,1,Male, 43 ,2136.40534,133611.23043,365.52870,0.17110,133611.23043,601.29471,743.00000,28514.73164,709150.85247,842.11095,0.02953,709150.85247,1385.27251,0.07492,0.02077
12540,"Bakersfield, CA",16-19,2,Female, 40 ,1687.34624,99212.97741,314.98092,0.18667,99212.97741,518.14361,627.00000,25066.50848,486088.28412,697.20032,0.02781,486088.28412,1146.89452,0.06731,0.02044
12540,"Bakersfield, CA",20-24,1,Male, 107 ,5224.69049,334840.36518,578.65393,0.11075,334840.36518,951.88571,910.00000,37807.61148,399539.54564,632.09141,0.01672,399539.54564,1039.79036,0.13819,0.02489
12540,"Bakersfield, CA",20-24,2,Female, 135 ,6503.05775,336068.47272,579.71413,0.08914,336068.47272,953.62974,717.00000,33872.66382,338836.54043,582.09668,0.01718,338836.54043,957.54903,0.19199,0.02763
12580,"Baltimore-Columbia-Towson, MD",16-19,1,Male, 62 ,2931.75999,190798.50376,436.80488,0.14899,190798.50376,718.54403,2086.00000,73477.56030,1708943.90330,1307.26581,0.01779,1708943.90330,2150.45226,0.03990,0.00971
12580,"Baltimore-Columbia-Towson, MD",16-19,2,Female, 52 ,2388.22933,195739.60236,442.42469,0.18525,195739.60236,727.78861,1966.00000,70044.86900,1187914.32500,1089.91482,0.01556,1187914.32500,1792.90989,0.03410,0.01035
12580,"Baltimore-Columbia-Towson, MD",20-24,1,Male, 144 ,6590.60325,409333.10241,639.79145,0.09708,409333.10241,1052.45694,2551.00000,93640.96128,1086361.12490,1042.28649,0.01113,1086361.12490,1714.56127,0.07038,0.01117
12580,"Baltimore-Columbia-Towson, MD",20-24,2,Female, 156 ,7049.06598,499548.43744,706.78741,0.10027,499548.43744,1162.66528,2536.00000,94566.60125,1116277.69830,1056.54044,0.01117,1116277.69830,1738.00902,0.07454,0.01222
12940,"Baton Rouge, LA",16-19,1,Male, 23 ,1216.85371,90915.59932,301.52214,0.24779,90915.59932,496.00392,540.00000,21958.14131,633525.55086,795.94318,0.03625,633525.55086,1309.32654,0.05542,0.02235
12940,"Baton Rouge, LA",16-19,2,Female, 23 ,1138.40880,92282.77132,303.78079,0.26685,92282.77132,499.71941,517.00000,22894.75974,1005292.57750,1002.64280,0.04379,1005292.57750,1649.34740,0.04972,0.02153
12940,"Baton Rouge, LA",20-24,1,Male, 55 ,3533.96631,304633.69600,551.93632,0.15618,304633.69600,907.93524,683.00000,37526.33115,564225.89637,751.14972,0.02002,564225.89637,1235.64128,0.09417,0.02400
12940,"Baton Rouge, LA",20-24,2,Female, 65 ,4387.62521,326237.92776,571.17242,0.13018,326237.92776,939.57862,591.00000,34782.95626,624925.15313,790.52208,0.02273,624925.15313,1300.40882,0.12614,0.02660
13820,"Birmingham-Hoover, AL",16-19,1,Male, 32 ,1912.02237,169485.61756,411.68631,0.21531,169485.61756,677.22398,791.00000,30317.93559,815470.11912,903.03384,0.02979,815470.11912,1485.49067,0.06307,0.02212
13820,"Birmingham-Hoover, AL",16-19,2,Female, 38 ,1654.54185,81583.17236,285.62768,0.17263,81583.17236,469.85754,793.00000,28025.61994,611772.45750,782.15884,0.02791,611772.45750,1286.65130,0.05904,0.01654
13820,"Birmingham-Hoover, AL",20-24,1,Male, 94 ,5213.64137,350759.35858,592.24941,0.11360,350759.35858,974.25027,831.00000,35442.97021,592898.85570,769.99926,0.02173,592898.85570,1266.64878,0.14710,0.02698
13820,"Birmingham-Hoover, AL",20-24,2,Female, 99 ,4320.97744,165702.89759,407.06621,0.09421,165702.89759,669.62391,852.00000,36043.26642,432175.20773,657.40034,0.01824,432175.20773,1081.42356,0.11988,0.01823
14260,"Boise City, ID",16-19,1,Male, 17 ,1204.34421,99187.28549,314.94013,0.26150,99187.28549,518.07651,384.00000,17867.47675,657156.04179,810.65162,0.04537,657156.04179,1333.52191,0.06740,0.02856
14260,"Boise City, ID",16-19,2,Female, 13 ,796.59387,95475.45007,308.99102,0.38789,95475.45007,508.29023,384.00000,17849.04229,556752.35572,746.15840,0.04180,556752.35572,1227.43057,0.04463,0.02831
14260,"Boise City, ID",20-24,1,Male, 27 ,1456.85410,83279.05851,288.58111,0.19809,83279.05851,474.71593,427.00000,23020.03035,448653.25027,669.81583,0.02910,448653.25027,1101.84705,0.06329,0.02040
14260,"Boise City, ID",20-24,2,Female, 46 ,2619.05807,285585.34389,534.40186,0.20404,285585.34389,879.09105,414.00000,21662.58465,354328.69452,595.25515,0.02748,354328.69452,979.19472,0.12090,0.04021
14460,"Boston-Cambridge-Newton, MA-NH",16-19,1,Male, 78 ,2772.79998,154708.72317,393.33030,0.14185,154708.72317,647.02834,4181.00000,130219.23055,2532068.23610,1591.24738,0.01222,2532068.23610,2617.60195,0.02129,0.00495
14460,"Boston-Cambridge-Newton, MA-NH",16-19,2,Female, 37 ,1348.96945,65809.57214,256.53376,0.19017,65809.57214,421.99804,4332.00000,131259.59377,2414760.67370,1553.95002,0.01184,2414760.67370,2556.24779,0.01028,0.00321
14460,"Boston-Cambridge-Newton, MA-NH",20-24,1,Male, 156 ,6970.06414,529462.47458,727.64172,0.10440,529462.47458,1196.97063,4904.00000,170418.98528,1928734.99860,1388.78904,0.00815,1928734.99860,2284.55797,0.04090,0.00700
14460,"Boston-Cambridge-Newton, MA-NH",20-24,2,Female, 163 ,6591.01781,241679.42858,491.60902,0.07459,241679.42858,808.69684,5409.00000,172890.45156,1977295.97120,1406.16356,0.00813,1977295.97120,2313.13906,0.03812,0.00465
14860,"Bridgeport-Stamford-Norwalk, CT",16-19,1,Male, 20 ,1052.33227,74134.93827,272.27732,0.25874,74134.93827,447.89619,768.00000,27682.37843,444116.86554,666.42094,0.02407,444116.86554,1096.26244,0.03801,0.01611
14860,"Bridgeport-Stamford-Norwalk, CT",16-19,2,Female, 11 ,556.85397,40144.63017,200.36125,0.35981,40144.63017,329.59425,774.00000,24939.33193,500886.60567,707.73343,0.02838,500886.60567,1164.22149,0.02233,0.01317
14860,"Bridgeport-Stamford-Norwalk, CT",20-24,1,Male, 25 ,996.68091,41427.00224,203.53624,0.20421,41427.00224,334.81712,748.00000,27566.82788,210725.95471,459.04897,0.01665,210725.95471,755.13555,0.03616,0.01211
14860,"Bridgeport-Stamford-Norwalk, CT",20-24,2,Female, 38 ,1609.34920,65940.67698,256.78917,0.15956,65940.67698,422.41818,697.00000,27260.36231,264294.48615,514.09579,0.01886,264294.48615,845.68758,0.05904,0.01539
15380,"Buffalo-Cheektowaga-Niagara Falls, NY",16-19,1,Male, 36 ,1502.76368,74395.49986,272.75538,0.18150,74395.49986,448.68261,1005.00000,32093.00987,516626.44745,718.76731,0.02240,516626.44745,1182.37223,0.04683,0.01387
15380,"Buffalo-Cheektowaga-Niagara Falls, NY",16-19,2,Female, 34 ,1107.27030,57655.86026,240.11635,0.21685,57655.86026,394.99139,951.00000,30907.71826,440574.93480,663.75819,0.02148,440574.93480,1091.88222,0.03583,0.01272
15380,"Buffalo-Cheektowaga-Niagara Falls, NY",20-24,1,Male, 70 ,2896.35176,162787.44640,403.46926,0.13930,162787.44640,663.70694,1230.00000,42094.30030,605125.42916,777.89808,0.01848,605125.42916,1279.64235,0.06881,0.01563
15380,"Buffalo-Cheektowaga-Niagara Falls, NY",20-24,2,Female, 73 ,3188.68996,131120.32080,362.10540,0.11356,131120.32080,595.66338,1145.00000,41494.08691,342018.50848,584.82348,0.01409,342018.50848,962.03463,0.07685,0.01424
15980,"Cape Coral-Fort Myers, FL",16-19,1,Male, 15 ,738.09040,63956.85801,252.89693,0.34264,63956.85801,416.01545,440.00000,13745.67900,243887.07836,493.84925,0.03593,243887.07836,812.38201,0.05370,0.03010
15980,"Cape Coral-Fort Myers, FL",16-19,2,Female, 19 ,764.17478,47330.33253,217.55536,0.28469,47330.33253,357.87856,493.00000,14369.26102,283859.13742,532.78433,0.03708,283859.13742,876.43022,0.05318,0.02469
15980,"Cape Coral-Fort Myers, FL",20-24,1,Male, 49 ,1998.03269,91945.12766,303.22455,0.15176,91945.12766,498.80438,464.00000,18811.56991,218572.81892,467.51772,0.02485,218572.81892,769.06665,0.10621,0.02616
15980,"Cape Coral-Fort Myers, FL",20-24,2,Female, 48 ,2079.13428,121857.18963,349.08049,0.16790,121857.18963,574.23741,414.00000,17679.57367,90807.67625,301.34312,0.01704,90807.67625,495.70943,0.11760,0.03231
16700,"Charleston-North Charleston, SC",16-19,1,Male, 12 ,538.84085,43591.44491,208.78564,0.38747,43591.44491,343.45238,508.00000,19312.71039,488391.95153,698.85045,0.03619,488391.95153,1149.60899,0.02790,0.01771
16700,"Charleston-North Charleston, SC",16-19,2,Female, 16 ,742.79118,40301.70892,200.75286,0.27027,40301.70892,330.23845,464.00000,16755.33608,441367.85223,664.35522,0.03965,441367.85223,1092.86433,0.04433,0.01950
16700,"Charleston-North Charleston, SC",20-24,1,Male, 48 ,2206.65798,187274.52345,432.75227,0.19611,187274.52345,711.87748,783.00000,29121.66626,343749.28539,586.30136,0.02013,343749.28539,964.46574,0.07577,0.02432
16700,"Charleston-North Charleston, SC",20-24,2,Female, 81 ,3353.94844,164510.30130,405.59869,0.12093,164510.30130,667.20985,664.00000,26043.39781,251048.95308,501.04786,0.01924,251048.95308,824.22372,0.12878,0.02529
16740,"Charlotte-Concord-Gastonia, NC-SC",16-19,1,Male, 72 ,2389.08290,76864.16900,277.24388,0.11605,76864.16900,456.06618,1854.00000,63407.90032,1494670.07310,1222.56700,0.01928,1494670.07310,2011.12272,0.03768,0.00709
16740,"Charlotte-Concord-Gastonia, NC-SC",16-19,2,Female, 64 ,2093.73839,102789.31965,320.60773,0.15313,102789.31965,527.39972,1762.00000,59781.46923,1682703.57790,1297.19065,0.02170,1682703.57790,2133.87862,0.03502,0.00873
16740,"Charlotte-Concord-Gastonia, NC-SC",20-24,1,Male, 165 ,7255.51315,506432.68511,711.64084,0.09808,506432.68511,1170.64918,2001.00000,78138.31036,1143684.13530,1069.43169,0.01369,1143684.13530,1759.21513,0.09285,0.01484
16740,"Charlotte-Concord-Gastonia, NC-SC",20-24,2,Female, 237 ,10648.34417,549925.24245,741.56945,0.06964,549925.24245,1219.88174,1988.00000,75463.75302,1082919.76590,1040.63431,0.01379,1082919.76590,1711.84344,0.14111,0.01585
16860,"Chattanooga, TN-GA",16-19,1,Male, 29 ,763.80641,30934.21736,175.88126,0.23027,30934.21736,289.32467,470.00000,14441.58510,286634.79802,535.38285,0.03707,286634.79802,880.70479,0.05289,0.01977
16860,"Chattanooga, TN-GA",16-19,2,Female, 26 ,1056.44039,39029.14959,197.55797,0.18700,39029.14959,324.98285,379.00000,12027.07608,213145.42430,461.67675,0.03839,213145.42430,759.45826,0.08784,0.02645
16860,"Chattanooga, TN-GA",20-24,1,Male, 44 ,1952.85683,133147.32280,364.89358,0.18685,133147.32280,600.24993,473.00000,17110.61655,252791.65669,502.78391,0.02938,252791.65669,827.07953,0.11413,0.03464
16860,"Chattanooga, TN-GA",20-24,2,Female, 54 ,2067.29565,91794.26138,302.97568,0.14656,91794.26138,498.39499,508.00000,18468.46940,127872.98159,357.59332,0.01936,127872.98159,588.24101,0.11194,0.02675
16980,"Chicago-Naperville-Elgin, IL-IN-WI",16-19,1,Male, 248 ,11315.74637,861821.19718,928.34325,0.08204,861821.19718,1527.12465,7090.00000,265993.10662,6615748.70530,2572.10978,0.00967,6615748.70530,4231.12058,0.04254,0.00570
16980,"Chicago-Naperville-Elgin, IL-IN-WI",16-19,2,Female, 213 ,10622.80990,704635.00189,839.42540,0.07902,704635.00189,1380.85478,6523.00000,248926.91511,5174877.54500,2274.83572,0.00914,5174877.54500,3742.10476,0.04267,0.00551
16980,"Chicago-Naperville-Elgin, IL-IN-WI",20-24,1,Male, 580 ,30113.40953,1618171.45160,1272.07368,0.04224,1618171.45160,2092.56121,7565.00000,328923.17221,4303072.98850,2074.38497,0.00631,4303072.98850,3412.36327,0.09155,0.00629
16980,"Chicago-Naperville-Elgin, IL-IN-WI",20-24,2,Female, 593 ,30382.90471,1767907.27710,1329.62674,0.04376,1767907.27710,2187.23599,7351.00000,318964.30661,3870321.71290,1967.31332,0.00617,3870321.71290,3236.23042,0.09525,0.00679
17140,"Cincinnati, OH-KY-IN",16-19,1,Male, 64 ,2240.57327,130268.93704,360.92788,0.16109,130268.93704,593.72637,1699.00000,57559.43423,1190752.92570,1091.21626,0.01896,1190752.92570,1795.05075,0.03893,0.01024
17140,"Cincinnati, OH-KY-IN",16-19,2,Female, 50 ,2350.86444,106418.45426,326.21841,0.13877,106418.45426,536.62929,1516.00000,53951.20632,1350581.10490,1162.14504,0.02154,1350581.10490,1911.72860,0.04357,0.00983
17140,"Cincinnati, OH-KY-IN",20-24,1,Male, 107 ,5076.52756,358015.39294,598.34388,0.11786,358015.39294,984.27567,1714.00000,71811.62216,759721.26738,871.61991,0.01214,759721.26738,1433.81475,0.07069,0.01363
17140,"Cincinnati, OH-KY-IN",20-24,2,Female, 160 ,6445.99530,253295.93205,503.28514,0.07808,253295.93205,827.90406,1745.00000,70399.24617,1057493.67290,1028.34511,0.01461,1057493.67290,1691.62771,0.09156,0.01155
17460,"Cleveland-Elyria, OH",16-19,1,Male, 56 ,2638.07303,116605.74881,341.47584,0.12944,116605.74881,561.72776,1778.00000,57242.08772,962741.54375,981.19394,0.01714,962741.54375,1614.06403,0.04609,0.00973
17460,"Cleveland-Elyria, OH",16-19,2,Female, 81 ,3086.66555,127129.78758,356.55264,0.11551,127129.78758,586.52910,1591.00000,52654.26629,832515.94909,912.42312,0.01733,832515.94909,1500.93603,0.05862,0.01101
17460,"Cleveland-Elyria, OH",20-24,1,Male, 150 ,6535.42428,383287.14918,619.10189,0.09473,383287.14918,1018.42261,1700.00000,63423.60081,652632.61738,807.85681,0.01274,652632.61738,1328.92444,0.10304,0.01591
17460,"Cleveland-Elyria, OH",20-24,2,Female, 160 ,7182.54374,434580.55024,659.22724,0.09178,434580.55024,1084.42881,1697.00000,63807.09924,601811.71244,775.76524,0.01216,601811.71244,1276.13382,0.11257,0.01685
17820,"Colorado Springs, CO",16-19,1,Male, 20 ,891.10549,48365.64993,219.92192,0.24680,48365.64993,361.77155,540.00000,20005.22470,644677.01442,802.91781,0.04014,644677.01442,1320.79980,0.04454,0.01784
17820,"Colorado Springs, CO",16-19,2,Female, 15 ,533.48608,27781.70788,166.67846,0.31243,27781.70788,274.18606,481.00000,17342.62180,430144.83262,655.85428,0.03782,430144.83262,1078.88029,0.03076,0.01569
17820,"Colorado Springs, CO",20-24,1,Male, 35 ,2205.51346,260653.32426,510.54219,0.23148,260653.32426,839.84190,852.00000,31133.31470,389736.96555,624.28917,0.02005,389736.96555,1026.95568,0.07084,0.02687
17820,"Colorado Springs, CO",20-24,2,Female, 47 ,2239.21581,142018.55576,376.85349,0.16830,142018.55576,619.92400,543.00000,23992.47095,200417.16633,447.67976,0.01866,200417.16633,736.43320,0.09333,0.02568
17900,"Columbia, SC",16-19,1,Male, 31 ,1952.67161,200134.98222,447.36448,0.22910,200134.98222,735.91458,793.00000,26657.65615,546491.45066,739.25060,0.02773,546491.45066,1216.06724,0.07325,0.02740
17900,"Columbia, SC",16-19,2,Female, 17 ,507.42846,22188.17009,148.95694,0.29355,22188.17009,245.03417,710.00000,22366.49195,556020.51244,745.66783,0.03334,556020.51244,1226.62358,0.02269,0.01088
17900,"Columbia, SC",20-24,1,Male, 64 ,2806.39873,270281.90712,519.88644,0.18525,270281.90712,855.21319,915.00000,34968.75550,600654.73898,775.01919,0.02216,600654.73898,1274.90656,0.08025,0.02428
17900,"Columbia, SC",20-24,2,Female, 61 ,2738.20889,193452.86661,439.83277,0.16063,193452.86661,723.52491,864.00000,32513.06260,515386.74435,717.90441,0.02208,515386.74435,1180.95276,0.08422,0.02204
18140,"Columbus, OH",16-19,1,Male, 52 ,1687.05379,67903.23579,260.58249,0.15446,67903.23579,428.65820,1452.00000,51487.51344,865600.70042,930.37664,0.01807,865600.70042,1530.46958,0.03277,0.00827
18140,"Columbus, OH",16-19,2,Female, 42 ,1380.76404,79034.01798,281.12990,0.20360,79034.01798,462.45868,1304.00000,46851.00138,1222940.44920,1105.86638,0.02360,1222940.44920,1819.15019,0.02947,0.00980
18140,"Columbus, OH",20-24,1,Male, 120 ,5491.11376,488580.11208,698.98506,0.12729,488580.11208,1149.83042,1650.00000,66335.31554,916907.14902,957.55269,0.01444,916907.14902,1575.17417,0.08278,0.01722
18140,"Columbus, OH",20-24,2,Female, 129 ,6043.14595,450524.95329,671.21156,0.11107,450524.95329,1104.14301,1630.00000,66489.71426,749400.30736,865.67910,0.01302,749400.30736,1424.04212,0.09089,0.01649
19100,"Dallas-Fort Worth-Arlington, TX",16-19,1,Male, 190 ,7727.56813,400678.07783,632.99137,0.08191,400678.07783,1041.27081,5282.00000,189365.47174,3585482.75640,1893.53710,0.01000,3585482.75640,3114.86853,0.04081,0.00546
19100,"Dallas-Fort Worth-Arlington, TX",16-19,2,Female, 212 ,9550.42007,545618.00931,738.65960,0.07734,545618.00931,1215.09505,5023.00000,178642.07812,3873892.05930,1968.22053,0.01102,3873892.05930,3237.72277,0.05346,0.00673
19100,"Dallas-Fort Worth-Arlington, TX",20-24,1,Male, 348 ,16051.50083,1060397.35400,1029.75597,0.06415,1060397.35400,1693.94857,5334.00000,228155.42211,3777556.40720,1943.59368,0.00852,3777556.40720,3197.21161,0.07035,0.00736
19100,"Dallas-Fort Worth-Arlington, TX",20-24,2,Female, 590 ,28316.06734,1976180.85120,1405.76700,0.04965,1976180.85120,2312.48671,5344.00000,225926.83184,2373586.46600,1540.64482,0.00682,2373586.46600,2534.36073,0.12533,0.01014
19380,"Dayton, OH",16-19,1,Male, 20 ,791.23054,37529.40112,193.72507,0.24484,37529.40112,318.67773,644.00000,21751.54693,378748.23715,615.42525,0.02829,378748.23715,1012.37453,0.03638,0.01455
19380,"Dayton, OH",16-19,2,Female, 19 ,646.91807,34180.75761,184.88039,0.28579,34180.75761,304.12824,671.00000,21222.16156,476752.15598,690.47242,0.03254,476752.15598,1135.82712,0.03048,0.01424
19380,"Dayton, OH",20-24,1,Male, 58 ,2676.29386,153002.67023,391.15556,0.14616,153002.67023,643.45089,738.00000,28993.46313,299978.99331,547.70338,0.01889,299978.99331,900.97206,0.09231,0.02201
19380,"Dayton, OH",20-24,2,Female, 45 ,2229.33921,122411.95210,349.87419,0.15694,122411.95210,575.54305,785.00000,28694.29813,339347.73852,582.53561,0.02030,339347.73852,958.27108,0.07769,0.01989
19660,"Deltona-Daytona Beach-Ormond Beach, FL",16-19,1,Male, 19 ,739.07141,37752.26204,194.29941,0.26290,37752.26204,319.62253,411.00000,14870.92941,509492.76580,713.78762,0.04800,509492.76580,1174.18063,0.04970,0.02113
19660,"Deltona-Daytona Beach-Ormond Beach, FL",16-19,2,Female, 21 ,743.47339,48639.08269,220.54270,0.29664,48639.08269,362.79274,441.00000,14794.91386,486434.94333,697.44888,0.04714,486434.94333,1147.30341,0.05025,0.02421
19660,"Deltona-Daytona Beach-Ormond Beach, FL",20-24,1,Male, 44 ,2241.13838,159384.73609,399.23018,0.17814,159384.73609,656.73365,464.00000,18688.85429,308221.32931,555.17685,0.02971,308221.32931,913.26591,0.11992,0.03465
19660,"Deltona-Daytona Beach-Ormond Beach, FL",20-24,2,Female, 52 ,2166.48476,104424.53537,323.14785,0.14916,104424.53537,531.57822,440.00000,18155.97561,265439.12438,515.20785,0.02838,265439.12438,847.51691,0.11933,0.02874
19740,"Denver-Aurora-Lakewood, CO",16-19,1,Male, 61 ,2538.67809,118976.87576,344.93025,0.13587,118976.87576,567.41026,1961.00000,66837.51697,1180429.57530,1086.47576,0.01626,1180429.57530,1787.25262,0.03798,0.00843
19740,"Denver-Aurora-Lakewood, CO",16-19,2,Female, 50 ,2337.01088,214853.71754,463.52316,0.19834,214853.71754,762.49559,1752.00000,62564.53774,1597328.84090,1263.85475,0.02020,1597328.84090,2079.04107,0.03735,0.01212
19740,"Denver-Aurora-Lakewood, CO",20-24,1,Male, 116 ,4842.60311,198585.23460,445.62903,0.09202,198585.23460,733.05976,2152.00000,87667.73163,1328700.23010,1152.69260,0.01315,1328700.23010,1896.17933,0.05524,0.00828
19740,"Denver-Aurora-Lakewood, CO",20-24,2,Female, 141 ,6906.11086,528367.16337,726.88869,0.10525,528367.16337,1195.73189,2051.00000,87389.05929,1590766.13430,1261.25578,0.01443,1590766.13430,2074.76575,0.07903,0.01355
19780,"Des Moines-West Des Moines, IA",16-19,1,Male, 10 ,705.32420,56812.80324,238.35436,0.33794,56812.80324,392.09293,413.00000,16608.84923,507187.68096,712.17110,0.04288,507187.68096,1171.52147,0.04247,0.02342
19780,"Des Moines-West Des Moines, IA",16-19,2,Female, 9 ,427.53612,32631.89959,180.64302,0.42252,32631.89959,297.15776,450.00000,16027.51913,527380.12120,726.20942,0.04531,527380.12120,1194.61450,0.02668,0.01843
19780,"Des Moines-West Des Moines, IA",20-24,1,Male, 13 ,880.82819,65262.70782,255.46567,0.29003,65262.70782,420.24102,429.00000,20845.73027,439591.93182,663.01729,0.03181,439591.93182,1090.66345,0.04225,0.02004
19780,"Des Moines-West Des Moines, IA",20-24,2,Female, 20 ,1309.63416,109075.44611,330.26572,0.25218,109075.44611,543.28711,394.00000,20439.12076,280316.10084,529.44887,0.02590,280316.10084,870.94338,0.06407,0.02644
19820,"Detroit-Warren-Dearborn, MI",16-19,1,Male, 117 ,5514.84497,356489.68884,597.06757,0.10827,356489.68884,982.17616,2785.00000,112902.26049,2392537.95700,1546.78310,0.01370,2392537.95700,2544.45820,0.04885,0.00863
19820,"Detroit-Warren-Dearborn, MI",16-19,2,Female, 127 ,6600.41391,498258.33608,705.87416,0.10694,498258.33608,1161.16300,2599.00000,108210.13603,3036852.11250,1742.65662,0.01610,3036852.11250,2866.67015,0.06100,0.01061
19820,"Detroit-Warren-Dearborn, MI",20-24,1,Male, 290 ,17894.30997,1074808.61900,1036.72977,0.05794,1074808.61900,1705.42047,2890.00000,140492.21915,1526665.23270,1235.58295,0.00879,1526665.23270,2032.53396,0.12737,0.01200
19820,"Detroit-Warren-Dearborn, MI",20-24,2,Female, 331 ,18567.20854,1132811.35520,1064.33611,0.05732,1132811.35520,1750.83290,2824.00000,136798.25812,1383079.51050,1176.04401,0.00860,1383079.51050,1934.59239,0.13573,0.01265
21340,"El Paso, TX",16-19,1,Male, 33 ,1602.35296,119798.75694,346.11957,0.21601,119798.75694,569.36669,759.00000,28609.73939,428236.69186,654.39796,0.02287,428236.69186,1076.48465,0.05601,0.01979
21340,"El Paso, TX",16-19,2,Female, 52 ,2011.05143,112793.65958,335.84767,0.16700,112793.65958,552.46942,741.00000,26091.10004,328974.82087,573.56327,0.02198,328974.82087,943.51157,0.07708,0.02099
21340,"El Paso, TX",20-24,1,Male, 81 ,3902.53564,294720.42451,542.88159,0.13911,294720.42451,893.04022,857.00000,37343.72442,251142.08167,501.14078,0.01342,251142.08167,824.37658,0.10450,0.02380
21340,"El Paso, TX",20-24,2,Female, 126 ,5750.26594,372063.21428,609.96985,0.10608,372063.21428,1003.40040,830.00000,33214.99042,109381.62914,330.72894,0.00996,109381.62914,544.04910,0.17312,0.03008
23420,"Fresno, CA",16-19,1,Male, 64 ,2363.56077,125414.57031,354.13920,0.14983,125414.57031,582.55898,900.00000,28337.86437,519788.99417,720.96393,0.02544,519788.99417,1185.98567,0.08341,0.02026
23420,"Fresno, CA",16-19,2,Female, 49 ,1660.81468,61116.64656,247.21781,0.14885,61116.64656,406.67330,836.00000,28062.73932,427022.46849,653.46956,0.02329,427022.46849,1074.95743,0.05918,0.01431
23420,"Fresno, CA",20-24,1,Male, 137 ,5551.12588,276572.61710,525.90172,0.09474,276572.61710,865.10833,1022.00000,40432.64101,312643.69902,559.14551,0.01383,312643.69902,919.79436,0.13729,0.02117
23420,"Fresno, CA",20-24,2,Female, 172 ,8059.76431,580747.40676,762.06785,0.09455,580747.40676,1253.60161,959.00000,39929.68739,363749.36426,603.11638,0.01510,363749.36426,992.12644,0.20185,0.03099
24340,"Grand Rapids-Wyoming, MI",16-19,1,Male, 12 ,771.80217,58321.94039,241.49936,0.31290,58321.94039,397.26645,620.00000,25779.21943,921820.58000,960.11488,0.03724,921820.58000,1579.38898,0.02994,0.01530
24340,"Grand Rapids-Wyoming, MI",16-19,2,Female, 13 ,421.94293,20122.63972,141.85429,0.33619,20122.63972,233.35031,673.00000,25726.79856,817882.40726,904.36851,0.03515,817882.40726,1487.68620,0.01640,0.00902
24340,"Grand Rapids-Wyoming, MI",20-24,1,Male, 37 ,2452.79339,246198.73619,496.18418,0.20229,246198.73619,816.22297,679.00000,34028.56028,473460.92991,688.08497,0.02022,473460.92991,1131.89978,0.07208,0.02387
24340,"Grand Rapids-Wyoming, MI",20-24,2,Female, 38 ,2306.41891,132546.28221,364.06906,0.15785,132546.28221,598.89361,764.00000,36831.16946,631299.47651,794.54356,0.02157,631299.47651,1307.02416,0.06262,0.01611
24660,"Greensboro-High Point, NC",16-19,1,Male, 31 ,1544.58149,109719.39658,331.23918,0.21445,109719.39658,544.88846,682.00000,22265.00415,372313.18824,610.17472,0.02741,372313.18824,1003.73741,0.06937,0.02427
24660,"Greensboro-High Point, NC",16-19,2,Female, 29 ,1187.08147,51013.67297,225.86207,0.19027,51013.67297,371.54310,671.00000,20827.14219,435442.41397,659.88061,0.03168,435442.41397,1085.50360,0.05700,0.01759
24660,"Greensboro-High Point, NC",20-24,1,Male, 62 ,2303.57225,91246.72761,302.07073,0.13113,91246.72761,496.90636,631.00000,27139.13935,307781.78385,554.78084,0.02044,307781.78385,912.61449,0.08488,0.01809
24660,"Greensboro-High Point, NC",20-24,2,Female, 86 ,4590.37339,297514.80487,545.44918,0.11882,297514.80487,897.26390,710.00000,29333.13407,191922.65227,438.08978,0.01493,191922.65227,720.65768,0.15649,0.03035
24860,"Greenville-Anderson-Mauldin, SC",16-19,1,Male, 31 ,1210.69410,72755.96024,269.73313,0.22279,72755.96024,443.71100,824.00000,25310.96673,506138.64722,711.43422,0.02811,506138.64722,1170.30929,0.04783,0.01739
24860,"Greenville-Anderson-Mauldin, SC",16-19,2,Female, 30 ,1160.75984,52443.33892,229.00511,0.19729,52443.33892,376.71340,874.00000,26914.37178,782089.08468,884.35801,0.03286,782089.08468,1454.76892,0.04313,0.01380
24860,"Greenville-Anderson-Mauldin, SC",20-24,1,Male, 74 ,3429.35234,264533.30756,514.32802,0.14998,264533.30756,846.06959,898.00000,35688.23486,544075.92890,737.61503,0.02067,544075.92890,1213.37672,0.09609,0.02348
24860,"Greenville-Anderson-Mauldin, SC",20-24,2,Female, 91 ,4177.02786,287068.98134,535.78819,0.12827,287068.98134,881.37157,891.00000,32474.43876,485193.43699,696.55828,0.02145,485193.43699,1145.83837,0.12863,0.02676
25420,"Harrisburg-Carlisle, PA",16-19,1,Male, 14 ,690.22294,43653.70416,208.93469,0.30271,43653.70416,343.69756,439.00000,14657.56867,395049.27125,628.52945,0.04288,395049.27125,1033.93095,0.04709,0.02321
25420,"Harrisburg-Carlisle, PA",16-19,2,Female, 13 ,451.41377,29264.31369,171.06816,0.37896,29264.31369,281.40712,460.00000,15068.54166,358670.62436,598.89116,0.03974,358670.62436,985.17596,0.02996,0.01857
25420,"Harrisburg-Carlisle, PA",20-24,1,Male, 24 ,900.87321,54554.08014,233.56815,0.25927,54554.08014,384.21960,550.00000,17490.22815,228478.66725,477.99442,0.02733,228478.66725,786.30082,0.05151,0.02185
25420,"Harrisburg-Carlisle, PA",20-24,2,Female, 36 ,1749.97333,110690.29679,332.70151,0.19012,110690.29679,547.29399,460.00000,16937.34959,602847.49050,776.43254,0.04584,602847.49050,1277.23153,0.10332,0.03136
25540,"Hartford-West Hartford-East Hartford, CT",16-19,1,Male, 22 ,1045.23751,62146.26534,249.29153,0.23850,62146.26534,410.08456,1108.00000,34960.26587,605782.83341,778.32052,0.02226,605782.83341,1280.33726,0.02990,0.01168
25540,"Hartford-West Hartford-East Hartford, CT",16-19,2,Female, 19 ,517.02122,19321.34741,139.00125,0.26885,19321.34741,228.65706,1125.00000,34175.95431,770081.21630,877.54271,0.02568,770081.21630,1443.55777,0.01513,0.00666
25540,"Hartford-West Hartford-East Hartford, CT",20-24,1,Male, 67 ,2939.47855,153771.73348,392.13739,0.13340,153771.73348,645.06601,1251.00000,43325.90154,675260.50854,821.74236,0.01897,675260.50854,1351.76618,0.06785,0.01474
25540,"Hartford-West Hartford-East Hartford, CT",20-24,2,Female, 64 ,3195.21113,194573.06585,441.10437,0.13805,194573.06585,725.61669,1213.00000,41313.69224,513598.53875,716.65790,0.01735,513598.53875,1178.90224,0.07734,0.01742
26420,"Houston-The Woodlands-Sugar Land, TX",16-19,1,Male, 168 ,8215.88856,683965.18860,827.02188,0.10066,683965.18860,1360.45099,4129.00000,178342.37478,3545994.22370,1883.08105,0.01056,3545994.22370,3097.66832,0.04607,0.00759
26420,"Houston-The Woodlands-Sugar Land, TX",16-19,2,Female, 189 ,9178.26378,421699.07636,649.38361,0.07075,421699.07636,1068.23604,3687.00000,162947.07974,4724306.16890,2173.54691,0.01334,4724306.16890,3575.48467,0.05633,0.00644
26420,"Houston-The Woodlands-Sugar Land, TX",20-24,1,Male, 322 ,18421.36077,1676907.69390,1294.95471,0.07030,1676907.69390,2130.20049,4436.00000,223101.00904,2641710.66680,1625.33402,0.00729,2641710.66680,2673.67446,0.08257,0.00950
26420,"Houston-The Woodlands-Sugar Land, TX",20-24,2,Female, 528 ,27403.27610,2040962.66500,1428.62265,0.05213,2040962.66500,2350.08425,4260.00000,212880.33323,3437138.98880,1853.95226,0.00871,3437138.98880,3049.75147,0.12873,0.01088
26900,"Indianapolis-Carmel-Anderson, IN",16-19,1,Male, 45 ,2033.01420,124218.97516,352.44712,0.17336,124218.97516,579.77552,1288.00000,48967.18546,1559023.46060,1248.60861,0.02550,1559023.46060,2053.96116,0.04152,0.01171
26900,"Indianapolis-Carmel-Anderson, IN",16-19,2,Female, 42 ,1961.19468,153789.85856,392.16050,0.19996,153789.85856,645.10402,1262.00000,47807.48013,1077681.26060,1038.11428,0.02171,1077681.26060,1707.69799,0.04102,0.01341
26900,"Indianapolis-Carmel-Anderson, IN",20-24,1,Male, 113 ,5239.19885,365818.22250,604.82909,0.11544,365818.22250,994.94385,1530.00000,63421.10800,687012.66497,828.86227,0.01307,687012.66497,1363.47844,0.08261,0.01559
26900,"Indianapolis-Carmel-Anderson, IN",20-24,2,Female, 170 ,7768.03194,441525.13345,664.47358,0.08554,441525.13345,1093.05903,1524.00000,63193.59287,720648.33142,848.91008,0.01343,720648.33142,1396.45709,0.12292,0.01708
27140,"Jackson, MS",16-19,1,Male, 34 ,1645.70635,103204.49012,321.25456,0.19521,103204.49012,528.46375,552.00000,18507.84380,350673.35084,592.17679,0.03200,350673.35084,974.13082,0.08892,0.02817
27140,"Jackson, MS",16-19,2,Female, 37 ,1392.74931,62432.64984,249.86526,0.17940,62432.64984,411.02836,554.00000,18082.11109,470155.12180,685.67858,0.03792,470155.12180,1127.94127,0.07702,0.02222
27140,"Jackson, MS",20-24,1,Male, 57 ,2398.74187,117441.03530,342.69671,0.14287,117441.03530,563.73609,546.00000,21833.73980,378925.37355,615.56915,0.02819,378925.37355,1012.61125,0.10986,0.02531
27140,"Jackson, MS",20-24,2,Female, 69 ,2600.85511,149230.09757,386.30312,0.14853,149230.09757,635.46863,561.00000,23011.47032,544389.85964,737.82780,0.03206,544389.85964,1213.72673,0.11302,0.02696
27260,"Jacksonville, FL",16-19,1,Male, 38 ,1415.98051,90410.55724,300.68348,0.21235,90410.55724,494.62433,915.00000,36144.76197,1110888.44570,1053.98693,0.02916,1110888.44570,1733.80850,0.03918,0.01355
27260,"Jacksonville, FL",16-19,2,Female, 51 ,2396.29696,184217.16223,429.20527,0.17911,184217.16223,706.04267,839.00000,34499.28564,770987.84173,878.05913,0.02545,770987.84173,1444.40727,0.06946,0.02026
27260,"Jacksonville, FL",20-24,1,Male, 106 ,4414.70529,253342.51915,503.33142,0.11401,253342.51915,827.98019,1074.00000,46660.59195,658178.18959,811.28182,0.01739,658178.18959,1334.55859,0.09461,0.01754
27260,"Jacksonville, FL",20-24,2,Female, 141 ,7264.01382,462783.76842,680.28212,0.09365,462783.76842,1119.06409,1064.00000,46645.74894,733257.83273,856.30475,0.01836,733257.83273,1408.62132,0.15573,0.02353
28140,"Kansas City, MO-KS",16-19,1,Male, 56 ,2300.01494,116307.47121,341.03881,0.14828,116307.47121,561.00885,1457.00000,53653.88437,1485514.26630,1218.81675,0.02272,1485514.26630,2004.95355,0.04287,0.01033
28140,"Kansas City, MO-KS",16-19,2,Female, 54 ,2181.80226,110716.33570,332.74064,0.15251,110716.33570,547.35836,1464.00000,51695.39051,1058432.18500,1028.80133,0.01990,1058432.18500,1692.37819,0.04220,0.01050
28140,"Kansas City, MO-KS",20-24,1,Male, 99 ,4761.26371,295199.53138,543.32268,0.11411,295199.53138,893.76580,1482.00000,66998.89809,928760.08345,963.72199,0.01438,928760.08345,1585.32268,0.07106,0.01323
28140,"Kansas City, MO-KS",20-24,2,Female, 147 ,6983.62372,252273.55305,502.26841,0.07192,252273.55305,826.23153,1580.00000,66837.48620,1178638.27710,1085.65108,0.01624,1178638.27710,1785.89603,0.10449,0.01204
28940,"Knoxville, TN",16-19,1,Male, 34 ,1736.59760,135470.98008,368.06383,0.21195,135470.98008,605.46499,722.00000,24428.17145,510518.70409,714.50592,0.02925,510518.70409,1175.36223,0.07109,0.02455
28940,"Knoxville, TN",16-19,2,Female, 39 ,1775.78569,91774.02063,302.94227,0.17060,91774.02063,498.34004,699.00000,24019.09361,423282.51379,650.60166,0.02709,423282.51379,1070.23972,0.07393,0.02048
28940,"Knoxville, TN",20-24,1,Male, 74 ,3365.88130,216126.14767,464.89370,0.13812,216126.14767,764.75013,821.00000,34526.64018,407942.27018,638.70359,0.01850,407942.27018,1050.66740,0.09749,0.02195
28940,"Knoxville, TN",20-24,2,Female, 119 ,6205.73863,294679.48560,542.84389,0.08747,294679.48560,892.97819,828.00000,34587.08147,436400.61101,660.60625,0.01910,436400.61101,1086.69727,0.17942,0.02520
29460,"Lakeland-Winter Haven, FL",16-19,1,Male, 29 ,922.09983,51870.74181,227.75149,0.24699,51870.74181,374.65120,510.00000,15856.65738,275844.24974,525.20877,0.03312,275844.24974,863.96842,0.05815,0.02341
29460,"Lakeland-Winter Haven, FL",16-19,2,Female, 29 ,1037.23388,43551.34936,208.68960,0.20120,43551.34936,343.29439,519.00000,16252.98146,255319.10790,505.29111,0.03109,255319.10790,831.20388,0.06382,0.02087
29460,"Lakeland-Winter Haven, FL",20-24,1,Male, 74 ,2916.18079,117981.91221,343.48495,0.11779,117981.91221,565.03275,573.00000,20376.44551,149522.07036,386.68084,0.01898,149522.07036,636.08998,0.14312,0.02737
29460,"Lakeland-Winter Haven, FL",20-24,2,Female, 70 ,3289.99207,175125.28335,418.47973,0.12720,175125.28335,688.39915,482.00000,19238.77295,137894.78488,371.34187,0.01930,137894.78488,610.85738,0.17101,0.03537
29820,"Las Vegas-Henderson-Paradise, NV",16-19,1,Male, 97 ,3661.74577,146327.44986,382.52771,0.10447,146327.44986,629.25808,1460.00000,53948.90239,941949.50775,970.54083,0.01799,941949.50775,1596.53967,0.06787,0.01149
29820,"Las Vegas-Henderson-Paradise, NV",16-19,2,Female, 74 ,2814.02466,137029.48425,370.17494,0.13155,137029.48425,608.93777,1331.00000,47680.69285,926847.76093,962.72933,0.02019,926847.76093,1583.68975,0.05902,0.01262
29820,"Las Vegas-Henderson-Paradise, NV",20-24,1,Male, 172 ,7676.97849,338607.97964,581.90032,0.07580,338607.97964,957.22602,1614.00000,71097.75190,605586.90318,778.19464,0.01095,605586.90318,1280.13019,0.10798,0.01332
29820,"Las Vegas-Henderson-Paradise, NV",20-24,2,Female, 213 ,9367.55595,614424.27444,783.85220,0.08368,614424.27444,1289.43687,1650.00000,68184.66383,534245.57167,730.92104,0.01072,534245.57167,1202.36512,0.13739,0.01876
30780,"Little Rock-North Little Rock-Conway, AR",16-19,1,Male, 24 ,1120.86409,59886.31720,244.71681,0.21833,59886.31720,402.55915,445.00000,18389.89953,517653.41589,719.48135,0.03912,517653.41589,1183.54682,0.06095,0.02154
30780,"Little Rock-North Little Rock-Conway, AR",16-19,2,Female, 16 ,1086.39199,91851.74743,303.07053,0.27897,91851.74743,498.55103,439.00000,17469.48245,403271.87420,635.03691,0.03635,403271.87420,1044.63571,0.06219,0.02830
30780,"Little Rock-North Little Rock-Conway, AR",20-24,1,Male, 31 ,1590.11108,123189.95882,350.98427,0.22073,123189.95882,577.36913,561.00000,25783.56551,326414.40481,571.32688,0.02216,326414.40481,939.83272,0.06167,0.02228
30780,"Little Rock-North Little Rock-Conway, AR",20-24,2,Female, 68 ,4037.24451,289009.69346,537.59622,0.13316,289009.69346,884.34578,501.00000,25610.64075,238221.87569,488.07978,0.01906,238221.87569,802.89124,0.15764,0.03417
31080,"Los Angeles-Long Beach-Anaheim, CA",16-19,1,Male, 491 ,17654.95445,850372.81867,922.15661,0.05223,850372.81867,1516.94763,11995.00000,375629.01668,6003472.29740,2450.19842,0.00652,6003472.29740,4030.57640,0.04700,0.00401
31080,"Los Angeles-Long Beach-Anaheim, CA",16-19,2,Female, 503 ,17891.31614,574534.22641,757.98036,0.04237,574534.22641,1246.87769,11467.00000,361098.21609,5958901.65360,2441.08616,0.00676,5958901.65360,4015.58674,0.04955,0.00341
31080,"Los Angeles-Long Beach-Anaheim, CA",20-24,1,Male," 1,056 ",41244.18501,1852401.35850,1361.02952,0.03300,1852401.35850,2238.89356,14331.00000,516384.95186,2411008.14330,1552.74214,0.00301,2411008.14330,2554.26082,0.07987,0.00432
31080,"Los Angeles-Long Beach-Anaheim, CA",20-24,2,Female," 1,249 ",48384.68461,2131983.19730,1460.13123,0.03018,2131983.19730,2401.91587,13862.00000,496227.93599,3040013.81860,1743.56354,0.00351,3040013.81860,2868.16202,0.09750,0.00481
31140,"Louisville/Jefferson County, KY-IN",16-19,1,Male, 32 ,1200.83904,71687.92606,267.74601,0.22297,71687.92606,440.44219,1003.00000,30307.23076,565621.75093,752.07829,0.02482,565621.75093,1237.16878,0.03962,0.01444
31140,"Louisville/Jefferson County, KY-IN",16-19,2,Female, 32 ,1135.11062,44839.21459,211.75272,0.18655,44839.21459,348.33323,975.00000,30372.93460,727611.22635,853.00131,0.02808,727611.22635,1403.18715,0.03737,0.01134
31140,"Louisville/Jefferson County, KY-IN",20-24,1,Male, 80 ,3803.59650,291013.02430,539.45623,0.14183,291013.02430,887.40550,1048.00000,41585.57788,643674.41624,802.29322,0.01929,643674.41624,1319.77235,0.09146,0.02114
31140,"Louisville/Jefferson County, KY-IN",20-24,2,Female, 94 ,4408.11597,319760.26989,565.47349,0.12828,319760.26989,930.20389,995.00000,38710.74917,463530.77894,680.83095,0.01759,463530.77894,1119.96691,0.11387,0.02380
31540,"Madison, WI",16-19,1,Male,,,,,,,,331.00000,12929.70492,547695.74027,740.06469,0.05724,547695.74027,1217.40641,,
31540,"Madison, WI",16-19,2,Female,,,,,,,,371.00000,14464.75821,525002.37134,724.57047,0.05009,525002.37134,1191.91843,,
31540,"Madison, WI",20-24,1,Male, 8 ,764.41517,101685.83622,318.88217,0.41716,101685.83622,524.56116,367.00000,26395.15380,646357.33126,803.96351,0.03046,646357.33126,1322.51998,0.02896,0.01982
31540,"Madison, WI",20-24,2,Female, 7 ,501.75676,45224.80382,212.66124,0.42383,45224.80382,349.82774,398.00000,25473.92744,513683.60230,716.71724,0.02814,513683.60230,1178.99986,0.01970,0.01370
32580,"McAllen-Edinburg-Mission, TX",16-19,1,Male, 44 ,2175.47997,123982.49786,352.11148,0.16185,123982.49786,579.22339,602.00000,28130.52433,442476.02367,665.18871,0.02365,442476.02367,1094.23543,0.07734,0.02037
32580,"McAllen-Edinburg-Mission, TX",16-19,2,Female, 50 ,2615.30200,177276.04776,421.04162,0.16099,177276.04776,692.61347,557.00000,26818.06615,382560.47587,618.51473,0.02306,382560.47587,1017.45674,0.09752,0.02556
32580,"McAllen-Edinburg-Mission, TX",20-24,1,Male, 79 ,4503.28880,252440.77751,502.43485,0.11157,252440.77751,826.50533,620.00000,32224.96185,195578.66047,442.24276,0.01372,195578.66047,727.48934,0.13975,0.02545
32580,"McAllen-Edinburg-Mission, TX",20-24,2,Female, 113 ,7264.56456,555894.37747,745.58325,0.10263,555894.37747,1226.48444,570.00000,31820.13243,158678.67433,398.34492,0.01252,158678.67433,655.27739,0.22830,0.03826
32820,"Memphis, TN-MS-AR",16-19,1,Male, 65 ,2862.26455,182596.86409,427.31354,0.14929,182596.86409,702.93078,893.00000,35910.44577,928568.21114,963.62244,0.02683,928568.21114,1585.15892,0.07971,0.01926
32820,"Memphis, TN-MS-AR",16-19,2,Female, 57 ,2504.73325,163084.66873,403.83743,0.16123,163084.66873,664.31257,908.00000,33723.15998,672972.68709,820.34913,0.02433,672972.68709,1349.47431,0.07427,0.01947
32820,"Memphis, TN-MS-AR",20-24,1,Male, 125 ,6465.13104,380658.50959,616.97529,0.09543,380658.50959,1014.92435,1033.00000,44787.41527,610991.77621,781.65963,0.01745,610991.77621,1285.83009,0.14435,0.02228
32820,"Memphis, TN-MS-AR",20-24,2,Female, 146 ,7169.98586,413905.93536,643.35522,0.08973,413905.93536,1058.31933,994.00000,44844.15593,575800.59417,758.81526,0.01692,575800.59417,1248.25110,0.15989,0.02318
33100,"Miami-Fort Lauderdale-West Palm Beach, FL",16-19,1,Male, 157 ,6613.88045,354855.30092,595.69732,0.09007,354855.30092,979.92210,3948.00000,140983.48423,2277495.21150,1509.13724,0.01070,2277495.21150,2482.53076,0.04691,0.00690
33100,"Miami-Fort Lauderdale-West Palm Beach, FL",16-19,2,Female, 140 ,6270.74350,380474.36673,616.82604,0.09837,380474.36673,1014.67884,3823.00000,137947.56107,1703926.20580,1305.34524,0.00946,1703926.20580,2147.29293,0.04546,0.00732
33100,"Miami-Fort Lauderdale-West Palm Beach, FL",20-24,1,Male, 408 ,20013.94664,1884543.63540,1372.78681,0.06859,1884543.63540,2258.23431,4484.00000,193314.93506,1345918.57940,1160.13731,0.00600,1345918.57940,1908.42588,0.10353,0.01164
33100,"Miami-Fort Lauderdale-West Palm Beach, FL",20-24,2,Female, 413 ,18576.77854,1066034.84580,1032.48963,0.05558,1066034.84580,1698.44545,4507.00000,186675.06133,1151982.15390,1073.30432,0.00575,1151982.15390,1765.58560,0.09951,0.00905
33340,"Milwaukee-Waukesha-West Allis, WI",16-19,1,Male, 25 ,1387.05815,98827.55841,314.36851,0.22664,98827.55841,517.13619,899.00000,43461.92334,1447715.68700,1203.21057,0.02768,1447715.68700,1979.28140,0.03191,0.01181
33340,"Milwaukee-Waukesha-West Allis, WI",16-19,2,Female, 25 ,1484.94069,117236.74243,342.39851,0.23058,117236.74243,563.24556,900.00000,41619.26646,1502975.59060,1225.95905,0.02946,1502975.59060,2016.70264,0.03568,0.01342
33340,"Milwaukee-Waukesha-West Allis, WI",20-24,1,Male, 67 ,4422.63228,313686.93843,560.07762,0.12664,313686.93843,921.32768,1033.00000,53650.85040,1524986.81310,1234.90356,0.02302,1524986.81310,2031.41636,0.08243,0.01689
33340,"Milwaukee-Waukesha-West Allis, WI",20-24,2,Female, 80 ,5685.29963,433042.51189,658.05966,0.11575,433042.51189,1082.50814,955.00000,52593.68759,887405.52778,942.02204,0.01791,887405.52778,1549.62626,0.10810,0.02033
33460,"Minneapolis-St. Paul-Bloomington, MN-WI",16-19,1,Male, 37 ,2317.12010,149784.24942,387.01970,0.16703,149784.24942,636.64741,2110.00000,95101.25065,4621708.32780,2149.81588,0.02261,4621708.32780,3536.44713,0.02436,0.00663
33460,"Minneapolis-St. Paul-Bloomington, MN-WI",16-19,2,Female, 23 ,1218.60550,96628.54237,310.85132,0.25509,96628.54237,511.35042,1833.00000,84687.27074,3818754.31140,1954.16333,0.02308,3818754.31140,3214.59867,0.01439,0.00601
33460,"Minneapolis-St. Paul-Bloomington, MN-WI",20-24,1,Male, 93 ,6801.58308,791831.40204,889.84909,0.13083,791831.40204,1463.80175,2015.00000,107490.11600,2429641.96720,1558.73088,0.01450,2429641.96720,2564.11230,0.06328,0.01353
33460,"Minneapolis-St. Paul-Bloomington, MN-WI",20-24,2,Female, 119 ,9470.23671,961678.91984,980.65229,0.10355,961678.91984,1613.17302,2025.00000,112230.80187,1983522.96800,1408.37600,0.01255,1983522.96800,2316.77853,0.08438,0.01427
34980,"Nashville-Davidson--Murfreesboro--Franklin, TN",16-19,1,Male, 50 ,2070.93790,97609.91314,312.42585,0.15086,97609.91314,513.94053,1526.00000,48949.81813,1094177.94870,1046.02961,0.02137,1094177.94870,1720.71871,0.04231,0.01039
34980,"Nashville-Davidson--Murfreesboro--Franklin, TN",16-19,2,Female, 56 ,2219.39608,112402.74453,335.26519,0.15106,112402.74453,551.51123,1392.00000,48023.90191,1085053.75110,1041.65913,0.02169,1085053.75110,1713.52928,0.04621,0.01137
34980,"Nashville-Davidson--Murfreesboro--Franklin, TN",20-24,1,Male, 134 ,5621.14021,243731.34720,493.69155,0.08783,243731.34720,812.12260,1558.00000,66017.40253,782442.14956,884.55760,0.01340,782442.14956,1455.09725,0.08515,0.01216
34980,"Nashville-Davidson--Murfreesboro--Franklin, TN",20-24,2,Female, 154 ,7121.90078,389698.63152,624.25847,0.08765,389698.63152,1026.90518,1587.00000,65401.15253,724814.68286,851.36049,0.01302,724814.68286,1400.48801,0.10890,0.01553
35300,"New Haven-Milford, CT",16-19,1,Male, 18 ,834.76960,57959.07931,240.74692,0.28840,57959.07931,396.02868,697.00000,24679.70798,396688.13332,629.83183,0.02552,396688.13332,1036.07336,0.03382,0.01598
35300,"New Haven-Milford, CT",16-19,2,Female, 15 ,589.22254,39317.97839,198.28762,0.33652,39317.97839,326.18313,744.00000,24445.03153,465978.64213,682.62628,0.02792,465978.64213,1122.92024,0.02410,0.01330
35300,"New Haven-Milford, CT",20-24,1,Male, 46 ,2473.65116,186923.85556,432.34692,0.17478,186923.85556,711.21068,798.00000,29364.32156,381438.86379,617.60737,0.02103,381438.86379,1015.96412,0.08424,0.02404
35300,"New Haven-Milford, CT",20-24,2,Female, 47 ,2750.20808,193993.03291,440.44640,0.16015,193993.03291,724.53433,803.00000,30428.00552,269443.97590,519.07993,0.01706,269443.97590,853.88649,0.09038,0.02368
35380,"New Orleans-Metairie, LA",16-19,1,Male, 39 ,1642.54626,75166.77819,274.16560,0.16691,75166.77819,451.00242,872.00000,31551.00154,892476.09446,944.70953,0.02994,892476.09446,1554.04718,0.05206,0.01406
35380,"New Orleans-Metairie, LA",16-19,2,Female, 40 ,1289.43370,53339.50714,230.95347,0.17911,53339.50714,379.91846,901.00000,29726.65502,817203.11249,903.99287,0.03041,817203.11249,1487.06827,0.04338,0.01259
35380,"New Orleans-Metairie, LA",20-24,1,Male, 93 ,4453.86793,226310.00780,475.72051,0.10681,226310.00780,782.56025,1099.00000,41026.07141,625150.00844,790.66428,0.01927,625150.00844,1300.64275,0.10856,0.01876
35380,"New Orleans-Metairie, LA",20-24,2,Female, 128 ,5591.68598,206817.58321,454.77201,0.08133,206817.58321,748.09996,1210.00000,43293.40713,760986.23434,872.34525,0.02015,760986.23434,1435.00794,0.12916,0.01674
35620,"New York-Newark-Jersey City, NY-NJ-PA",16-19,1,Male, 450 ,19170.51666,1067889.25250,1033.38727,0.05391,1067889.25250,1699.92206,14713.00000,510750.12537,14381733.24900,3792.32557,0.00743,14381733.24900,6238.37557,0.03753,0.00330
35620,"New York-Newark-Jersey City, NY-NJ-PA",16-19,2,Female, 425 ,18723.89251,837824.97736,915.32780,0.04889,837824.97736,1505.71423,14055.00000,489391.22497,11070795.60900,3327.28051,0.00680,11070795.60900,5473.37644,0.03826,0.00305
35620,"New York-Newark-Jersey City, NY-NJ-PA",20-24,1,Male," 1,118 ",56155.98535,3791991.43090,1947.30363,0.03468,3791991.43090,3203.31447,17769.00000,690483.28220,8279008.51240,2877.32663,0.00417,8279008.51240,4733.20230,0.08133,0.00461
35620,"New York-Newark-Jersey City, NY-NJ-PA",20-24,2,Female," 1,189 ",56934.45707,3312218.66280,1819.95018,0.03197,3312218.66280,2993.81805,17494.00000,682345.09029,6421746.40120,2534.11649,0.00371,6421746.40120,4168.62163,0.08344,0.00436
35840,"North Port-Sarasota-Bradenton, FL",16-19,1,Male, 21 ,1016.06402,51338.51110,226.58003,0.22300,51338.51110,372.72415,387.00000,14879.49421,360509.74684,600.42464,0.04035,360509.74684,987.69853,0.06829,0.02464
35840,"North Port-Sarasota-Bradenton, FL",16-19,2,Female, 14 ,566.26908,38787.10825,196.94443,0.34779,38787.10825,323.97359,395.00000,13892.38651,385889.50280,621.20005,0.04472,385889.50280,1021.87408,0.04076,0.02313
35840,"North Port-Sarasota-Bradenton, FL",20-24,1,Male, 26 ,1685.78080,212011.26779,460.44681,0.27314,212011.26779,757.43501,420.00000,19423.00198,341289.94649,584.20026,0.03008,341289.94649,961.00943,0.08679,0.03876
35840,"North Port-Sarasota-Bradenton, FL",20-24,2,Female, 41 ,1467.25783,81567.56464,285.60036,0.19465,81567.56464,469.81259,444.00000,17283.14985,431939.98304,657.22141,0.03803,431939.98304,1081.12922,0.08490,0.02666
36260,"Ogden-Clearfield, UT",16-19,1,Male, 10 ,342.37216,16938.77360,130.14904,0.38014,16938.77360,214.09518,421.00000,17439.93879,466722.42705,683.17086,0.03917,466722.42705,1123.81607,0.01963,0.01221
36260,"Ogden-Clearfield, UT",16-19,2,Female, 17 ,812.89504,34169.33916,184.84950,0.22740,34169.33916,304.07743,396.00000,15405.01399,358189.27317,598.48916,0.03885,358189.27317,984.51467,0.05277,0.01945
36260,"Ogden-Clearfield, UT",20-24,1,Male, 16 ,701.03259,37161.69083,192.77368,0.27499,37161.69083,317.11270,433.00000,19500.28452,307231.18141,554.28439,0.02842,307231.18141,911.79782,0.03595,0.01617
36260,"Ogden-Clearfield, UT",20-24,2,Female, 31 ,1465.13339,83688.66855,289.28994,0.19745,83688.66855,475.88195,409.00000,18487.85332,193135.87288,439.47227,0.02377,193135.87288,722.93188,0.07925,0.02555
36420,"Oklahoma City, OK",16-19,1,Male, 49 ,2672.20038,213044.14263,461.56705,0.17273,213044.14263,759.27780,933.00000,39032.42644,1389334.91750,1178.70052,0.03020,1389334.91750,1938.96236,0.06846,0.01915
36420,"Oklahoma City, OK",16-19,2,Female, 34 ,1400.14782,86093.26621,293.41654,0.20956,86093.26621,482.67021,881.00000,35919.46216,1285150.84140,1133.64494,0.03156,1285150.84140,1864.84592,0.03898,0.01328
36420,"Oklahoma City, OK",20-24,1,Male, 45 ,2500.15438,237581.02128,487.42284,0.19496,237581.02128,801.81057,1007.00000,52520.54215,1422282.19110,1192.59473,0.02271,1422282.19110,1961.81833,0.04760,0.01516
36420,"Oklahoma City, OK",20-24,2,Female, 103 ,5982.13641,460849.85640,678.85923,0.11348,460849.85640,1116.72344,1008.00000,53491.03883,1046896.99900,1023.17985,0.01913,1046896.99900,1683.13085,0.11183,0.02058
36540,"Omaha-Council Bluffs, NE-IA",16-19,1,Male, 19 ,899.50414,54172.08815,232.74898,0.25875,54172.08815,382.87207,737.00000,27138.74114,1117457.43590,1057.09859,0.03895,1117457.43590,1738.92719,0.03314,0.01395
36540,"Omaha-Council Bluffs, NE-IA",16-19,2,Female, 9 ,457.53173,27960.84892,167.21498,0.36547,27960.84892,275.06864,708.00000,25492.51137,723108.68479,850.35797,0.03336,723108.68479,1398.83887,0.01795,0.01075
36540,"Omaha-Council Bluffs, NE-IA",20-24,1,Male, 31 ,1345.60546,93855.58348,306.35859,0.22767,93855.58348,503.95987,712.00000,32217.29962,465729.98831,682.44413,0.02118,465729.98831,1122.62059,0.04177,0.01557
36540,"Omaha-Council Bluffs, NE-IA",20-24,2,Female, 53 ,2955.91354,254091.81363,504.07521,0.17053,254091.81363,829.20371,732.00000,30933.00249,605331.99431,778.03084,0.02515,605331.99431,1279.86074,0.09556,0.02651
36740,"Orlando-Kissimmee-Sanford, FL",16-19,1,Male, 54 ,2366.91256,150151.40818,387.49375,0.16371,150151.40818,637.42722,1700.00000,62250.42033,1935178.02710,1391.10676,0.02235,1935178.02710,2288.37063,0.03802,0.01014
36740,"Orlando-Kissimmee-Sanford, FL",16-19,2,Female, 65 ,2765.29109,153081.78313,391.25667,0.14149,153081.78313,643.61722,1570.00000,60124.98002,1719109.17600,1311.14804,0.02181,1719109.17600,2156.83852,0.04599,0.01058
36740,"Orlando-Kissimmee-Sanford, FL",20-24,1,Male, 96 ,6058.98771,586118.41328,765.58371,0.12636,586118.41328,1259.38520,1843.00000,87536.42663,1115703.03050,1056.26845,0.01207,1115703.03050,1737.56159,0.06922,0.01432
36740,"Orlando-Kissimmee-Sanford, FL",20-24,2,Female, 149 ,8402.95042,745758.05438,863.57284,0.10277,745758.05438,1420.57733,1877.00000,88081.66459,979127.77691,989.50886,0.01123,979127.77691,1627.74207,0.09540,0.01603
37100,"Oxnard-Thousand Oaks-Ventura, CA",16-19,1,Male, 21 ,876.97202,48356.79212,219.90178,0.25075,48356.79212,361.73843,740.00000,24653.35421,431623.83691,656.98085,0.02665,431623.83691,1080.73350,0.03557,0.01459
37100,"Oxnard-Thousand Oaks-Ventura, CA",16-19,2,Female, 14 ,453.91147,18299.98695,135.27744,0.29803,18299.98695,222.53140,686.00000,22156.47990,330892.55910,575.23261,0.02596,330892.55910,946.25765,0.02049,0.01001
37100,"Oxnard-Thousand Oaks-Ventura, CA",20-24,1,Male, 41 ,1631.96961,92417.11149,304.00183,0.18628,92417.11149,500.08301,836.00000,32182.67978,303846.75216,551.22296,0.01713,303846.75216,906.76177,0.05071,0.01547
37100,"Oxnard-Thousand Oaks-Ventura, CA",20-24,2,Female, 66 ,2907.39018,168954.71704,411.04102,0.14138,168954.71704,676.16247,801.00000,30265.53314,170973.90976,413.48991,0.01366,170973.90976,680.19091,0.09606,0.02224
37340,"Palm Bay-Melbourne-Titusville, FL",16-19,1,Male, 14 ,671.99256,62428.02474,249.85601,0.37181,62428.02474,411.01313,396.00000,14414.03066,267620.61580,517.32061,0.03589,267620.61580,850.99241,0.04662,0.02838
37340,"Palm Bay-Melbourne-Titusville, FL",16-19,2,Female, 12 ,526.35751,35595.39885,188.66743,0.35844,35595.39885,310.35792,334.00000,12642.36841,319038.15261,564.83462,0.04468,319038.15261,929.15296,0.04163,0.02436
37340,"Palm Bay-Melbourne-Titusville, FL",20-24,1,Male, 25 ,1823.26186,163155.32808,403.92490,0.22154,163155.32808,664.45647,384.00000,16250.02441,213629.73042,462.20096,0.02844,213629.73042,760.32058,0.11220,0.04055
37340,"Palm Bay-Melbourne-Titusville, FL",20-24,2,Female, 32 ,1694.69437,153464.03597,391.74486,0.23116,153464.03597,644.42030,300.00000,14350.26733,177084.41462,420.81399,0.02932,177084.41462,692.23901,0.11809,0.04454
37980,"Philadelphia-Camden-Wilmington, PA-NJ-DE-MD",16-19,1,Male, 114 ,6913.30726,489430.18621,699.59287,0.10120,489430.18621,1150.83027,4446.00000,164330.19502,4887681.29190,2210.81010,0.01345,4887681.29190,3636.78261,0.04207,0.00694
37980,"Philadelphia-Camden-Wilmington, PA-NJ-DE-MD",16-19,2,Female, 105 ,6188.50019,498144.77190,705.79372,0.11405,498144.77190,1161.03067,4342.00000,162107.17427,3969347.36810,1992.32210,0.01229,3969347.36810,3277.36986,0.03818,0.00712
37980,"Philadelphia-Camden-Wilmington, PA-NJ-DE-MD",20-24,1,Male, 301 ,19219.58406,2256097.68290,1502.03119,0.07815,2256097.68290,2470.84130,5070.00000,215609.65165,3771894.86650,1942.13668,0.00901,3771894.86650,3194.81483,0.08914,0.01138
37980,"Philadelphia-Camden-Wilmington, PA-NJ-DE-MD",20-24,2,Female, 336 ,21422.44747,1427857.66270,1194.92998,0.05578,1427857.66270,1965.65982,5009.00000,213738.60209,2826217.42090,1681.13575,0.00787,2826217.42090,2765.46831,0.10023,0.00910
38060,"Phoenix-Mesa-Scottsdale, AZ",16-19,1,Male, 153 ,6266.92961,387196.62921,622.25126,0.09929,387196.62921,1023.60332,3365.00000,121888.39011,2753670.84060,1659.41883,0.01361,2753670.84060,2729.74397,0.05142,0.00832
38060,"Phoenix-Mesa-Scottsdale, AZ",16-19,2,Female, 153 ,6310.40248,216466.09354,465.25917,0.07373,216466.09354,765.35133,3015.00000,112994.33115,2271978.10210,1507.30823,0.01334,2271978.10210,2479.52204,0.05585,0.00666
38060,"Phoenix-Mesa-Scottsdale, AZ",20-24,1,Male, 353 ,16787.77010,844175.56246,918.79027,0.05473,844175.56246,1511.41000,3775.00000,157221.82300,1613013.31240,1270.04461,0.00808,1613013.31240,2089.22338,0.10678,0.00951
38060,"Phoenix-Mesa-Scottsdale, AZ",20-24,2,Female, 464 ,22341.18458,1208142.09570,1099.15517,0.04920,1208142.09570,1808.11026,3468.00000,147921.23050,1468389.02130,1211.77103,0.00819,1468389.02130,1993.36334,0.15103,0.01205
38300,"Pittsburgh, PA",16-19,1,Male, 42 ,1367.00183,56584.59991,237.87518,0.17401,56584.59991,391.30467,1768.00000,56772.48298,1055544.02020,1027.39672,0.01810,1055544.02020,1690.06760,0.02408,0.00686
38300,"Pittsburgh, PA",16-19,2,Female, 36 ,1504.85908,96654.04669,310.89234,0.20659,96654.04669,511.41790,1873.00000,57244.20285,835755.72456,914.19676,0.01597,835755.72456,1503.85368,0.02629,0.00891
38300,"Pittsburgh, PA",20-24,1,Male, 117 ,5241.70483,292568.01548,540.89557,0.10319,292568.01548,889.77321,2082.00000,75549.07124,768952.05809,876.89912,0.01161,768952.05809,1442.49904,0.06938,0.01170
38300,"Pittsburgh, PA",20-24,2,Female, 147 ,5755.90101,296897.77769,544.88327,0.09467,296897.77769,896.33298,2028.00000,73351.20380,676902.38277,822.74077,0.01122,676902.38277,1353.40857,0.07847,0.01213
38900,"Portland-Vancouver-Hillsboro, OR-WA",16-19,1,Male, 59 ,2844.21163,218351.00570,467.28044,0.16429,218351.00570,768.67632,1714.00000,58834.64069,1703951.61250,1305.35498,0.02219,1703951.61250,2147.30894,0.04834,0.01295
38900,"Portland-Vancouver-Hillsboro, OR-WA",16-19,2,Female, 60 ,2653.35229,152738.27291,390.81744,0.14729,152738.27291,642.89469,1662.00000,55899.12580,1018231.59520,1009.07462,0.01805,1018231.59520,1659.92776,0.04747,0.01141
38900,"Portland-Vancouver-Hillsboro, OR-WA",20-24,1,Male, 138 ,6769.05926,435932.11515,660.25155,0.09754,435932.11515,1086.11381,1841.00000,73538.28794,1027067.79480,1013.44353,0.01378,1027067.79480,1667.11461,0.09205,0.01462
38900,"Portland-Vancouver-Hillsboro, OR-WA",20-24,2,Female, 169 ,8659.60903,525803.31645,725.12297,0.08374,525803.31645,1192.82728,1837.00000,75024.63024,967216.48052,983.47165,0.01311,967216.48052,1617.81086,0.11542,0.01570
39300,"Providence-Warwick, RI-MA",16-19,1,Male, 51 ,1844.12605,100167.46360,316.49244,0.17162,100167.46360,520.63006,1498.00000,47256.55569,900944.48644,949.18096,0.02009,900944.48644,1561.40267,0.03902,0.01094
39300,"Providence-Warwick, RI-MA",16-19,2,Female, 36 ,2009.81690,152974.53662,391.11959,0.19460,152974.53662,643.39173,1459.00000,45496.27621,1014774.33700,1007.36008,0.02214,1014774.33700,1657.10734,0.04418,0.01405
39300,"Providence-Warwick, RI-MA",20-24,1,Male, 109 ,5025.05849,245850.06820,495.83270,0.09867,245850.06820,815.64479,1737.00000,62602.36982,804245.29019,896.79724,0.01433,804245.29019,1475.23146,0.08027,0.01289
39300,"Providence-Warwick, RI-MA",20-24,2,Female, 119 ,5172.10538,276949.99185,526.26038,0.10175,276949.99185,865.69833,1743.00000,61169.47816,644591.24685,802.86440,0.01313,644591.24685,1320.71194,0.08455,0.01403
39340,"Provo-Orem, UT",16-19,1,Male, 11 ,299.80638,10531.80253,102.62457,0.34230,10531.80253,168.81742,637.00000,19278.07872,276749.31871,526.06969,0.02729,276749.31871,865.38464,0.01555,0.00873
39340,"Provo-Orem, UT",16-19,2,Female, 13 ,535.67457,41252.50220,203.10712,0.37916,41252.50220,334.11121,744.00000,21088.86422,293868.76960,542.09664,0.02571,293868.76960,891.74898,0.02540,0.01581
39340,"Provo-Orem, UT",20-24,1,Male, 19 ,1113.26626,90814.77072,301.35489,0.27069,90814.77072,495.72880,766.00000,34617.42530,224198.06209,473.49558,0.01368,224198.06209,778.90023,0.03216,0.01430
39340,"Provo-Orem, UT",20-24,2,Female, 40 ,1822.45439,92389.43493,303.95630,0.16678,92389.43493,500.00812,859.00000,34095.41352,157774.18424,397.20799,0.01165,157774.18424,653.40714,0.05345,0.01463
39580,"Raleigh, NC",16-19,1,Male, 31 ,1423.05373,101791.08583,319.04715,0.22420,101791.08583,524.83257,953.00000,35689.43433,752337.21789,867.37375,0.02430,752337.21789,1426.82981,0.03987,0.01462
39580,"Raleigh, NC",16-19,2,Female, 16 ,585.71742,40972.42357,202.41646,0.34559,40972.42357,332.97508,870.00000,34158.81044,1314454.43390,1146.49659,0.03356,1314454.43390,1885.98689,0.01715,0.00970
39580,"Raleigh, NC",20-24,1,Male, 52 ,2860.67026,163632.49167,404.51513,0.14141,163632.49167,665.42739,967.00000,41983.33984,738674.96762,859.46202,0.02047,738674.96762,1413.81503,0.06814,0.01568
39580,"Raleigh, NC",20-24,2,Female, 68 ,3326.45382,278485.49882,527.71725,0.15864,278485.49882,868.09488,933.00000,40190.60607,847986.87958,920.86203,0.02291,847986.87958,1514.81804,0.08277,0.02137
40060,"Richmond, VA",16-19,1,Male, 34 ,1439.09519,69847.67004,264.28710,0.18365,69847.67004,434.75228,958.00000,32848.24783,862200.69605,928.54763,0.02827,862200.69605,1527.46085,0.04381,0.01308
40060,"Richmond, VA",16-19,2,Female, 23 ,1090.63795,64876.43284,254.70853,0.23354,64876.43284,418.99552,898.00000,33021.02850,1128776.09870,1062.43875,0.03217,1128776.09870,1747.71174,0.03303,0.01257
40060,"Richmond, VA",20-24,1,Male, 79 ,3491.30173,163314.96810,404.12247,0.11575,163314.96810,664.78146,1142.00000,43440.76264,732668.37236,855.96050,0.01970,732668.37236,1408.05502,0.08037,0.01508
40060,"Richmond, VA",20-24,2,Female, 81 ,4106.19629,238734.91144,488.60507,0.11899,238734.91144,803.75534,1072.00000,42378.63105,807637.75784,898.68669,0.02121,807637.75784,1478.33960,0.09689,0.01866
40140,"Riverside-San Bernardino-Ontario, CA",16-19,1,Male, 182 ,7504.90907,373379.18042,611.04761,0.08142,373379.18042,1005.17332,3857.00000,144113.77474,2491833.93460,1578.55438,0.01095,2491833.93460,2596.72196,0.05208,0.00691
40140,"Riverside-San Bernardino-Ontario, CA",16-19,2,Female, 201 ,8394.04425,379107.35001,615.71694,0.07335,379107.35001,1012.85437,3477.00000,134982.56748,2163646.49890,1470.93389,0.01090,2163646.49890,2419.68624,0.06219,0.00742
40140,"Riverside-San Bernardino-Ontario, CA",20-24,1,Male, 401 ,18596.14053,918526.52395,958.39789,0.05154,918526.52395,1576.56454,4234.00000,180109.15155,1684895.72920,1298.03533,0.00721,1684895.72920,2135.26813,0.10325,0.00867
40140,"Riverside-San Bernardino-Ontario, CA",20-24,2,Female, 560 ,25261.84701,1366992.32620,1169.18447,0.04628,1366992.32620,1923.30845,3964.00000,170138.52473,1273580.56130,1128.53027,0.00663,1273580.56130,1856.43229,0.14848,0.01119
40380,"Rochester, NY",16-19,1,Male, 39 ,1225.47013,46769.61519,216.26284,0.17647,46769.61519,355.75237,1200.00000,33093.68230,445650.01071,667.57023,0.02017,445650.01071,1098.15303,0.03703,0.01068
40380,"Rochester, NY",16-19,2,Female, 32 ,954.87218,36269.90769,190.44660,0.19945,36269.90769,313.28466,1147.00000,31708.84286,521505.27100,722.15322,0.02277,521505.27100,1187.94204,0.03011,0.00982
40380,"Rochester, NY",20-24,1,Male, 78 ,3257.18525,200744.17414,448.04483,0.13756,200744.17414,737.03375,1345.00000,43060.65671,398168.94515,631.00630,0.01465,398168.94515,1038.00536,0.07564,0.01702
40380,"Rochester, NY",20-24,2,Female, 92 ,3659.69269,190803.91189,436.81107,0.11936,190803.91189,718.55421,1217.00000,40724.12554,553320.94485,743.85546,0.01827,553320.94485,1223.64223,0.08987,0.01744
40900,"Sacramento--Roseville--Arden-Arcade, CA",16-19,1,Male, 60 ,2222.74215,112869.83450,335.96106,0.15115,112869.83450,552.65595,1865.00000,63909.37355,1260006.74170,1122.50022,0.01756,1260006.74170,1846.51286,0.03478,0.00859
40900,"Sacramento--Roseville--Arden-Arcade, CA",16-19,2,Female, 69 ,2633.04918,103512.21790,321.73315,0.12219,103512.21790,529.25103,1807.00000,59250.78209,1485970.50360,1219.00390,0.02057,1485970.50360,2005.26141,0.04444,0.00880
40900,"Sacramento--Roseville--Arden-Arcade, CA",20-24,1,Male, 149 ,8336.82171,484076.60911,695.75614,0.08346,484076.60911,1144.51885,2057.00000,84669.20389,848338.12035,921.05272,0.01088,848338.12035,1515.13173,0.09846,0.01340
40900,"Sacramento--Roseville--Arden-Arcade, CA",20-24,2,Female, 198 ,8995.47604,568352.86221,753.89181,0.08381,568352.86221,1240.15203,1965.00000,82391.38275,900792.07596,949.10067,0.01152,900792.07596,1561.27060,0.10918,0.01491
41180,"St. Louis, MO-IL",16-19,1,Male, 72 ,3115.72067,189102.13721,434.85876,0.13957,189102.13721,715.34265,2040.00000,73317.00854,1608818.57680,1268.39212,0.01730,1608818.57680,2086.50504,0.04250,0.00968
41180,"St. Louis, MO-IL",16-19,2,Female, 67 ,2656.97412,133898.66097,365.92166,0.13772,133898.66097,601.94113,2009.00000,71594.13388,1491545.79740,1221.28858,0.01706,1491545.79740,2009.01972,0.03711,0.00834
41180,"St. Louis, MO-IL",20-24,1,Male, 200 ,10379.20850,767120.93576,875.85440,0.08439,767120.93576,1440.78049,2247.00000,93915.68048,1075696.86120,1037.15807,0.01104,1075696.86120,1706.12502,0.11052,0.01521
41180,"St. Louis, MO-IL",20-24,2,Female, 192 ,9086.02493,504117.51536,710.01233,0.07814,504117.51536,1167.97029,2135.00000,94474.40084,1248425.63100,1117.32969,0.01183,1248425.63100,1838.00734,0.09617,0.01222
41620,"Salt Lake City, UT",16-19,1,Male, 26 ,1080.96918,45701.67712,213.77951,0.19777,45701.67712,351.66729,976.00000,34101.38497,621106.14362,788.10288,0.02311,621106.14362,1296.42923,0.03170,0.01024
41620,"Salt Lake City, UT",16-19,2,Female, 26 ,1159.33542,62529.52957,250.05905,0.21569,62529.52957,411.34714,845.00000,31571.14434,794478.52289,891.33525,0.02823,794478.52289,1466.24648,0.03672,0.01292
41620,"Salt Lake City, UT",20-24,1,Male, 46 ,2723.18132,267595.52474,517.29636,0.18996,267595.52474,850.95251,1007.00000,44492.17163,648588.06290,805.34965,0.01810,648588.06290,1324.80018,0.06121,0.01904
41620,"Salt Lake City, UT",20-24,2,Female, 76 ,4319.89664,249902.28194,499.90227,0.11572,249902.28194,822.33924,964.00000,42603.47091,628883.82330,793.02196,0.01861,628883.82330,1304.52112,0.10140,0.01905
41700,"San Antonio-New Braunfels, TX",16-19,1,Male, 94 ,3621.27256,220826.15434,469.92143,0.12977,220826.15434,773.02076,1883.00000,68154.61494,1582719.01970,1258.06161,0.01846,1582719.01970,2069.51135,0.05313,0.01123
41700,"San Antonio-New Braunfels, TX",16-19,2,Female, 76 ,3132.21720,154828.11352,393.48204,0.12562,154828.11352,647.27795,1702.00000,62474.95144,1022952.97820,1011.41138,0.01619,1022952.97820,1663.77172,0.05014,0.01027
41700,"San Antonio-New Braunfels, TX",20-24,1,Male, 161 ,7263.81916,523081.34330,723.24363,0.09957,523081.34330,1189.73577,2037.00000,87722.48071,988371.92545,994.16896,0.01133,988371.92545,1635.40794,0.08280,0.01347
41700,"San Antonio-New Braunfels, TX",20-24,2,Female, 261 ,10656.53385,543532.48368,737.24656,0.06918,543532.48368,1212.77058,1989.00000,81023.40403,914133.98072,956.10354,0.01180,914133.98072,1572.79032,0.13152,0.01475
41740,"San Diego-Carlsbad, CA",16-19,1,Male, 87 ,3784.00264,175441.25841,418.85709,0.11069,175441.25841,689.01991,2701.00000,95174.70023,2602844.85570,1613.33346,0.01695,2602844.85570,2653.93354,0.03976,0.00715
41740,"San Diego-Carlsbad, CA",16-19,2,Female, 74 ,2891.64413,116503.51728,341.32612,0.11804,116503.51728,561.48146,2289.00000,84063.25201,1801185.16250,1342.08240,0.01597,1801185.16250,2207.72554,0.03440,0.00662
41740,"San Diego-Carlsbad, CA",20-24,1,Male, 167 ,7934.29928,507140.26533,712.13781,0.08975,507140.26533,1171.46670,3678.00000,149736.24841,1411674.77260,1188.13921,0.00793,1411674.77260,1954.48899,0.05299,0.00779
41740,"San Diego-Carlsbad, CA",20-24,2,Female, 239 ,11339.77197,660432.67215,812.67009,0.07167,660432.67215,1336.84230,2939.00000,122005.66198,869692.42834,932.57302,0.00764,869692.42834,1534.08261,0.09294,0.01089
41860,"San Francisco-Oakland-Hayward, CA",16-19,1,Male, 80 ,2955.84296,160619.43446,400.77355,0.13559,160619.43446,659.27248,3106.00000,100785.86983,2434465.78060,1560.27747,0.01548,2434465.78060,2566.65644,0.02933,0.00650
41860,"San Francisco-Oakland-Hayward, CA",16-19,2,Female, 58 ,2316.09428,131665.70972,362.85770,0.15667,131665.70972,596.90091,3014.00000,100965.48592,2170654.73750,1473.31420,0.01459,2170654.73750,2423.60186,0.02294,0.00589
41860,"San Francisco-Oakland-Hayward, CA",20-24,1,Male, 177 ,8622.95718,535680.90646,731.90225,0.08488,535680.90646,1203.97920,3827.00000,147201.60623,1788456.82490,1337.33198,0.00909,1788456.82490,2199.91111,0.05858,0.00813
41860,"San Francisco-Oakland-Hayward, CA",20-24,2,Female, 209 ,9634.43149,444301.64211,666.55956,0.06919,444301.64211,1096.49047,3529.00000,138873.01024,1507515.41540,1227.80919,0.00884,1507515.41540,2019.74612,0.06938,0.00783
41940,"San Jose-Sunnyvale-Santa Clara, CA",16-19,1,Male, 27 ,1132.65482,55647.07700,235.89633,0.20827,55647.07700,388.04946,1542.00000,46350.77887,828065.53990,909.98107,0.01963,828065.53990,1496.91885,0.02444,0.00833
41940,"San Jose-Sunnyvale-Santa Clara, CA",16-19,2,Female, 24 ,770.42077,37444.19553,193.50503,0.25117,37444.19553,318.31577,1338.00000,42575.67930,786203.07519,886.68093,0.02083,786203.07519,1458.59013,0.01810,0.00745
41940,"San Jose-Sunnyvale-Santa Clara, CA",20-24,1,Male, 45 ,1576.81792,60617.60546,246.20643,0.15614,60617.60546,405.00957,1680.00000,61666.82139,984543.32506,992.24157,0.01609,984543.32506,1632.23738,0.02557,0.00653
41940,"San Jose-Sunnyvale-Santa Clara, CA",20-24,2,Female, 60 ,2450.88547,136595.77196,369.58865,0.15080,136595.77196,607.97333,1512.00000,56803.24958,523450.34381,723.49868,0.01274,523450.34381,1190.15533,0.04315,0.01066
42540,"Scranton--Wilkes-Barre--Hazleton, PA",16-19,1,Male, 16 ,576.11166,40858.10063,202.13387,0.35086,40858.10063,332.51021,491.00000,13346.78152,286254.66502,535.02772,0.04009,286254.66502,880.12061,0.04316,0.02475
42540,"Scranton--Wilkes-Barre--Hazleton, PA",16-19,2,Female, 12 ,316.16004,11058.15371,105.15776,0.33261,11058.15371,172.98451,480.00000,12956.36750,358542.56575,598.78424,0.04622,358542.56575,985.00007,0.02440,0.01322
42540,"Scranton--Wilkes-Barre--Hazleton, PA",20-24,1,Male, 42 ,1954.34410,125213.40030,353.85506,0.18106,125213.40030,582.09157,498.00000,16992.12615,259539.13732,509.44984,0.02998,259539.13732,838.04498,0.11501,0.03378
42540,"Scranton--Wilkes-Barre--Hazleton, PA",20-24,2,Female, 39 ,1419.92356,71190.54584,266.81557,0.18791,71190.54584,438.91160,493.00000,17341.91892,314326.63474,560.64841,0.03233,314326.63474,922.26663,0.08188,0.02493
42660,"Seattle-Tacoma-Bellevue, WA",16-19,1,Male, 67 ,2693.83991,155344.87919,394.13815,0.14631,155344.87919,648.35725,2630.00000,89531.29004,1737033.37770,1317.96562,0.01472,1737033.37770,2168.05345,0.03009,0.00720
42660,"Seattle-Tacoma-Bellevue, WA",16-19,2,Female, 72 ,3132.41108,184942.45114,430.04936,0.13729,184942.45114,707.43120,2402.00000,81778.39759,1554355.80440,1246.73807,0.01525,1554355.80440,2050.88412,0.03830,0.00860
42660,"Seattle-Tacoma-Bellevue, WA",20-24,1,Male, 156 ,7146.90960,582224.40033,763.03630,0.10676,582224.40033,1255.19472,2958.00000,124404.15510,1831413.43520,1353.29725,0.01088,1831413.43520,2226.17397,0.05745,0.01004
42660,"Seattle-Tacoma-Bellevue, WA",20-24,2,Female, 187 ,8810.91111,685428.27153,827.90596,0.09396,685428.27153,1361.90530,2797.00000,117052.68077,1796800.44090,1340.44785,0.01145,1796800.44090,2205.03671,0.07527,0.01155
44060,"Spokane-Spokane Valley, WA",16-19,1,Male, 27 ,774.89697,43560.71772,208.71204,0.26934,43560.71772,343.33131,558.00000,15296.90005,331442.26231,575.71022,0.03764,331442.26231,947.04332,0.05066,0.02222
44060,"Spokane-Spokane Valley, WA",16-19,2,Female, 15 ,554.77495,28876.19784,169.92998,0.30630,28876.19784,279.53482,512.00000,14905.54192,288391.44607,537.02090,0.03603,288391.44607,883.39938,0.03722,0.01862
44060,"Spokane-Spokane Valley, WA",20-24,1,Male, 44 ,1541.04304,64020.11253,253.02196,0.16419,64020.11253,416.22113,620.00000,21821.26216,321605.61528,567.10283,0.02599,321605.61528,932.88415,0.07062,0.01883
44060,"Spokane-Spokane Valley, WA",20-24,2,Female, 72 ,2515.29865,126674.82434,355.91407,0.14150,126674.82434,585.47864,573.00000,21703.81466,257538.56726,507.48258,0.02338,257538.56726,834.80884,0.11589,0.02660
44140,"Springfield, MA",16-19,1,Male, 37 ,1554.75326,74460.64681,272.87478,0.17551,74460.64681,448.87902,577.00000,16693.46880,275419.53015,524.80428,0.03144,275419.53015,863.30304,0.09314,0.02645
44140,"Springfield, MA",16-19,2,Female, 18 ,818.69605,65166.45758,255.27722,0.31181,65166.45758,419.93102,658.00000,17909.53446,298568.97063,546.41465,0.03051,298568.97063,898.85210,0.04571,0.02333
44140,"Springfield, MA",20-24,1,Male, 53 ,2668.31475,151071.57368,388.67927,0.14566,151071.57368,639.37740,553.00000,21003.05618,233025.10422,482.72674,0.02298,233025.10422,794.08549,0.12704,0.03006
44140,"Springfield, MA",20-24,2,Female, 51 ,2684.29578,164595.65021,405.70389,0.15114,164595.65021,667.38291,657.00000,23344.72597,349107.97041,590.85359,0.02531,349107.97041,971.95416,0.11499,0.02818
44700,"Stockton-Lodi, CA",16-19,1,Male, 43 ,1551.19446,77902.57794,279.11033,0.17993,77902.57794,459.13650,680.00000,23173.66246,468889.78655,684.75527,0.02955,468889.78655,1126.42243,0.06694,0.01954
44700,"Stockton-Lodi, CA",16-19,2,Female, 39 ,1377.66162,38006.68360,194.95303,0.14151,38006.68360,320.69773,607.00000,20333.10314,382783.82309,618.69526,0.03043,382783.82309,1017.75370,0.06775,0.01540
44700,"Stockton-Lodi, CA",20-24,1,Male, 80 ,3243.00962,193229.06295,439.57828,0.13555,193229.06295,723.10627,719.00000,27724.25449,178164.81967,422.09575,0.01522,178164.81967,694.34750,0.11697,0.02592
44700,"Stockton-Lodi, CA",20-24,2,Female, 96 ,3793.26310,189806.08123,435.66740,0.11485,189806.08123,716.67287,613.00000,25659.53977,162095.58212,402.61096,0.01569,162095.58212,662.29502,0.14783,0.02767
45060,"Syracuse, NY",16-19,1,Male, 21 ,468.87438,9821.35612,99.10276,0.21136,9821.35612,163.02403,886.00000,21341.78457,270775.58325,520.36101,0.02438,270775.58325,855.99387,0.02197,0.00759
45060,"Syracuse, NY",16-19,2,Female, 25 ,741.97448,44585.95509,211.15387,0.28458,44585.95509,347.34811,951.00000,23199.07244,404505.38909,636.00738,0.02742,404505.38909,1046.23214,0.03198,0.01490
45060,"Syracuse, NY",20-24,1,Male, 63 ,2049.55850,98809.27809,314.33943,0.15337,98809.27809,517.08836,970.00000,27237.84500,202788.60101,450.32055,0.01653,202788.60101,740.77731,0.07525,0.01887
45060,"Syracuse, NY",20-24,2,Female, 74 ,2524.25945,128681.52041,358.72207,0.14211,128681.52041,590.09780,970.00000,26729.73405,173521.72876,416.55939,0.01558,173521.72876,685.24020,0.09444,0.02194
45300,"Tampa-St. Petersburg-Clearwater, FL",16-19,1,Male, 107 ,4677.40159,268600.31581,518.26665,0.11080,268600.31581,852.54863,2237.00000,69776.27293,1041559.08210,1020.56802,0.01463,1041559.08210,1678.83439,0.06703,0.01211
45300,"Tampa-St. Petersburg-Clearwater, FL",16-19,2,Female, 100 ,3713.15527,212915.48974,461.42766,0.12427,212915.48974,759.04851,2114.00000,65096.58489,1000647.27650,1000.32359,0.01537,1000647.27650,1645.53230,0.05704,0.01157
45300,"Tampa-St. Petersburg-Clearwater, FL",20-24,1,Male, 242 ,9707.57644,653276.76599,808.25538,0.08326,653276.76599,1329.58011,2488.00000,87438.74713,715772.06225,846.03313,0.00968,715772.06225,1391.72450,0.11102,0.01510
45300,"Tampa-St. Petersburg-Clearwater, FL",20-24,2,Female, 256 ,10311.81121,620227.51088,787.54524,0.07637,620227.51088,1295.51193,2423.00000,88395.84338,539156.35118,734.27267,0.00831,539156.35118,1207.87854,0.11665,0.01457
45780,"Toledo, OH",16-19,1,Male, 16 ,598.98186,40053.04486,200.13257,0.33412,40053.04486,329.21807,571.00000,18581.04307,393627.87222,627.39770,0.03377,393627.87222,1032.06921,0.03224,0.01763
45780,"Toledo, OH",16-19,2,Female, 16 ,606.62133,28201.51328,167.93306,0.27683,28201.51328,276.24989,563.00000,18849.11470,409457.99849,639.88905,0.03395,409457.99849,1052.61749,0.03218,0.01455
45780,"Toledo, OH",20-24,1,Male, 54 ,2619.31147,144237.27563,379.78583,0.14499,144237.27563,624.74769,661.00000,26774.61681,367844.51751,606.50187,0.02265,367844.51751,997.69558,0.09783,0.02305
45780,"Toledo, OH",20-24,2,Female, 81 ,3762.16395,266309.56356,516.05190,0.13717,266309.56356,848.90538,665.00000,27604.67295,343790.44244,586.33646,0.02124,343790.44244,964.52347,0.13629,0.03038
46060,"Tucson, AZ",16-19,1,Male, 39 ,1635.53473,97470.27365,312.20230,0.19089,97470.27365,513.57278,941.00000,28257.07971,746845.02091,864.20196,0.03058,746845.02091,1421.61222,0.05788,0.01794
46060,"Tucson, AZ",16-19,2,Female, 39 ,1762.23756,87422.06277,295.67222,0.16778,87422.06277,486.38080,771.00000,25889.81672,773104.81397,879.26379,0.03396,773104.81397,1446.38894,0.06807,0.01840
46060,"Tucson, AZ",20-24,1,Male, 89 ,3972.42694,341102.62683,584.03992,0.14702,341102.62683,960.74567,1073.00000,44176.35482,535784.99997,731.97336,0.01657,535784.99997,1204.09618,0.08992,0.02161
46060,"Tucson, AZ",20-24,2,Female, 114 ,5902.19883,345675.87193,587.94207,0.09961,345675.87193,967.16470,931.00000,42203.87797,307052.45189,554.12314,0.01313,307052.45189,911.53256,0.13985,0.02272
46140,"Tulsa, OK",16-19,1,Male, 37 ,1129.57817,44581.44999,211.14320,0.18692,44581.44999,347.33056,617.00000,20653.71304,498262.02658,705.87678,0.03418,498262.02658,1161.16730,0.05469,0.01653
46140,"Tulsa, OK",16-19,2,Female, 35 ,1105.97015,48732.08581,220.75345,0.19960,48732.08581,363.13943,571.00000,19428.18305,332730.12619,576.82764,0.02969,332730.12619,948.88147,0.05693,0.01848
46140,"Tulsa, OK",20-24,1,Male, 70 ,2916.61558,199042.57640,446.14188,0.15297,199042.57640,733.90339,725.00000,27783.26668,226712.14775,476.14299,0.01714,226712.14775,783.25522,0.10498,0.02625
46140,"Tulsa, OK",20-24,2,Female, 94 ,3674.16903,125501.18069,354.26146,0.09642,125501.18069,582.76010,660.00000,27221.05833,250240.75426,500.24070,0.01838,250240.75426,822.89595,0.13498,0.02102
46520,"Urban Honolulu, HI",16-19,1,Male, 24 ,741.87804,36793.51535,191.81636,0.25856,36793.51535,315.53791,816.00000,24829.70444,542582.39730,736.60193,0.02967,542582.39730,1211.71017,0.02988,0.01262
46520,"Urban Honolulu, HI",16-19,2,Female, 23 ,686.26785,26061.04835,161.43435,0.23524,26061.04835,265.55950,708.00000,21144.45269,459368.15478,677.76704,0.03205,459368.15478,1114.92677,0.03246,0.01244
46520,"Urban Honolulu, HI",20-24,1,Male, 52 ,2734.03911,167572.69534,409.35644,0.14973,167572.69534,673.39134,1394.00000,46167.59097,698132.32622,835.54313,0.01810,698132.32622,1374.46845,0.05922,0.01448
46520,"Urban Honolulu, HI",20-24,2,Female, 75 ,2705.13563,136135.59569,368.96558,0.13639,136135.59569,606.94837,1028.00000,34651.84008,472446.98409,687.34779,0.01984,472446.98409,1130.68711,0.07807,0.01733
47260,"Virginia Beach-Norfolk-Newport News, VA-NC",16-19,1,Male, 47 ,2179.03334,136749.91321,369.79712,0.16971,136749.91321,608.31627,1499.00000,48877.77757,1429977.72260,1195.81676,0.02447,1429977.72260,1967.11857,0.04458,0.01232
47260,"Virginia Beach-Norfolk-Newport News, VA-NC",16-19,2,Female, 41 ,1798.58183,130269.27111,360.92835,0.20067,130269.27111,593.72713,1382.00000,44337.92984,1352425.59890,1162.93835,0.02623,1352425.59890,1913.03358,0.04057,0.01328
47260,"Virginia Beach-Norfolk-Newport News, VA-NC",20-24,1,Male, 83 ,3989.16566,228077.63626,477.57474,0.11972,228077.63626,785.61045,2136.00000,78849.68246,1583815.84860,1258.49746,0.01596,1583815.84860,2070.22832,0.05059,0.00987
47260,"Virginia Beach-Norfolk-Newport News, VA-NC",20-24,2,Female, 151 ,6634.81222,351913.79203,593.22322,0.08941,351913.79203,975.85220,1794.00000,67628.83150,937877.12413,968.44056,0.01432,937877.12413,1593.08473,0.09811,0.01424
47900,"Washington-Arlington-Alexandria, DC-VA-MD-WV",16-19,1,Male, 88 ,4340.53598,309461.58541,556.29272,0.12816,309461.58541,915.10152,4467.00000,150389.10004,3673191.76680,1916.55727,0.01274,3673191.76680,3152.73671,0.02886,0.00605
47900,"Washington-Arlington-Alexandria, DC-VA-MD-WV",16-19,2,Female, 90 ,4111.13315,244408.62646,494.37701,0.12025,244408.62646,813.25018,4371.00000,146194.59997,3061678.18810,1749.76518,0.01197,3061678.18810,2878.36372,0.02812,0.00554
47900,"Washington-Arlington-Alexandria, DC-VA-MD-WV",20-24,1,Male, 215 ,9386.06921,641325.31144,800.82789,0.08532,641325.31144,1317.36188,5245.00000,193645.19487,3437641.21670,1854.08770,0.00957,3437641.21670,3049.97427,0.04847,0.00676
47900,"Washington-Arlington-Alexandria, DC-VA-MD-WV",20-24,2,Female, 253 ,11506.25474,729090.02459,853.86769,0.07421,729090.02459,1404.61234,5150.00000,187136.58405,2290685.08460,1513.50094,0.00809,2290685.08460,2489.70904,0.06149,0.00746
48620,"Wichita, KS",16-19,1,Male, 14 ,811.88744,65075.55862,255.09912,0.31421,65075.55862,419.63804,466.00000,18000.61496,451498.83860,671.93663,0.03733,451498.83860,1105.33576,0.04510,0.02315
48620,"Wichita, KS",16-19,2,Female, 8 ,474.65904,36028.26775,189.81114,0.39989,36028.26775,312.23932,352.00000,14336.56290,362405.66443,602.00138,0.04199,362405.66443,990.29227,0.03311,0.02166
48620,"Wichita, KS",20-24,1,Male, 23 ,1300.04218,84135.77078,290.06167,0.22312,84135.77078,477.15144,414.00000,20071.61545,345705.64638,587.96739,0.02929,345705.64638,967.20635,0.06477,0.02357
48620,"Wichita, KS",20-24,2,Female, 40 ,2058.33668,153344.38241,391.59211,0.19025,153344.38241,644.16902,406.00000,19431.56398,302994.78589,550.44962,0.02833,302994.78589,905.48963,0.10593,0.03278
49180,"Winston-Salem, NC",16-19,1,Male, 24 ,1321.57809,88246.23186,297.06267,0.22478,88246.23186,488.66810,485.00000,16382.96929,366950.35513,605.76427,0.03698,366950.35513,996.48223,0.08067,0.02942
49180,"Winston-Salem, NC",16-19,2,Female, 17 ,975.53818,58245.30527,241.34064,0.24739,58245.30527,397.00536,495.00000,17736.17809,443473.92648,665.93838,0.03755,443473.92648,1095.46864,0.05500,0.02212
49180,"Winston-Salem, NC",20-24,1,Male, 60 ,3091.60475,195544.49262,442.20413,0.14303,195544.49262,727.42579,507.00000,20825.25651,308181.30197,555.14079,0.02666,308181.30197,913.20661,0.14845,0.03432
49180,"Winston-Salem, NC",20-24,2,Female, 72 ,3404.10813,212467.26178,460.94171,0.13541,212467.26178,758.24912,579.00000,20608.87094,334687.10965,578.52149,0.02807,334687.10965,951.66784,0.16518,0.03599
49340,"Worcester, MA-CT",16-19,1,Male, 16 ,762.55369,41985.49069,204.90361,0.26871,41985.49069,337.06644,929.00000,27678.74644,348626.34696,590.44589,0.02133,348626.34696,971.28349,0.02755,0.01214
49340,"Worcester, MA-CT",16-19,2,Female, 13 ,459.34475,17209.48120,131.18491,0.28559,17209.48120,215.79918,877.00000,26508.62825,448278.31699,669.53590,0.02526,448278.31699,1101.38655,0.01733,0.00811
49340,"Worcester, MA-CT",20-24,1,Male, 44 ,2594.87928,161720.31126,402.14464,0.15498,161720.31126,661.52793,936.00000,33261.79395,344123.87265,586.62072,0.01764,344123.87265,964.99109,0.07801,0.01976
49340,"Worcester, MA-CT",20-24,2,Female, 35 ,1681.81921,68407.52727,261.54833,0.15552,68407.52727,430.24700,830.00000,30717.56430,404928.94746,636.34028,0.02072,404928.94746,1046.77975,0.05475,0.01388
49660,"Youngstown-Warren-Boardman, OH-PA",16-19,1,Male, 20 ,594.08741,29814.55882,172.66893,0.29065,29814.55882,284.04039,510.00000,15136.25038,207639.85006,455.67516,0.03010,207639.85006,749.58564,0.03925,0.01866
49660,"Youngstown-Warren-Boardman, OH-PA",16-19,2,Female, 11 ,357.61060,14264.13520,119.43256,0.33397,14264.13520,196.46655,436.00000,12937.99927,301499.00214,549.08925,0.04244,301499.00214,903.25181,0.02764,0.01506
49660,"Youngstown-Warren-Boardman, OH-PA",20-24,1,Male, 53 ,2124.70867,78292.81231,279.80853,0.13169,78292.81231,460.28503,560.00000,17493.46234,159334.80071,399.16763,0.02282,159334.80071,656.63076,0.12146,0.02591
49660,"Youngstown-Warren-Boardman, OH-PA",20-24,2,Female, 63 ,2418.37850,111092.04015,333.30473,0.13782,111092.04015,548.28627,480.00000,17272.61175,222756.31544,471.97067,0.02732,222756.31544,776.39176,0.14001,0.03111
